INFO: Running with entropic power schedule (0xFF, 100).
INFO: Seed: 479597462
INFO: Loaded 1 modules   (1846 inline 8-bit counters): 1846 [0x5f82ad977e10, 0x5f82ad978546), 
INFO: Loaded 1 PC tables (1846 PCs): 1846 [0x5f82ad978548,0x5f82ad97f8a8), 
INFO:        0 files found in /home/jack/projects/peios/timed/fuzz/corpus/time_wire
INFO: -max_len is not provided; libFuzzer will not generate inputs larger than 4096 bytes
INFO: A corpus is not provided, starting from an empty corpus
#2	INITED cov: 66 ft: 67 corp: 1/1b exec/s: 0 rss: 33Mb
#41	NE#4537	NEW    cov: 198 ft: 248 corp: 2/49b lim: 48 exec/s: 0 rss: 41Mb L: 48/48 MS: 5 InsertRepeatedBytes-ChangeBinInt-InsertRepeatedBytes-CrossOver-CopyPart-
#5018	NEW    cov: 199 ft: 249 corp: 3/97b lim: 48 exec/s: 0 rss: 41Mb L: 48/48 MS: 1 ChangeBit-
	NEW_FUNC[1/2]: 0x563d20810d60  (/home/jack/projects/peios/timed/fuzz/target/x86_64-unknown-linux-gnu/release/source_accept+0x161d60) (BuildId: bd9ec663c37a1cb7b357e7c5499eebec26e0726d)
	NEW_FUNC[2/2]: 0x563d2081d9c0  (/home/jack/projects/peios/timed/fuzz/target/x86_64-unknown-linux-gnu/release/source_accept+0x16e9c0) (BuildId: bd9ec663c37a1cb7b357e7c5499eebec26e0726d)
#5538	NEW    cov: 214 ft: 267 corp: 4/150b lim: 53 exec/s: 0 rss: 41Mb L: 53/53 MS: 5 ChangeByte-CopyPart-ChangeBit-InsertRepeatedBytes-InsertRepeatedBytes-
#5539	NEW    cov: 216 ft: 269 corp: 5/202b lim: 53 exec/s: 0 rss: 41Mb L: 52/53 MS: 1 InsertRepeatedBytes-
#5896	REDUCE cov: 216 ft: 269 corp: 5/200b lim: 53 exec/s: 0 rss: 42Mb L: 51/52 MS: 2 EraseBytes-InsertRepeatedBytes-
#6959	REDUCE cov: 216 ft: 269 corp: 5/198b lim: 63 exec/s: 0 rss: 42Mb L: 49/52 MS: 3 ShuffleBytes-ChangeBinInt-EraseBytes-
#7465	NEW    cov: 221 ft: 274 corp: 6/262b lim: 68 exec/s: 0 rss: 42Mb L: 64/64 MS: 1 CrossOver-
#7513	REDUCE cov: 222 ft: 275 corp: 7/326b lim: 68 exec/s: 0 rss: 42Mb L: 64/64 MS: 3 ChangeBinInt-ChangeBit-CopyPart-
#7552	NEW    cov: 225 ft: 278 corp: 8/394b lim: 68 exec/s: 0 rss: 42Mb L: 68/68 MS: 4 CrossOver-EraseBytes-CrossOver-InsertRepeatedBytes-
#7697	REDUCE cov: 226 ft: 279 corp: 9/461b lim: 68 exec/s: 0 rss: 42Mb L: 67/68 MS: 5 CrossOver-ChangeByte-CopyPart-ChangeBit-InsertRepeatedBytes-
#8208	REDUCE cov: 226 ft: 279 corp: 9/458b lim: 68 exec/s: 0 rss: 43Mb L: 64/68 MS: 1 EraseBytes-
#8377	REDUCE cov: 227 ft: 280 corp: 10/526b lim: 68 exec/s: 0 rss: 43Mb L: 68/68 MS: 4 ChangeByte-CrossOver-InsertByte-InsertRepeatedBytes-
#9099	NEW    cov: 228 ft: 281 corp: 11/598b lim: 74 exec/s: 0 rss: 43Mb L: 72/72 MS: 2 CMP-CMP- DE: "\001\000"-"\000\000\000\000\000\000\000\000"-
	NEW_FUNC[1/2]: 0x563d20819670  (/home/jack/projects/peios/timed/fuzz/target/x86_64-unknown-linux-gnu/release/source_accept+0x16a670) (BuildId: bd9ec663c37a1cb7b357e7c5499eebec26e0726d)
	NEW_FUNC[2/2]: 0x563d20819800  (/home/jack/projects/peios/timed/fuzz/target/x86_64-unknown-linux-gnu/release/source_accept+0x16a800) (BuildId: bd9ec663c37a1cb7b357e7c5499eebec26e0726d)
#10280	NEW    cov: 245 ft: 299 corp: 12/675b lim: 80 exec/s: 0 rss: 44Mb L: 77/77 MS: 1 InsertRepeatedBytes-
#11161	NEW    cov: 245 ft: 303 corp: 13/760b lim: 86 exec/s: 0 rss: 44Mb L: 85/85 MS: 1 PersAutoDict- DE: "\000\000\000\000\000\000\000\000"-
#13196	REDUCE cov: 245 ft: 303 corp: 13/740b lim: 104 exec/s: 0 rss: 45Mb L: 48/85 MS: 5 CrossOver-ChangeBinInt-InsertRepeatedBytes-InsertByte-PersAutoDict- DE: "\000\000\000\000\000\000\000\000"-
#19742	NEW    cov: 255 ft: 313 corp: 14/828b lim: 163 exec/s: 0 rss: 48Mb L: 88/88 MS: 1 InsertRepeatedBytes-
#22235	REDUCE cov: 255 ft: 313 corp: 14/823b lim: 184 exec/s: 0 rss: 50Mb L: 80/88 MS: 3 ChangeByte-ChangeBinInt-EraseBytes-
#26136	REDUCE cov: 255 ft: 313 corp: 14/815b lim: 219 exec/s: 0 rss: 52Mb L: 69/88 MS: 1 EraseBytes-
#28124	REDUCE cov: 257 ft: 318 corp: 15/944b lim: 233 exec/s: 0 rss: 53Mb L: 129/129 MS: 3 ChangeBit-ChangeBinInt-CrossOver-
#30001	REDUCE cov: 257 ft: 318 corp: 15/941b lim: 247 exec/s: 0 rss: 54Mb L: 126/126 MS: 2 ChangeByte-CrossOver-
#32724	REDUCE cov: 257 ft: 318 corp: 15/917b lim: 269 exec/s: 0 rss: 55Mb L: 64/126 MS: 3 CopyPart-InsertByte-CrossOver-
#36635	REDUCE cov: 257 ft: 318 corp: 15/911b lim: 301 exec/s: 0 rss: 57Mb L: 120/120 MS: 1 EraseBytes-
#40761	REDUCE cov: 257 ft: 318 corp: 15/896b lim: 341 exec/s: 0 rss: 59Mb L: 105/105 MS: 1 EraseBytes-
#43982	REDUCE cov: 257 ft: 318 corp: 15/887b lim: 373 exec/s: 0 rss: 61Mb L: 96/96 MS: 1 EraseBytes-
#44208	REDUCE cov: 259 ft: 324 corp: 16/967b lim: 373 exec/s: 0 rss: 61Mb L: 80/96 MS: 1 CopyPart-
#44514	REDUCE cov: 259 ft: 336 corp: 17/1099b lim: 373 exec/s: 0 rss: 62Mb L: 132/132 MS: 1 CopyPart-
#44815	NEW    cov: 259 ft: 339 corp: 18/1287b lim: 373 exec/s: 0 rss: 62Mb L: 188/188 MS: 1 InsertRepeatedBytes-
#50283	REDUCE cov: 259 ft: 339 corp: 18/1272b lim: 421 exec/s: 0 rss: 65Mb L: 81/188 MS: 3 ChangeBinInt-ChangeBit-EraseBytes-
#52444	REDUCE cov: 259 ft: 339 corp: 18/1269b lim: 437 exec/s: 0 rss: 66Mb L: 66/188 MS: 1 EraseBytes-
#91697	REDUCE cov: 259 ft: 339 corp: 18/1261b lim: 823 exec/s: 0 rss: 88Mb L: 180/180 MS: 3 ChangeBit-ChangeBit-EraseBytes-
#96672	REDUCE cov: 259 ft: 339 corp: 18/1250b lim: 868 exec/s: 0 rss: 90Mb L: 169/169 MS: 5 ShuffleBytes-ShuffleBytes-ChangeByte-ShuffleBytes-EraseBytes-
#104123	REDUCE cov: 259 ft: 339 corp: 18/1209b lim: 940 exec/s: 0 rss: 94Mb L: 128/132 MS: 1 EraseBytes-
#112583	RELOAD cov: 259 ft: 345 corp: 19/1329b lim: 1021 exec/s: 112583 rss: 100Mb
#122845	REDUCE cov: 259 ft: 345 corp: 19/1328b lim: 1120 exec/s: 122845 rss: 106Mb L: 65/132 MS: 2 CopyPart-EraseBytes-
#126576	REDUCE cov: 259 ft: 345 corp: 19/1304b lim: 1150 exec/s: 126576 rss: 108Mb L: 96/132 MS: 1 EraseBytes-
#202204	REDUCE cov: 261 ft: 358 corp: 20/1465b lim: 1900 exec/s: 202204 rss: 150Mb L: 161/161 MS: 3 ShuffleBytes-ChangeBinInt-CrossOver-
#232421	REDUCE cov: 261 ft: 358 corp: 20/1464b lim: 2193 exec/s: 116210 rss: 168Mb L: 127/161 MS: 1 EraseBytes-
#262144	pulse  cov: 261 ft: 358 corp: 20/1464b lim: 2479 exec/s: 131072 rss: 184Mb
#299152	REDUCE cov: 261 ft: 358 corp: 20/1450b lim: 2853 exec/s: 149576 rss: 205Mb L: 147/147 MS: 1 EraseBytes-
#335099	REDUCE cov: 261 ft: 360 corp: 21/1598b lim: 3205 exec/s: 167549 rss: 225Mb L: 148/148 MS: 2 ChangeBit-InsertByte-
#352253	RELOAD cov: 261 ft: 367 corp: 22/1805b lim: 3370 exec/s: 117417 rss: 235Mb
#363997	REDUCE cov: 261 ft: 367 corp: 22/1790b lim: 3491 exec/s: 121332 rss: 242Mb L: 192/192 MS: 4 ChangeBit-ShuffleBytes-CopyPart-CrossOver-
#396405	REDUCE cov: 261 ft: 367 corp: 22/1787b lim: 3810 exec/s: 132135 rss: 261Mb L: 124/192 MS: 3 ChangeByte-ShuffleBytes-EraseBytes-
#433503	REDUCE cov: 261 ft: 371 corp: 23/1963b lim: 4096 exec/s: 144501 rss: 283Mb L: 176/192 MS: 3 CopyPart-ChangeByte-EraseBytes-
#517238	NEW    cov: 261 ft: 374 corp: 24/2160b lim: 4096 exec/s: 129309 rss: 336Mb L: 197/197 MS: 3 CMP-ChangeBit-CopyPart- DE: "\001\000\000\000"-
#523265	REDUCE cov: 261 ft: 374 corp: 24/2159b lim: 4096 exec/s: 130816 rss: 340Mb L: 191/197 MS: 2 CrossOver-EraseBytes-
#524288	pulse  cov: 261 ft: 374 corp: 24/2159b lim: 4096 exec/s: 131072 rss: 340Mb
#532456	REDUCE cov: 261 ft: 374 corp: 24/2156b lim: 4096 exec/s: 133114 rss: 346Mb L: 194/194 MS: 1 EraseBytes-
#558518	REDUCE cov: 261 ft: 374 corp: 24/2151b lim: 4096 exec/s: 139629 rss: 363Mb L: 119/194 MS: 2 ChangeBit-EraseBytes-
#580420	REDUCE cov: 261 ft: 374 corp: 24/2150b lim: 4096 exec/s: 116084 rss: 378Mb L: 146/194 MS: 1 EraseBytes-
#581169	NEW    cov: 261 ft: 375 corp: 25/2379b lim: 4096 exec/s: 116233 rss: 378Mb L: 229/229 MS: 4 PersAutoDict-ChangeBinInt-ChangeBinInt-CopyPart- DE: "\001\000"-
#593948	NEW    cov: 261 ft: 377 corp: 26/2611b lim: 4096 exec/s: 118789 rss: 387Mb L: 232/232 MS: 4 InsertByte-ChangeBit-InsertByte-InsertByte-
#599770	REDUCE cov: 261 ft: 377 corp: 26/2606b lim: 4096 exec/s: 119954 rss: 391Mb L: 114/232 MS: 2 PersAutoDict-EraseBytes- DE: "\000\000\000\000\000\000\000\000"-
#603266	REDUCE cov: 261 ft: 377 corp: 26/2590b lim: 4096 exec/s: 120653 rss: 393Mb L: 216/229 MS: 1 EraseBytes-
#633788	REDUCE cov: 261 ft: 377 corp: 26/2570b lim: 4096 exec/s: 126757 rss: 414Mb L: 128/229 MS: 2 InsertByte-EraseBytes-
#637530	REDUCE cov: 261 ft: 377 corp: 26/2569b lim: 4096 exec/s: 127506 rss: 416Mb L: 145/229 MS: 2 PersAutoDict-EraseBytes- DE: "\000\000\000\000\000\000\000\000"-
#803222	REDUCE cov: 261 ft: 377 corp: 26/2549b lim: 4096 exec/s: 114746 rss: 504Mb L: 112/229 MS: 3 ChangeBinInt-ChangeBinInt-EraseBytes-
#1030699	REDUCE cov: 261 ft: 377 corp: 26/2548b lim: 4096 exec/s: 114522 rss: 525Mb L: 113/229 MS: 3 PersAutoDict-ChangeBit-EraseBytes- DE: "\000\000\000\000\000\000\000\000"-
#1048576	pulse  cov: 261 ft: 377 corp: 26/2548b lim: 4096 exec/s: 116508 rss: 526Mb
#1158853	REDUCE cov: 261 ft: 394 corp: 27/3211b lim: 4096 exec/s: 105350 rss: 531Mb L: 663/663 MS: 3 CrossOver-CrossOver-CopyPart-
#1166604	REDUCE cov: 261 ft: 394 corp: 27/3207b lim: 4096 exec/s: 106054 rss: 532Mb L: 212/663 MS: 1 EraseBytes-
#1170060	REDUCE cov: 261 ft: 394 corp: 27/3124b lim: 4096 exec/s: 106369 rss: 533Mb L: 580/580 MS: 1 EraseBytes-
#1180879	REDUCE cov: 261 ft: 394 corp: 27/3079b lim: 4096 exec/s: 107352 rss: 533Mb L: 535/535 MS: 4 ChangeBit-ChangeBit-ChangeByte-EraseBytes-
#1230140	REDUCE cov: 261 ft: 394 corp: 27/2968b lim: 4096 exec/s: 111830 rss: 534Mb L: 424/424 MS: 1 EraseBytes-
#1238046	REDUCE cov: 261 ft: 394 corp: 27/2878b lim: 4096 exec/s: 112549 rss: 534Mb L: 334/334 MS: 1 EraseBytes-
#1479861	REDUCE cov: 261 ft: 394 corp: 27/2877b lim: 4096 exec/s: 105704 rss: 535Mb L: 333/333 MS: 2 ShuffleBytes-EraseBytes-
#1618318	REDUCE cov: 261 ft: 394 corp: 27/2868b lim: 4096 exec/s: 101144 rss: 535Mb L: 182/333 MS: 1 EraseBytes-
#2045180	REDUCE cov: 261 ft: 395 corp: 28/3491b lim: 4096 exec/s: 97389 rss: 535Mb L: 623/623 MS: 2 ChangeBinInt-CopyPart-
#2069204	NEW    cov: 261 ft: 401 corp: 29/4275b lim: 4096 exec/s: 98533 rss: 535Mb L: 784/784 MS: 4 ShuffleBytes-InsertRepeatedBytes-PersAutoDict-InsertRepeatedBytes- DE: "\001\000"-
#2071690	REDUCE cov: 261 ft: 401 corp: 29/4080b lim: 4096 exec/s: 98651 rss: 535Mb L: 428/784 MS: 1 EraseBytes-
#2097152	pulse  cov: 261 ft: 401 corp: 29/4080b lim: 4096 exec/s: 95325 rss: 535Mb
#2183643	REDUCE cov: 261 ft: 401 corp: 29/4065b lim: 4096 exec/s: 94941 rss: 535Mb L: 413/784 MS: 1 EraseBytes-
#2195125	REDUCE cov: 261 ft: 401 corp: 29/4064b lim: 4096 exec/s: 95440 rss: 535Mb L: 193/784 MS: 2 ChangeBinInt-EraseBytes-
#2216081	REDUCE cov: 261 ft: 401 corp: 29/4048b lim: 4096 exec/s: 96351 rss: 535Mb L: 397/784 MS: 1 EraseBytes-
#2219773	REDUCE cov: 261 ft: 401 corp: 29/4032b lim: 4096 exec/s: 96511 rss: 535Mb L: 381/784 MS: 2 ShuffleBytes-EraseBytes-
#2504420	REDUCE cov: 261 ft: 409 corp: 30/4644b lim: 4096 exec/s: 96323 rss: 535Mb L: 612/784 MS: 2 ChangeBit-CopyPart-
#3646446	REDUCE cov: 261 ft: 409 corp: 30/4641b lim: 4096 exec/s: 93498 rss: 535Mb L: 179/784 MS: 2 ChangeBit-EraseBytes-
#3946689	REDUCE cov: 261 ft: 409 corp: 30/4638b lim: 4096 exec/s: 93968 rss: 535Mb L: 378/784 MS: 1 EraseBytes-
#4194304	pulse  cov: 261 ft: 409 corp: 30/4638b lim: 4096 exec/s: 93206 rss: 535Mb
#4508662	REDUCE cov: 261 ft: 409 corp: 30/4631b lim: 4096 exec/s: 93930 rss: 535Mb L: 326/784 MS: 1 EraseBytes-
#4711794	REDUCE cov: 261 ft: 409 corp: 30/4615b lim: 4096 exec/s: 94235 rss: 535Mb L: 596/784 MS: 1 EraseBytes-
#4729675	REDUCE cov: 261 ft: 409 corp: 30/4610b lim: 4096 exec/s: 94593 rss: 535Mb L: 373/784 MS: 1 EraseBytes-
#5022307	REDUCE cov: 261 ft: 409 corp: 30/4606b lim: 4096 exec/s: 93005 rss: 535Mb L: 780/780 MS: 2 CMP-EraseBytes- DE: "~\377\377\377\377\377\377\370"-
#5790447	REDUCE cov: 261 ft: 409 corp: 30/4605b lim: 4096 exec/s: 89083 rss: 535Mb L: 178/780 MS: 4 PersAutoDict-ChangeBit-ShuffleBytes-EraseBytes- DE: "~\377\377\377\377\377\377\370"-
#6144869	REDUCE cov: 261 ft: 409 corp: 30/4604b lim: 4096 exec/s: 89056 rss: 535Mb L: 177/780 MS: 1 EraseBytes-
#6609586	RELOAD cov: 261 ft: 413 corp: 31/5718b lim: 4096 exec/s: 86968 rss: 535Mb
#6631044	NEW    cov: 261 ft: 416 corp: 32/7173b lim: 4096 exec/s: 87250 rss: 535Mb L: 1455/1455 MS: 3 ChangeBit-CopyPart-CopyPart-
#6658340	REDUCE cov: 261 ft: 416 corp: 32/7170b lim: 4096 exec/s: 87609 rss: 535Mb L: 226/1455 MS: 1 EraseBytes-
#6676778	REDUCE cov: 261 ft: 416 corp: 32/7167b lim: 4096 exec/s: 86711 rss: 535Mb L: 1452/1452 MS: 3 ChangeBit-InsertByte-EraseBytes-
#6719401	REDUCE cov: 261 ft: 416 corp: 32/6956b lim: 4096 exec/s: 87264 rss: 535Mb L: 1241/1241 MS: 3 InsertRepeatedBytes-ChangeByte-EraseBytes-
#6767543	REDUCE cov: 261 ft: 418 corp: 33/9116b lim: 4096 exec/s: 86763 rss: 535Mb L: 2160/2160 MS: 1 CopyPart-
#6772475	REDUCE cov: 261 ft: 418 corp: 33/8782b lim: 4096 exec/s: 86826 rss: 535Mb L: 1826/1826 MS: 2 ShuffleBytes-EraseBytes-
#6799467	REDUCE cov: 261 ft: 418 corp: 33/8558b lim: 4096 exec/s: 87172 rss: 535Mb L: 1602/1602 MS: 2 PersAutoDict-EraseBytes- DE: "\001\000"-
#6839990	REDUCE cov: 261 ft: 418 corp: 33/8501b lim: 4096 exec/s: 86582 rss: 535Mb L: 1545/1545 MS: 1 EraseBytes-
#7159063	REDUCE cov: 261 ft: 418 corp: 33/8422b lim: 4096 exec/s: 86253 rss: 547Mb L: 1162/1545 MS: 4 PersAutoDict-ChangeBinInt-ChangeByte-EraseBytes- DE: "\001\000"-
#7211475	REDUCE cov: 261 ft: 418 corp: 33/8361b lim: 4096 exec/s: 85850 rss: 547Mb L: 1101/1545 MS: 1 EraseBytes-
#7279354	REDUCE cov: 261 ft: 418 corp: 33/8210b lim: 4096 exec/s: 85639 rss: 547Mb L: 1394/1394 MS: 4 ChangeBit-ChangeBinInt-PersAutoDict-EraseBytes- DE: "~\377\377\377\377\377\377\370"-
#7322255	REDUCE cov: 261 ft: 418 corp: 33/8172b lim: 4096 exec/s: 86144 rss: 547Mb L: 1356/1356 MS: 1 EraseBytes-
#7406882	REDUCE cov: 261 ft: 418 corp: 33/8140b lim: 4096 exec/s: 86126 rss: 547Mb L: 1324/1324 MS: 2 CopyPart-EraseBytes-
#7445400	REDUCE cov: 261 ft: 418 corp: 33/8059b lim: 4096 exec/s: 86574 rss: 547Mb L: 1243/1243 MS: 3 ChangeByte-ShuffleBytes-EraseBytes-
#8005794	REDUCE cov: 261 ft: 418 corp: 33/8052b lim: 4096 exec/s: 86083 rss: 547Mb L: 1094/1243 MS: 2 CMP-EraseBytes- DE: "\000\000"-
#8038370	REDUCE cov: 261 ft: 418 corp: 33/8040b lim: 4096 exec/s: 86434 rss: 547Mb L: 1102/1243 MS: 1 EraseBytes-
#8388608	pulse  cov: 261 ft: 418 corp: 33/8040b lim: 4096 exec/s: 85598 rss: 547Mb
#8869145	REDUCE cov: 261 ft: 418 corp: 33/8021b lim: 4096 exec/s: 85280 rss: 547Mb L: 1224/1224 MS: 4 ChangeBinInt-ShuffleBytes-ChangeBit-EraseBytes-
#9173712	REDUCE cov: 261 ft: 418 corp: 33/7971b lim: 4096 exec/s: 85735 rss: 547Mb L: 1174/1174 MS: 2 ChangeByte-EraseBytes-
#9338603	REDUCE cov: 261 ft: 418 corp: 33/7965b lim: 4096 exec/s: 85675 rss: 547Mb L: 1088/1174 MS: 1 EraseBytes-
#9371441	REDUCE cov: 261 ft: 418 corp: 33/7960b lim: 4096 exec/s: 85976 rss: 547Mb L: 1097/1174 MS: 3 ChangeBinInt-PersAutoDict-CrossOver- DE: "\000\000\000\000\000\000\000\000"-
#10235472	REDUCE cov: 261 ft: 418 corp: 33/7953b lim: 4096 exec/s: 86012 rss: 547Mb L: 1090/1174 MS: 3 CMP-ChangeByte-EraseBytes- DE: "\000\000t\237#B\026\000"-
#10761454	REDUCE cov: 261 ft: 418 corp: 33/7933b lim: 4096 exec/s: 86785 rss: 547Mb L: 192/1174 MS: 1 EraseBytes-
#12008570	REDUCE cov: 261 ft: 418 corp: 33/7927b lim: 4096 exec/s: 87653 rss: 547Mb L: 1084/1174 MS: 1 EraseBytes-
#12199073	REDUCE cov: 261 ft: 418 corp: 33/7923b lim: 4096 exec/s: 87763 rss: 547Mb L: 322/1174 MS: 2 ChangeBinInt-EraseBytes-
#14005006	REDUCE cov: 261 ft: 418 corp: 33/7921b lim: 4096 exec/s: 86987 rss: 547Mb L: 224/1174 MS: 1 EraseBytes-
#14180834	REDUCE cov: 261 ft: 418 corp: 33/7910b lim: 4096 exec/s: 86998 rss: 547Mb L: 1077/1174 MS: 2 ChangeBit-EraseBytes-
#16777216	pulse  cov: 261 ft: 418 corp: 33/7910b lim: 4096 exec/s: 85163 rss: 547Mb
#17807211	REDUCE cov: 261 ft: 418 corp: 33/7908b lim: 4096 exec/s: 86025 rss: 547Mb L: 371/1174 MS: 1 EraseBytes-
#23205124	REDUCE cov: 261 ft: 418 corp: 33/7902b lim: 4096 exec/s: 86586 rss: 547Mb L: 1078/1174 MS: 2 ChangeByte-EraseBytes-
#23368311	RELOAD cov: 261 ft: 424 corp: 34/10050b lim: 4096 exec/s: 86229 rss: 547Mb
#29052240	REDUCE cov: 261 ft: 424 corp: 34/10049b lim: 4096 exec/s: 85197 rss: 547Mb L: 1077/2148 MS: 4 ChangeBinInt-ChangeBit-PersAutoDict-EraseBytes- DE: "\001\000\000\000"-
#30050405	REDUCE cov: 261 ft: 424 corp: 34/10044b lim: 4096 exec/s: 85370 rss: 547Mb L: 1072/2148 MS: 4 ChangeBinInt-ChangeBinInt-ChangeByte-EraseBytes-
#32533177	REDUCE cov: 261 ft: 424 corp: 34/10043b lim: 4096 exec/s: 85839 rss: 547Mb L: 370/2148 MS: 1 EraseBytes-
#33554432	pulse  cov: 261 ft: 424 corp: 34/10043b lim: 4096 exec/s: 86258 rss: 547Mb
==25266== libFuzzer: run interrupted; exiting
p: 46/11985b lim: 4096 exec/s: 250965 rss: 542Mb L: 100/1499 MS: 3 ChangeBinInt-CopyPart-EraseBytes-
#3055549	REDUCE cov: 235 ft: 467 corp: 46/11965b lim: 4096 exec/s: 254629 rss: 542Mb L: 80/1499 MS: 3 ChangeByte-ChangeBinInt-EraseBytes-
#3076667	REDUCE cov: 235 ft: 467 corp: 46/11964b lim: 4096 exec/s: 256388 rss: 542Mb L: 177/1499 MS: 3 ChangeBinInt-PersAutoDict-EraseBytes- DE: "\377\377\377\377\377\377\377,"-
#3148593	REDUCE cov: 235 ft: 467 corp: 46/11962b lim: 4096 exec/s: 262382 rss: 542Mb L: 669/1499 MS: 1 EraseBytes-
#3173967	REDUCE cov: 235 ft: 467 corp: 46/11961b lim: 4096 exec/s: 264497 rss: 542Mb L: 176/1499 MS: 4 ChangeBit-ChangeBinInt-ShuffleBytes-EraseBytes-
#3261744	RELOAD cov: 235 ft: 488 corp: 47/13285b lim: 4096 exec/s: 250903 rss: 542Mb
#3551345	NEW    cov: 235 ft: 489 corp: 48/14209b lim: 4096 exec/s: 253667 rss: 542Mb L: 924/1499 MS: 3 EraseBytes-InsertRepeatedBytes-CrossOver-
#3643970	REDUCE cov: 235 ft: 489 corp: 48/14206b lim: 4096 exec/s: 260283 rss: 542Mb L: 179/1499 MS: 5 ChangeBit-CrossOver-CrossOver-ChangeByte-EraseBytes-
#3795366	REDUCE cov: 235 ft: 489 corp: 48/14174b lim: 4096 exec/s: 253024 rss: 542Mb L: 520/1499 MS: 2 EraseBytes-PersAutoDict- DE: "\000\000"-
#3827778	REDUCE cov: 235 ft: 489 corp: 48/14142b lim: 4096 exec/s: 255185 rss: 542Mb L: 928/1499 MS: 2 CrossOver-EraseBytes-
#3859240	REDUCE cov: 235 ft: 489 corp: 48/14118b lim: 4096 exec/s: 257282 rss: 542Mb L: 904/1499 MS: 2 ShuffleBytes-EraseBytes-
#4194304	pulse  cov: 235 ft: 489 corp: 48/14118b lim: 4096 exec/s: 246723 rss: 542Mb
#4397035	RELOAD cov: 235 ft: 491 corp: 49/15774b lim: 4096 exec/s: 231422 rss: 542Mb
#4656421	REDUCE cov: 235 ft: 491 corp: 49/15758b lim: 4096 exec/s: 232821 rss: 542Mb L: 148/1656 MS: 1 EraseBytes-
#4845955	REDUCE cov: 235 ft: 491 corp: 49/15757b lim: 4096 exec/s: 220270 rss: 542Mb L: 764/1656 MS: 4 ChangeBinInt-ChangeBit-EraseBytes-InsertByte-
#5094980	REDUCE cov: 235 ft: 491 corp: 49/15725b lim: 4096 exec/s: 221520 rss: 542Mb L: 176/1656 MS: 5 ChangeBit-CopyPart-PersAutoDict-CopyPart-CrossOver- DE: "\377\377"-
#5217718	REDUCE cov: 235 ft: 491 corp: 49/15710b lim: 4096 exec/s: 217404 rss: 542Mb L: 161/1656 MS: 3 CrossOver-ShuffleBytes-EraseBytes-
#5627739	REDUCE cov: 235 ft: 491 corp: 49/15708b lim: 4096 exec/s: 216451 rss: 542Mb L: 241/1656 MS: 1 CrossOver-
#6046650	REDUCE cov: 235 ft: 491 corp: 49/15706b lim: 4096 exec/s: 215951 rss: 542Mb L: 177/1656 MS: 1 EraseBytes-
#6177546	REDUCE cov: 235 ft: 491 corp: 49/15702b lim: 4096 exec/s: 205918 rss: 542Mb L: 476/1656 MS: 1 EraseBytes-
#6180923	REDUCE cov: 235 ft: 491 corp: 49/15701b lim: 4096 exec/s: 206030 rss: 542Mb L: 96/1656 MS: 2 ChangeByte-EraseBytes-
#6292896	REDUCE cov: 235 ft: 491 corp: 49/15697b lim: 4096 exec/s: 209763 rss: 542Mb L: 173/1656 MS: 3 EraseBytes-ShuffleBytes-CrossOver-
#6311737	REDUCE cov: 235 ft: 491 corp: 49/15691b lim: 4096 exec/s: 203604 rss: 542Mb L: 167/1656 MS: 1 EraseBytes-
#6374473	REDUCE cov: 235 ft: 491 corp: 49/15686b lim: 4096 exec/s: 205628 rss: 542Mb L: 162/1656 MS: 1 EraseBytes-
#6720677	REDUCE cov: 235 ft: 491 corp: 49/15685b lim: 4096 exec/s: 203656 rss: 542Mb L: 161/1656 MS: 1 EraseBytes-
#6733758	NEW    cov: 235 ft: 493 corp: 50/18Kb lim: 4096 exec/s: 204053 rss: 542Mb L: 3004/3004 MS: 1 CopyPart-
#6839260	REDUCE cov: 235 ft: 493 corp: 50/18Kb lim: 4096 exec/s: 201154 rss: 542Mb L: 160/3004 MS: 1 EraseBytes-
#6874976	REDUCE cov: 235 ft: 493 corp: 50/18Kb lim: 4096 exec/s: 202205 rss: 542Mb L: 307/3004 MS: 1 EraseBytes-
#6912613	REDUCE cov: 235 ft: 493 corp: 50/17Kb lim: 4096 exec/s: 203312 rss: 542Mb L: 2748/2748 MS: 2 ChangeByte-EraseBytes-
#7435704	REDUCE cov: 235 ft:#3803627	REDUCE cov: 223 ft: 395 corp: 37/3059b lim: 4096 exec/s: 86446 rss: 511Mb L: 106/356 MS: 5 EraseBytes-ChangeByte-ShuffleBytes-InsertByte-ChangeBinInt-
#3815085	REDUCE cov: 223 ft: 395 corp: 37/3058b lim: 4096 exec/s: 86706 rss: 511Mb L: 105/356 MS: 3 EraseBytes-ChangeByte-InsertByte-
#4194304	pulse  cov: 223 ft: 395 corp: 37/3058b lim: 4096 exec/s: 87381 rss: 511Mb
#4348456	REDUCE cov: 223 ft: 395 corp: 37/3052b lim: 4096 exec/s: 88744 rss: 511Mb L: 42/356 MS: 3 ChangeBit-CMP-EraseBytes- DE: "\000\000\000\000\000\000\000("-
#4450077	REDUCE cov: 223 ft: 395 corp: 37/3050b lim: 4096 exec/s: 89001 rss: 511Mb#10835434	REDUCE cov: 235 ft:#6336691	REDUCE cov: 223 ft: 395 corp: 37/3046b lim: 4096 exec/s: 85630 rss: 511Mb L: 112/356 MS: 4 CopyPart-InsertByte-ChangeBit-EraseBytes-
#7174439	REDUCE cov: 223 ft: 395 corp: 37/3043b lim: 4096 exec/s: 85409 rss: 511Mb L: 93/356 MS: 2 EraseBytes-ChangeBinInt-
#7181430	REDUCE cov: 223 ft: 395 corp: 37/3038b lim: 4096 exec/s: 85493 rss: 511Mb L: 88/356 MS: 1 Eras#1507836#7584955	REDUCE cov: 223 ft: 395 corp: 37/3037b lim: 4096 exec/s: 86192 rss: 511Mb L: 151/356 MS: 3 CrossOver-EraseBytes-ChangeBinInt-
#7587874	REDUCE cov: 223 ft: 395 corp: 37/3030b lim: 4096 exec/s: 86225 rss: 511Mb L: #15486076	REDUCE cov: 235 ft: 496 corp: 52/22Kb lim: 4096 exec/s: 1759#8388608	pulse  cov: 223 ft: 395 corp: 37/3030b lim: 4096 exec/s: 85598 rss: 511Mb
#11460758	REDUCE cov: 223 ft: 395 corp: 37/3027b lim: 4096 exec/s: 84894 rss: 511Mb L: 109/356 MS: 3 InsertByte-ChangeBit-EraseBytes-
#11479224	REDUCE cov: 223 ft: 395 corp: 37/3026b lim: 4096 exec/s: 85031 rss: 511Mb L: 108/356 MS: 1 EraseBytes-
#12086306	REDUCE cov: 223 ft: 395 corp: 37/3017b lim: 4096 exec/s: 85718 rss: 511Mb L: 187/356 MS: 5 ChangeBinInt-ShuffleBytes-EraseBytes-ShuffleBytes-ChangeBinInt-
#12127270	REDUCE cov: 223 ft: 395 corp: 37/3014b lim: 4096 exec/s: 86009 rss: 511Mb L: 184/356 MS: 4 ChangeBit-ChangeByte-CrossOver-EraseBytes-
#15716628	REDUCE cov: 223 ft: 395 corp: 37/2998b lim: 4096 exec/s: 86355 rss: 511Mb L: 228/356 MS: 3 ChangeBinInt-ChangeBit-EraseBytes-
#15742453	REDUCE cov: 223 ft: 395 corp: 37/2997b lim: 4096 exec/s: 86496 rss: 511Mb L: 227/356 MS: 5 CMP-CopyPart-ChangeBinInt-CrossOver-EraseBytes- DE: "\000\000"-
#15743738	REDUCE cov: 223 ft: 395 corp: 37/2987b lim: 4096 exec/s: 86504 rss: 511Mb L: 217/356 MS: 5 ShuffleBytes-ChangeBinInt-EraseBytes-ChangeByte-CrossOver-
#15769450	REDUCE cov: 223 ft: 395 corp: 37/2983b lim: 4096 exec/s: 86645 rss: 511Mb L: 101/356 MS: 2 EraseBytes-InsertByte-
#15872448	REDUCE cov: 223 ft: 395 corp: 37/2978b lim: 4096 exec/s: 86263 rss: 511Mb L: 212/356 MS: 2 EraseBytes-InsertByte-
#16777216	pulse  cov: 223 ft: 395 corp: 37/2978b lim: 4096 exec/s: 85598 rss: 511Mb
#17892570	REDUCE cov: 223 ft: 395 corp: 37/2969b lim: 4096 exec/s: 84798 rss: 511Mb L: 99/356 MS: 2 EraseBytes-ChangeBinInt-
#19233863	REDUCE cov: 223 ft: 395 corp: 37/2961b lim: 4096 exec/s: 84730 rss: 511Mb L: 91/356 MS: 2 ChangeBinInt-EraseBytes-
#19504178	REDUCE cov: 223 ft: 395 corp: 37/2957b lim: 4096 exec/s: 84433 rss: 511Mb L: 352/352 MS: 4 ChangeByte-ChangeByte-CopyPart-EraseBytes-
#19536186	REDUCE cov: 223 ft: 395 corp: 37/2950b lim: 4096 exec/s: 84207 rss: 511Mb L: 345/345 MS: 3 ChangeBinInt-InsertRepeatedBytes-EraseBytes-
#19576736	REDUCE cov: 223 ft: 395 corp: 37/2945b lim: 4096 exec/s: 84382 rss: 511Mb L: 340/340 MS: 5 CrossOver-CMP-InsertByte-ChangeByte-CrossOver- DE: "\377\377\377\377\377\377\377\003"-
#29195675	REDUCE cov: 223 ft: 395 corp: 37/2941b lim: 4096 exec/s: 84380 rss: 511Mb L: 180/340 MS: 5 CopyPart-ChangeBit-InsertByte-ChangeBinInt-EraseBytes-
#33554432	pulse  cov: 223 ft: 395 corp: 37/2941b lim: 4096 exec/s: 85380 rss: 511Mb
==25278== libFuzzer: run interrupted; exiting
EraseBytes- DE: "\000\000\000\000\000\000\000\020"-
#29311665	REDUCE cov: 235 ft: 496 corp: 52/22Kb lim: 4096 exec/s: 163752 rss: 542Mb L: 1214/3260 MS: 1 EraseBytes-
#32286753	REDUCE cov: 235 ft: 496 corp: 52/22Kb lim: 4096 exec/s: 162244 rss: 542Mb L: 329/3260 MS: 3 EraseBytes-PersAutoDict-CrossOver- DE: "\377\377\377\377\377\377\377\377"-
#32624654	REDUCE cov: 235 ft: 496 corp: 52/22Kb lim: 4096 exec/s: 162311 rss: 542Mb L: 328/3260 MS: 1 EraseBytes-
#32766967	REDUCE cov: 235 ft: 496 corp: 52/22Kb lim: 4096 exec/s: 162212 rss: 542Mb L: 325/3260 MS: 3 ChangeBinInt-ShuffleBytes-EraseBytes-
#33554432	pulse  cov: 235 ft: 496 corp: 52/22Kb lim: 4096 exec/s: 162885 rss: 542Mb
#33836349	REDUCE cov: 235 ft: 496 corp: 52/22Kb lim: 4096 exec/s: 162674 rss: 542Mb L: 321/3260 MS: 1 EraseBytes-
#35314583	REDUCE cov: 235 ft: 496 corp: 52/22Kb lim: 4096 exec/s: 161993 rss: 542Mb L: 1210/3260 MS: 2 ChangeBit-EraseBytes-
#35557872	REDUCE cov: 235 ft: 496 corp: 52/22Kb lim: 4096 exec/s: 161626 rss: 542Mb L: 225/3260 MS: 3 ChangeBit-ChangeBit-EraseBytes-
#38405540	REDUCE cov: 235 ft: 496 corp: 52/22Kb lim: 4096 exec/s: 161367 rss: 542Mb L: 1208/3260 MS: 3 PersAutoDict-ChangeBinInt-EraseBytes- DE: "\000\000\000\000\000\000\000\020"-
#39967924	REDUCE cov: 235 ft: 496 corp: 52/22Kb lim: 4096 exec/s: 161160 rss: 542Mb L: 672/3260 MS: 3 CrossOver-ShuffleBytes-EraseBytes-
#41794407	REDUCE cov: 235 ft: 496 corp: 52/22Kb lim: 4096 exec/s: 161368 rss: 542Mb L: 1482/3260 MS: 2 ChangeBinInt-EraseBytes-
#42423024	REDUCE cov: 235 ft: 496 corp: 52/22Kb lim: 4096 exec/s: 161304 rss: 542Mb L: 1465/3260 MS: 1 EraseBytes-
#42822153	REDUCE cov: 235 ft: 496 corp: 52/22Kb lim: 4096 exec/s: 160985 rss: 542Mb L: 700/3260 MS: 3 CMP-ShuffleBytes-EraseBytes- DE: "\001\000\000\000\000\000\000\001"-
#46174966	REDUCE cov: 235 ft: 496 corp: 52/22Kb lim: 4096 exec/s: 157057 rss: 542Mb L: 1463/3260 MS: 3 ChangeBinInt-ShuffleBytes-EraseBytes-
#46205540	REDUCE cov: 235 ft: 496 corp: 52/22Kb lim: 4096 exec/s: 156628 rss: 542Mb L: 472/3260 MS: 4 InsertRepeatedBytes-EraseBytes-CrossOver-ChangeBinInt-
#46664976	REDUCE cov: 235 ft: 496 corp: 52/22Kb lim: 4096 exec/s: 156593 rss: 542Mb L: 456/3260 MS: 1 EraseBytes-
#48142500	REDUCE cov: 235 ft: 496 corp: 52/22Kb lim: 4096 exec/s: 156815 rss: 542Mb L: 209/3260 MS: 4 ShuffleBytes-InsertByte-CrossOver-EraseBytes-
#48191746	REDUCE cov: 235 ft: 496 corp: 52/22Kb lim: 4096 exec/s: 156976 rss: 542Mb L: 208/3260 MS: 1 EraseBytes-
#48192646	REDUCE cov: 235 ft: 496 corp: 52/22Kb lim: 4096 exec/s: 156979 rss: 542Mb L: 198/3260 MS: 5 ChangeBinInt-ShuffleBytes-ChangeBinInt-ChangeASCIIInt-EraseBytes-
#48782992	REDUCE cov: 235 ft: 496 corp: 52/22Kb lim: 4096 exec/s: 156858 rss: 542Mb L: 194/3260 MS: 1 EraseBytes-
#49155503	REDUCE cov: 235 ft: 496 corp: 52/22Kb lim: 4096 exec/s: 156546 rss: 542Mb L: 193/3260 MS: 1 EraseBytes-
#49357471	REDUCE cov: 235 ft: 496 corp: 52/22Kb lim: 4096 exec/s: 156690 rss: 542Mb L: 663/3260 MS: 3 EraseBytes-ChangeBinInt-CrossOver-
#49418827	REDUCE cov: 235 ft: 496 corp: 52/22Kb lim: 4096 exec/s: 156388 rss: 542Mb L: 613/3260 MS: 1 EraseBytes-
#49570359	REDUCE cov: 235 ft: 496 corp: 52/22Kb lim: 4096 exec/s: 156868 rss: 542Mb L: 612/3260 MS: 2 CMP-EraseBytes- DE: "\000\000"-
#49571920	REDUCE cov: 235 ft: 496 corp: 52/22Kb lim: 4096 exec/s: 156378 rss: 542Mb L: 452/3260 MS: 1 EraseBytes-
#49661346	REDUCE cov: 235 ft: 496 corp: 52/22Kb lim: 4096 exec/s: 156660 rss: 542Mb L: 581/3260 MS: 1 EraseBytes-
#51709690	REDUCE cov: 235 ft: 496 corp: 52/22Kb lim: 4096 exec/s: 156222 rss: 542Mb L: 577/3260 MS: 4 ChangeBinInt-CrossOver-InsertRepeatedBytes-EraseBytes-
#53264029	REDUCE cov: 235 ft: 496 corp: 52/22Kb lim: 4096 exec/s: 156199 rss: 542Mb L: 563/3260 MS: 1 EraseBytes-
#53966026	REDUCE cov: 235 ft: 496 corp: 52/22Kb lim: 4096 exec/s: 156423 rss: 542Mb L: 561/3260 MS: 1 EraseBytes-
#58297975	REDUCE cov: 235 ft: 496 corp: 52/22Kb lim: 4096 exec/s: 156714 rss: 542Mb L: 209/3260 MS: 3 EraseBytes-CrossOver-CopyPart-
#58323406	REDUCE cov: 235 ft: 496 corp: 52/22Kb lim: 4096 exec/s: 156783 rss: 542Mb L: 208/3260 MS: 1 EraseBytes-
#58333685	REDUCE cov: 235 ft: 496 corp: 52/22Kb lim: 4096 exec/s: 156810 rss: 542Mb L: 205/3260 MS: 4 ChangeBit-ChangeBit-ChangeByte-EraseBytes-
#58431153	REDUCE cov: 235 ft: 496 corp: 52/22Kb lim: 4096 exec/s: 156651 rss: 542Mb L: 194/3260 MS: 2 ShuffleBytes-EraseBytes-
#60255917	REDUCE cov: 235 ft: 496 corp: 52/22Kb lim: 4096 exec/s: 157326 rss: 542Mb L: 193/3260 MS: 1 EraseBytes-
#63304150	REDUCE cov: 235 ft: 496 corp: 52/22Kb lim: 4096 exec/s: 157082 rss: 542Mb L: 1462/3260 MS: 2 ShuffleBytes-EraseBytes-
#63734228	REDUCE cov: 235 ft: 496 corp: 52/22Kb lim: 4096 exec/s: 157368 rss: 542Mb L: 183/3260 MS: 3 CrossOver-PersAutoDict-EraseBytes- DE: "\001\000"-
#63795357	REDUCE cov: 235 ft: 496 corp: 52/22Kb lim: 4096 exec/s: 157131 rss: 542Mb L: 182/3260 MS: 4 ShuffleBytes-ChangeBinInt-ChangeByte-EraseBytes-
#63812749	REDUCE cov: 235 ft: 496 corp: 52/22Kb lim: 4096 exec/s: 157174 rss: 542Mb L: 150/3260 MS: 2 InsertRepeatedBytes-EraseBytes-
#63838100	REDUCE cov: 235 ft: 496 corp: 52/22Kb lim: 4096 exec/s: 157236 rss: 542Mb L: 146/3260 MS: 1 EraseBytes-
#64092251	REDUCE cov: 235 ft: 496 corp: 52/22Kb lim: 4096 exec/s: 157088 rss: 542Mb L: 145/3260 MS: 1 EraseBytes-
==25257== libFuzzer: run interrupted; exiting
 lim: 2000 exec/s: 276284 rss: 185Mb L: 33/64 MS: 1 CMP- DE: "\001\000\000\000\000\000\000\004"-
#279505	REDUCE cov: 234 ft: 395 corp: 87/1414b lim: 2030 exec/s: 279505 rss: 185Mb L: 24/64 MS: 1 EraseBytes-
#280797	REDUCE cov: 234 ft: 395 corp: 87/1410b lim: 2040 exec/s: 280797 rss: 185Mb L: 29/64 MS: 2 ChangeBit-EraseBytes-
#281249	REDUCE cov: 234 ft: 395 corp: 87/1408b lim: 2040 exec/s: 281249 rss: 185Mb L: 23/64 MS: 2 ChangeByte-EraseBytes-
#281816	REDUCE cov: 234 ft: 395 corp: 87/1406b lim: 2040 exec/s: 281816 rss: 185Mb L: 12/64 MS: 2 PersAutoDict-EraseBytes- DE: "\000\000\000\000\000\000\000\000"-
#283952	REDUCE cov: 234 ft: 395 corp: 87/1401b lim: 2061 exec/s: 283952 rss: 185Mb L: 24/64 MS: 1 EraseBytes-
#284998	REDUCE cov: 234 ft: 395 corp: 87/1399b lim: 2061 exec/s: 284998 rss: 185Mb L: 9/64 MS: 1 EraseBytes-
#286164	REDUCE cov: 234 ft: 395 corp: 87/1398b lim: 2072 exec/s: 286164 rss: 185Mb L: 34/64 MS: 1 EraseBytes-
#286665	REDUCE cov: 236 ft: 397 corp: 88/1407b lim: 2072 exec/s: 286665 rss: 185Mb L: 9/64 MS: 1 CMP- DE: "stepped"-
#287949	NEW    cov: 238 ft: 399 corp: 89/1431b lim: 2083 exec/s: 287949 rss: 185Mb L: 24/64 MS: 4 InsertByte-ChangeByte-PersAutoDict-CMP- DE: "stepped"-"message"-
#288176	REDUCE cov: 238 ft: 399 corp: 89/1424b lim: 2083 exec/s: 288176 rss: 185Mb L: 17/64 MS: 2 CrossOver-EraseBytes-
#289727	REDUCE cov: 238 ft: 399 corp: 89/1421b lim: 2094 exec/s: 289727 rss: 185Mb L: 21/64 MS: 1 EraseBytes-
#291183	REDUCE cov: 238 ft: 399 corp: 89/1420b lim: 2105 exec/s: 291183 rss: 185Mb L: 14/64 MS: 1 EraseBytes-
#291521	REDUCE cov: 238 ft: 399 corp: 89/1414b lim: 2105 exec/s: 291521 rss: 185Mb L: 11/64 MS: 3 CrossOver-ChangeBinInt-EraseBytes-
#292553	REDUCE cov: 238 ft: 399 corp: 89/1413b lim: 2105 exec/s: 292553 rss: 186Mb L: 10/64 MS: 2 CrossOver-EraseBytes-
#294474	REDUCE cov: 238 ft: 399 corp: 89/1412b lim: 2116 exec/s: 294474 rss: 186Mb L: 16/64 MS: 1 EraseBytes-
#297625	REDUCE cov: 238 ft: 399 corp: 89/1410b lim: 2138 exec/s: 297625 rss: 186Mb L: 13/64 MS: 1 EraseBytes-
#299676	REDUCE cov: 238 ft: 399 corp: 89/1409b lim: 2149 exec/s: 299676 rss: 186Mb L: 13/64 MS: 1 EraseBytes-
#303207	REDUCE cov: 238 ft: 399 corp: 89/1407b lim: 2182 exec/s: 303207 rss: 187Mb L: 37/64 MS: 1 EraseBytes-
#311285	REDUCE cov: 238 ft: 399 corp: 89/1405b lim: 2259 exec/s: 311285 rss: 187Mb L: 50/64 MS: 3 ChangeBit-CrossOver-EraseBytes-
#313186	REDUCE cov: 238 ft: 399 corp: 89/1402b lim: 2270 exec/s: 313186 rss: 187Mb L: 47/64 MS: 1 EraseBytes-
#315287	REDUCE cov: 238 ft: 399 corp: 89/1401b lim: 2281 exec/s: 315287 rss: 187Mb L: 10/64 MS: 1 EraseBytes-
#318134	REDUCE cov: 238 ft: 399 corp: 89/1395b lim: 2303 exec/s: 318134 rss: 187Mb L: 41/64 MS: 2 ChangeBit-EraseBytes-
#322655	REDUCE cov: 238 ft: 399 corp: 89/1394b lim: 2347 exec/s: 322655 rss: 188Mb L: 9/64 MS: 1 EraseBytes-
#323097	REDUCE cov: 238 ft: 399 corp: 89/1387b lim: 2347 exec/s: 323097 rss: 188Mb L: 14/64 MS: 2 ChangeBinInt-EraseBytes-
#333209	REDUCE cov: 240 ft: 401 corp: 90/1398b lim: 2446 exec/s: 333209 rss: 189Mb L: 11/64 MS: 2 InsertByte-CMP- DE: "selected"-
#335797	REDUCE cov: 240 ft: 402 corp: 91/1482b lim: 2468 exec/s: 335797 rss: 190Mb L: 84/84 MS: 3 InsertByte-InsertByte-InsertRepeatedBytes-
#335819	REDUCE cov: 240 ft: 402 corp: 91/1477b lim: 2468 exec/s: 335819 rss: 190Mb L: 79/79 MS: 2 CMP-EraseBytes- DE: "\000\000\000\000"-
#335931	REDUCE cov: 240 ft: 402 corp: 91/1476b lim: 2468 exec/s: 335931 rss: 190Mb L: 78/78 MS: 2 CopyPart-EraseBytes-
#336552	REDUCE cov: 240 ft: 402 corp: 91/1448b lim: 2468 exec/s: 336552 rss: 190Mb L: 50/64 MS: 1 EraseBytes-
#337678	REDUCE cov: 240 ft: 402 corp: 91/1444b lim: 2479 exec/s: 337678 rss: 190Mb L: 46/64 MS: 1 EraseBytes-
#337719	NEW    cov: 241 ft: 403 corp: 92/1455b lim: 2479 exec/s: 337719 rss: 190Mb L: 11/64 MS: 1 ChangeBinInt-
#340150	REDUCE cov: 241 ft: 403 corp: 92/1434b lim: 2501 exec/s: 340150 rss: 190Mb L: 25/64 MS: 1 EraseBytes-
#340209	REDUCE cov: 243 ft: 405 corp: 93/1471b lim: 2501 exec/s: 340209 rss: 190Mb L: 37/64 MS: 4 ShuffleBytes-ChangeByte-CopyPart-CMP- DE: "stratum"-
#340335	REDUCE cov: 243 ft: 405 corp: 93/1467b lim: 2501 exec/s: 340335 rss: 190Mb L: 33/64 MS: 1 EraseBytes-
#341382	REDUCE cov: 243 ft: 405 corp: 93/1461b lim: 2501 exec/s: 341382 rss: 190Mb L: 19/64 MS: 2 ChangeBinInt-EraseBytes-
#342199	REDUCE cov: 243 ft: 405 corp: 93/1454b lim: 2501 exec/s: 342199 rss: 190Mb L: 26/64 MS: 2 CopyPart-EraseBytes-
#343071	REDUCE cov: 243 ft: 405 corp: 93/1442b lim: 2501 exec/s: 343071 rss: 190Mb L: 14/64 MS: 2 CrossOver-EraseBytes-
#344519	REDUCE cov: 243 ft: 405 corp: 93/1441b lim: 2512 exec/s: 344519 rss: 190Mb L: 18/64 MS: 3 CMP-ChangeBinInt-EraseBytes- DE: "\000\000\000\000"-
#353315	REDUCE cov: 243 ft: 405 corp: 93/1439b lim: 2589 exec/s: 353315 rss: 190Mb L: 24/64 MS: 1 EraseBytes-
#355666	REDUCE cov: 243 ft: 405 corp: 93/1437b lim: 2611 exec/s: 355666 rss: 190Mb L: 12/64 MS: 1 EraseBytes-
#356287	REDUCE cov: 244 ft: 406 corp: 94/1450b lim: 2611 exec/s: 356287 rss: 190Mb L: 13/64 MS: 1 CrossOver-
#377048	REDUCE cov: 248 ft: 410 corp: 95/1467b lim: 2809 exec/s: 377048 rss: 190Mb L: 17/64 MS: 1 EraseBytes-
#377244	REDUCE cov: 248 ft: 410 corp: 95/1465b lim: 2809 exec/s: 377244 rss: 190Mb L: 10/64 MS: 1 EraseBytes-
	NEW_FUNC[1/4]: 0x5f82ad8c53f0  (/home/jack/projects/peios/timed/fuzz/target/x86_64-unknown-linux-gnu/release/time_wire+0x1383f0) (BuildId: 7ca9100398e2386a3523e950c0181d0d5ddd72ae)
	NEW_FUNC[2/4]: 0x5f82ad8d0b20  (/home/jack/projects/peios/timed/fuzz/target/x86_64-unknown-linux-gnu/release/time_wire+0x143b20) (BuildId: 7ca9100398e2386a3523e950c0181d0d5ddd72ae)
#379625	RELOAD cov: 279 ft: 464 corp: 107/1756b lim: 2831 exec/s: 189812 rss: 190Mb
#380023	REDUCE cov: 279 ft: 465 corp: 108/1774b lim: 2831 exec/s: 190011 rss: 190Mb L: 18/64 MS: 3 ShuffleBytes-InsertByte-PersAutoDict- DE: "\"&\"\177"-
#381179	REDUCE cov: 279 ft: 465 corp: 108/1772b lim: 2842 exec/s: 190589 rss: 190Mb L: 21/64 MS: 1 EraseBytes-
#381986	REDUCE cov: 279 ft: 465 corp: 108/1768b lim: 2842 exec/s: 190993 rss: 190Mb L: 21/64 MS: 2 ChangeBinInt-EraseBytes-
#382207	REDUCE cov: 280 ft: 466 corp: 109/1789b lim: 2842 exec/s: 191103 rss: 191Mb L: 21/64 MS: 1 ChangeBinInt-
#383205	NEW    cov: 282 ft: 468 corp: 110/1827b lim: 2842 exec/s: 191602 rss: 191Mb L: 38/64 MS: 3 PersAutoDict-ShuffleBytes-CMP- DE: "generation"-"last_update"-
#383971	REDUCE cov: 282 ft: 468 corp: 110/1824b lim: 2842 exec/s: 191985 rss: 191Mb L: 18/64 MS: 1 EraseBytes-
#384450	REDUCE cov: 282 ft: 468 corp: 110/1823b lim: 2842 exec/s: 192225 rss: 191Mb L: 28/64 MS: 4 ChangeByte-ChangeByte-ChangeByte-EraseBytes-
#385191	REDUCE cov: 282 ft: 468 corp: 110/1822b lim: 2842 exec/s: 192595 rss: 191Mb L: 37/64 MS: 1 EraseBytes-
#387342	REDUCE cov: 283 ft: 470 corp: 111/1838b lim: 2853 exec/s: 193671 rss: 191Mb L: 16/64 MS: 1 EraseBytes-
#387668	REDUCE cov: 283 ft: 470 corp: 111/1836b lim: 2853 exec/s: 193834 rss: 191Mb L: 19/64 MS: 1 EraseBytes-
#388634	REDUCE cov: 283 ft: 470 corp: 111/1835b lim: 2853 exec/s: 194317 rss: 192Mb L: 17/64 MS: 1 EraseBytes-
#392900	REDUCE cov: 283 ft: 470 corp: 111/1827b lim: 2886 exec/s: 196450 rss: 192Mb L: 37/64 MS: 1 EraseBytes-
#395931	REDUCE cov: 284 ft: 471 corp: 112/1855b lim: 2908 exec/s: 197965 rss: 192Mb L: 28/64 MS: 1 CrossOver-
#398145	REDUCE cov: 284 ft: 471 corp: 112/1854b lim: 2930 exec/s: 199072 rss: 192Mb L: 27/64 MS: 4 ShuffleBytes-ChangeBinInt-InsertByte-EraseBytes-
#399051	REDUCE cov: 284 ft: 471 corp: 112/1848b lim: 2930 exec/s: 199525 rss: 192Mb L: 21/64 MS: 1 EraseBytes-
#399227	REDUCE cov: 284 ft: 471 corp: 112/1847b lim: 2930 exec/s: 199613 rss: 192Mb L: 20/64 MS: 1 EraseBytes-
#400654	REDUCE cov: 284 ft: 471 corp: 112/1846b lim: 2941 exec/s: 200327 rss: 192Mb L: 15/64 MS: 2 ShuffleBytes-EraseBytes-
#401050	REDUCE cov: 284 ft: 471 corp: 112/1842b lim: 2941 exec/s: 200525 rss: 192Mb L: 13/64 MS: 1 EraseBytes-
#407631	REDUCE cov: 284 ft: 471 corp: 112/1835b lim: 2996 exec/s: 203815 rss: 192Mb L: 30/64 MS: 1 EraseBytes-
#408241	REDUCE cov: 284 ft: 471 corp: 112/1832b lim: 2996 exec/s: 204120 rss: 192Mb L: 12/64 MS: 5 ChangeBinInt-PersAutoDict-ChangeByte-EraseBytes-EraseBytes- DE: "stratum"-
#408870	REDUCE cov: 284 ft: 471 corp: 112/1828b lim: 2996 exec/s: 204435 rss: 192Mb L: 16/64 MS: 4 ChangeByte-ChangeBinInt-CMP-EraseBytes- DE: "\001\012\000''"-
#411807	REDUCE cov: 284 ft: 471 corp: 112/1821b lim: 3018 exec/s: 205903 rss: 192Mb L: 18/64 MS: 2 ShuffleBytes-EraseBytes-
#413102	REDUCE cov: 284 ft: 471 corp: 112/1819b lim: 3029 exec/s: 206551 rss: 192Mb L: 22/64 MS: 5 CrossOver-ChangeByte-ChangeByte-InsertByte-EraseBytes-
#413353	REDUCE cov: 284 ft: 471 corp: 112/1818b lim: 3029 exec/s: 206676 rss: 192Mb L: 14/64 MS: 1 EraseBytes-
#413675	REDUCE cov: 284 ft: 471 corp: 112/1816b lim: 3029 exec/s: 206837 rss: 192Mb L: 26/64 MS: 2 InsertByte-EraseBytes-
#415026	REDUCE cov: 284 ft: 471 corp: 112/1803b lim: 3040 exec/s: 207513 rss: 192Mb L: 17/64 MS: 1 EraseBytes-
#418098	NEW    cov: 284 ft: 472 corp: 113/1833b lim: 3062 exec/s: 209049 rss: 193Mb L: 30/64 MS: 2 ChangeBinInt-CopyPart-
	NEW_FUNC[1/1]: 0x5f82ad8c64d0  (/home/jack/projects/peios/timed/fuzz/target/x86_64-unknown-linux-gnu/release/time_wire+0x1394d0) (BuildId: 7ca9100398e2386a3523e950c0181d0d5ddd72ae)
#419727	NEW    cov: 291 ft: 480 corp: 114/1999b lim: 3073 exec/s: 209863 rss: 193Mb L: 166/166 MS: 4 InsertRepeatedBytes-ChangeBit-InsertRepeatedBytes-CMP- DE: "system_peer"-
#421059	REDUCE cov: 291 ft: 480 corp: 114/1979b lim: 3084 exec/s: 210529 rss: 193Mb L: 146/146 MS: 2 ChangeASCIIInt-EraseBytes-
#421141	REDUCE cov: 291 ft: 480 corp: 114/1956b lim: 3084 exec/s: 210570 rss: 193Mb L: 123/123 MS: 2 ChangeByte-EraseBytes-
#421520	REDUCE cov: 293 ft: 482 corp: 115/2064b lim: 3084 exec/s: 210760 rss: 193Mb L: 108/123 MS: 4 ChangeBit-InsertRepeatedBytes-ChangeBit-CMP- DE: "offset"-
#421706	REDUCE cov: 293 ft: 482 corp: 115/2063b lim: 3084 exec/s: 210853 rss: 193Mb L: 29/123 MS: 1 EraseBytes-
#421726	REDUCE cov: 293 ft: 482 corp: 115/2030b lim: 3084 exec/s: 210863 rss: 193Mb L: 90/108 MS: 5 CrossOver-ChangeBinInt-InsertByte-ChangeASCIIInt-EraseBytes-
#421982	REDUCE cov: 293 ft: 482 corp: 115/1992b lim: 3084 exec/s: 210991 rss: 193Mb L: 70/90 MS: 1 EraseBytes-
#422050	REDUCE cov: 293 ft: 482 corp: 115/1963b lim: 3084 exec/s: 211025 rss: 193Mb L: 61/70 MS: 3 ShuffleBytes-CMP-EraseBytes- DE: "\000\000\000\221"-
#422186	REDUCE cov: 293 ft: 482 corp: 115/1935b lim: 3084 exec/s: 211093 rss: 193Mb L: 33/70 MS: 1 EraseBytes-
#422252	REDUCE cov: 293 ft: 482 corp: 115/1932b lim: 3084 exec/s: 211126 rss: 193Mb L: 67/67 MS: 1 EraseBytes-
#422440	REDUCE cov: 293 ft: 482 corp: 115/1921b lim: 3084 exec/s: 211220 rss: 193Mb L: 56/64 MS: 3 CopyPart-ChangeByte-EraseBytes-
#422902	REDUCE cov: 293 ft: 482 corp: 115/1915b lim: 3084 exec/s: 211451 rss: 193Mb L: 27/64 MS: 2 ChangeASCIIInt-EraseBytes-
#423108	REDUCE cov: 293 ft: 482 corp: 115/1908b lim: 3084 exec/s: 211554 rss: 193Mb L: 20/64 MS: 1 EraseBytes-
#423549	REDUCE cov: 293 ft: 482 corp: 115/1907b lim: 3084 exec/s: 211774 rss: 193Mb L: 28/64 MS: 1 EraseBytes-
#424875	REDUCE cov: 293 ft: 482 corp: 115/1903b lim: 3095 exec/s: 212437 rss: 193Mb L: 9/64 MS: 1 EraseBytes-
#424916	REDUCE cov: 293 ft: 482 corp: 115/1902b lim: 3095 exec/s: 212458 rss: 193Mb L: 29/64 MS: 1 EraseBytes-
#426887	REDUCE cov: 293 ft: 482 corp: 115/1892b lim: 3106 exec/s: 213443 rss: 193Mb L: 46/64 MS: 1 EraseBytes-
#427498	REDUCE cov: 293 ft: 482 corp: 115/1884b lim: 3106 exec/s: 213749 rss: 193Mb L: 23/64 MS: 1 EraseBytes-
#430419	REDUCE cov: 293 ft: 482 corp: 115/1878b lim: 3128 exec/s: 215209 rss: 193Mb L: 40/64 MS: 1 EraseBytes-
#433090	REDUCE cov: 293 ft: 482 corp: 115/1877b lim: 3150 exec/s: 216545 rss: 193Mb L: 10/64 MS: 1 EraseBytes-
#433193	REDUCE cov: 293 ft: 482 corp: 115/1874b lim: 3150 exec/s: 216596 rss: 193Mb L: 25/64 MS: 3 ChangeByte-EraseBytes-CrossOver-
#435476	REDUCE cov: 293 ft: 482 corp: 115/1873b lim: 3172 exec/s: 217738 rss: 193Mb L: 19/64 MS: 3 ChangeASCIIInt-ChangeBinInt-EraseBytes-
#436457	REDUCE cov: 293 ft: 482 corp: 115/1872b lim: 3172 exec/s: 218228 rss: 193Mb L: 13/64 MS: 1 EraseBytes-
#440623	REDUCE cov: 293 ft: 482 corp: 115/1869b lim: 3205 exec/s: 220311 rss: 193Mb L: 10/64 MS: 1 EraseBytes-
#444274	REDUCE cov: 293 ft: 482 corp: 115/1867b lim: 3238 exec/s: 222137 rss: 193Mb L: 19/64 MS: 1 EraseBytes-
#445255	REDUCE cov: 300 ft: 493 corp: 116/1904b lim: 3238 exec/s: 222627 rss: 193Mb L: 37/64 MS: 1 CrossOver-
#445661	REDUCE cov: 300 ft: 493 corp: 116/1898b lim: 3238 exec/s: 222830 rss: 193Mb L: 31/64 MS: 1 EraseBytes-
#445798	REDUCE cov: 303 ft: 500 corp: 117/1937b lim: 3238 exec/s: 222899 rss: 193Mb L: 39/64 MS: 2 ShuffleBytes-CMP- DE: "\001\000\000\000\000\000\000\004"-
#446644	NEW    cov: 304 ft: 501 corp: 118/1976b lim: 3238 exec/s: 223322 rss: 193Mb L: 39/64 MS: 1 ShuffleBytes-
#448155	NEW    cov: 306 ft: 503 corp: 119/2015b lim: 3249 exec/s: 224077 rss: 193Mb L: 39/64 MS: 1 ChangeBinInt-
#448609	REDUCE cov: 306 ft: 503 corp: 119/2010b lim: 3249 exec/s: 224304 rss: 193Mb L: 34/64 MS: 4 CopyPart-CrossOver-CopyPart-EraseBytes-
#451470	REDUCE cov: 306 ft: 503 corp: 119/2009b lim: 3271 exec/s: 225735 rss: 193Mb L: 13/64 MS: 1 EraseBytes-
#452741	REDUCE cov: 306 ft: 503 corp: 119/1994b lim: 3282 exec/s: 226370 rss: 193Mb L: 22/64 MS: 1 EraseBytes-
#454112	REDUCE cov: 309 ft: 514 corp: 120/2077b lim: 3293 exec/s: 227056 rss: 193Mb L: 83/83 MS: 1 CrossOver-
#454248	REDUCE cov: 310 ft: 522 corp: 121/2112b lim: 3293 exec/s: 227124 rss: 193Mb L: 35/83 MS: 1 InsertByte-
#454990	NEW    cov: 310 ft: 526 corp: 122/2196b lim: 3293 exec/s: 227495 rss: 193Mb L: 84/84 MS: 2 InsertByte-CopyPart-
#455101	NEW    cov: 311 ft: 532 corp: 123/2239b lim: 3293 exec/s: 227550 rss: 193Mb L: 43/84 MS: 1 EraseBytes-
#455437	NEW    cov: 311 ft: 533 corp: 124/2288b lim: 3293 exec/s: 227718 rss: 193Mb L: 49/84 MS: 1 PersAutoDict- DE: "offset"-
#456115	NEW    cov: 311 ft: 536 corp: 125/2371b lim: 3293 exec/s: 228057 rss: 193Mb L: 83/84 MS: 3 ChangeByte-CMP-ChangeByte- DE: "\005\000\000\000\000\000\000\000"-
#456905	REDUCE cov: 311 ft: 536 corp: 125/2364b lim: 3293 exec/s: 228452 rss: 193Mb L: 76/84 MS: 5 ChangeByte-CrossOver-CrossOver-InsertByte-EraseBytes-
#457027	NEW    cov: 311 ft: 537 corp: 126/2414b lim: 3293 exec/s: 228513 rss: 193Mb L: 50/84 MS: 2 ChangeBit-CopyPart-
#457694	REDUCE cov: 311 ft: 537 corp: 126/2396b lim: 3293 exec/s: 228847 rss: 193Mb L: 65/84 MS: 2 ChangeBinInt-EraseBytes-
#458090	REDUCE cov: 311 ft: 537 corp: 126/2395b lim: 3293 exec/s: 229045 rss: 193Mb L: 83/83 MS: 1 EraseBytes-
	NEW_FUNC[1/2]: 0x5f82ad8d03d0  (/home/jack/projects/peios/timed/fuzz/target/x86_64-unknown-linux-gnu/release/time_wire+0x1433d0) (BuildId: 7ca9100398e2386a3523e950c0181d0d5ddd72ae)
	NEW_FUNC[2/2]: 0x5f82ad8d0550  (/home/jack/projects/peios/timed/fuzz/target/x86_64-unknown-linux-gnu/release/time_wire+0x143550) (BuildId: 7ca9100398e2386a3523e950c0181d0d5ddd72ae)
#458293	NEW    cov: 327 ft: 569 corp: 127/2430b lim: 3293 exec/s: 229146 rss: 193Mb L: 35/83 MS: 3 ShuffleBytes-CMP-ChangeByte- DE: "\000\001'\000"-
#458493	REDUCE cov: 327 ft: 569 corp: 127/2415b lim: 3293 exec/s: 229246 rss: 193Mb L: 61/83 MS: 5 ChangeBinInt-CMP-ShuffleBytes-CopyPart-EraseBytes- DE: "\006\000\000\000\000\000\000\000"-
#458779	REDUCE cov: 328 ft: 570 corp: 128/2480b lim: 3293 exec/s: 229389 rss: 193Mb L: 65/83 MS: 1 PersAutoDict- DE: "\006\000\000\000\000\000\000\000"-
#458906	NEW    cov: 330 ft: 573 corp: 129/2534b lim: 3293 exec/s: 229453 rss: 193Mb L: 54/83 MS: 2 ChangeBinInt-CMP- DE: "note"-
#459729	REDUCE cov: 330 ft: 573 corp: 129/2521b lim: 3293 exec/s: 229864 rss: 193Mb L: 52/83 MS: 3 InsertByte-ChangeByte-EraseBytes-
#460216	REDUCE cov: 330 ft: 573 corp: 129/2519b lim: 3293 exec/s: 230108 rss: 193Mb L: 17/83 MS: 2 InsertByte-EraseBytes-
#460277	NEW    cov: 331 ft: 574 corp: 130/2678b lim: 3293 exec/s: 230138 rss: 193Mb L: 159/159 MS: 1 InsertRepeatedBytes-
#460538	REDUCE cov: 331 ft: 574 corp: 130/2603b lim: 3293 exec/s: 230269 rss: 193Mb L: 84/84 MS: 1 EraseBytes-
#460945	REDUCE cov: 331 ft: 574 corp: 130/2598b lim: 3293 exec/s: 230472 rss: 193Mb L: 49/84 MS: 2 CMP-EraseBytes- DE: "\001\000\000\000"-
#461001	REDUCE cov: 331 ft: 574 corp: 130/2584b lim: 3293 exec/s: 230500 rss: 193Mb L: 38/84 MS: 1 EraseBytes-
#461049	REDUCE cov: 331 ft: 574 corp: 130/2552b lim: 3293 exec/s: 230524 rss: 193Mb L: 52/83 MS: 3 ChangeByte-InsertByte-EraseBytes-
#461141	NEW    cov: 333 ft: 576 corp: 131/2599b lim: 3293 exec/s: 230570 rss: 193Mb L: 47/83 MS: 2 InsertByte-PersAutoDict- DE: "stratum"-
#461562	REDUCE cov: 333 ft: 576 corp: 131/2593b lim: 3293 exec/s: 230781 rss: 193Mb L: 77/77 MS: 1 EraseBytes-
#462813	REDUCE cov: 333 ft: 576 corp: 131/2590b lim: 3304 exec/s: 231406 rss: 193Mb L: 31/77 MS: 1 EraseBytes-
#463278	REDUCE cov: 333 ft: 576 corp: 131/2566b lim: 3304 exec/s: 231639 rss: 193Mb L: 28/77 MS: 5 ShuffleBytes-ChangeBit-ChangeBit-ChangeByte-EraseBytes-
#463790	REDUCE cov: 333 ft: 576 corp: 131/2561b lim: 3304 exec/s: 231895 rss: 194Mb L: 23/77 MS: 2 InsertByte-EraseBytes-
#463975	REDUCE cov: 333 ft: 576 corp: 131/2550b lim: 3304 exec/s: 231987 rss: 194Mb L: 38/77 MS: 5 CMP-ChangeBinInt-ShuffleBytes-ChangeByte-EraseBytes- DE: "3\000\000\000\000\000\000\000"-
#464337	REDUCE cov: 333 ft: 576 corp: 131/2542b lim: 3304 exec/s: 232168 rss: 194Mb L: 30/77 MS: 2 EraseBytes-PersAutoDict- DE: "root_delay"-
#464374	REDUCE cov: 333 ft: 576 corp: 131/2541b lim: 3304 exec/s: 232187 rss: 194Mb L: 20/77 MS: 2 ChangeByte-EraseBytes-
#465186	REDUCE cov: 333 ft: 576 corp: 131/2520b lim: 3304 exec/s: 232593 rss: 195Mb L: 28/77 MS: 2 ChangeByte-EraseBytes-
#466468	REDUCE cov: 333 ft: 576 corp: 131/2518b lim: 3315 exec/s: 233234 rss: 195Mb L: 14/77 MS: 2 PersAutoDict-EraseBytes- DE: "\001\000\000\000"-
#467807	REDUCE cov: 333 ft: 576 corp: 131/2516b lim: 3326 exec/s: 233903 rss: 195Mb L: 75/75 MS: 4 CrossOver-InsertByte-CopyPart-EraseBytes-
#468690	REDUCE cov: 333 ft: 576 corp: 131/2514b lim: 3326 exec/s: 234345 rss: 195Mb L: 29/75 MS: 3 InsertByte-CMP-EraseBytes- DE: "\001%\005s"-
#469086	REDUCE cov: 333 ft: 576 corp: 131/2513b lim: 3326 exec/s: 234543 rss: 195Mb L: 42/75 MS: 1 EraseBytes-
#470247	REDUCE cov: 333 ft: 584 corp: 132/2594b lim: 3337 exec/s: 235123 rss: 195Mb L: 81/81 MS: 1 CrossOver-
#471413	REDUCE cov: 336 ft: 587 corp: 133/2608b lim: 3348 exec/s: 235706 rss: 196Mb L: 14/81 MS: 1 InsertByte-
#472414	REDUCE cov: 336 ft: 587 corp: 133/2603b lim: 3348 exec/s: 236207 rss: 197Mb L: 42/81 MS: 1 EraseBytes-
#472631	REDUCE cov: 336 ft: 587 corp: 133/2594b lim: 3348 exec/s: 236315 rss: 197Mb L: 30/81 MS: 2 PersAutoDict-EraseBytes- DE: "\000\001'\000"-
#474427	REDUCE cov: 336 ft: 587 corp: 133/2571b lim: 3359 exec/s: 237213 rss: 197Mb L: 52/81 MS: 1 EraseBytes-
#475103	REDUCE cov: 336 ft: 587 corp: 133/2569b lim: 3359 exec/s: 237551 rss: 197Mb L: 79/79 MS: 1 EraseBytes-
#475771	REDUCE cov: 336 ft: 587 corp: 133/2563b lim: 3359 exec/s: 237885 rss: 197Mb L: 32/79 MS: 3 InsertByte-InsertByte-EraseBytes-
#477512	REDUCE cov: 336 ft: 587 corp: 133/2557b lim: 3370 exec/s: 238756 rss: 198Mb L: 24/79 MS: 1 EraseBytes-
#479923	REDUCE cov: 336 ft: 587 corp: 133/2552b lim: 3392 exec/s: 239961 rss: 198Mb L: 74/74 MS: 1 EraseBytes-
#481749	REDUCE cov: 336 ft: 590 corp: 134/2626b lim: 3403 exec/s: 240874 rss: 198Mb L: 74/74 MS: 1 ChangeBinInt-
#482405	NEW    cov: 339 ft: 593 corp: 135/2700b lim: 3403 exec/s: 241202 rss: 198Mb L: 74/74 MS: 1 InsertRepeatedBytes-
#485891	REDUCE cov: 339 ft: 593 corp: 135/2698b lim: 3436 exec/s: 242945 rss: 200Mb L: 24/74 MS: 1 EraseBytes-
#486038	NEW    cov: 341 ft: 595 corp: 136/2776b lim: 3436 exec/s: 243019 rss: 200Mb L: 78/78 MS: 2 ShuffleBytes-CMP- DE: "name"-
#486820	REDUCE cov: 341 ft: 595 corp: 136/2771b lim: 3436 exec/s: 243410 rss: 200Mb L: 69/78 MS: 2 ShuffleBytes-EraseBytes-
#487421	REDUCE cov: 341 ft: 595 corp: 136/2763b lim: 3436 exec/s: 243710 rss: 200Mb L: 61/78 MS: 1 EraseBytes-
#487635	REDUCE cov: 341 ft: 595 corp: 136/2756b lim: 3436 exec/s: 243817 rss: 200Mb L: 54/78 MS: 4 InsertByte-InsertByte-ChangeBinInt-EraseBytes-
#488197	REDUCE cov: 341 ft: 595 corp: 136/2752b lim: 3436 exec/s: 244098 rss: 201Mb L: 50/78 MS: 2 ChangeByte-EraseBytes-
#488776	REDUCE cov: 341 ft: 595 corp: 136/2750b lim: 3436 exec/s: 244388 rss: 201Mb L: 50/78 MS: 4 ChangeBinInt-ShuffleBytes-EraseBytes-CrossOver-
#490671	REDUCE cov: 341 ft: 595 corp: 136/2744b lim: 3447 exec/s: 245335 rss: 201Mb L: 44/78 MS: 5 CopyPart-ChangeByte-ChangeByte-ChangeBit-EraseBytes-
#493833	NEW    cov: 343 ft: 597 corp: 137/2798b lim: 3469 exec/s: 246916 rss: 201Mb L: 54/78 MS: 2 ChangeByte-CMP- DE: "last"-
#493889	REDUCE cov: 343 ft: 597 corp: 137/2797b lim: 3469 exec/s: 246944 rss: 201Mb L: 30/78 MS: 1 EraseBytes-
#494770	REDUCE cov: 343 ft: 597 corp: 137/2784b lim: 3469 exec/s: 247385 rss: 201Mb L: 41/78 MS: 1 EraseBytes-
#494952	NEW    cov: 343 ft: 598 corp: 138/2858b lim: 3469 exec/s: 247476 rss: 201Mb L: 74/78 MS: 2 ChangeBinInt-CopyPart-
#495688	REDUCE cov: 343 ft: 598 corp: 138/2832b lim: 3469 exec/s: 247844 rss: 201Mb L: 48/78 MS: 1 EraseBytes-
#496134	REDUCE cov: 343 ft: 598 corp: 138/2831b lim: 3469 exec/s: 248067 rss: 201Mb L: 23/78 MS: 1 EraseBytes-
#496856	REDUCE cov: 343 ft: 598 corp: 138/2822b lim: 3469 exec/s: 248428 rss: 201Mb L: 52/78 MS: 2 ChangeBit-EraseBytes-
#498238	REDUCE cov: 343 ft: 598 corp: 138/2820b lim: 3480 exec/s: 249119 rss: 201Mb L: 39/78 MS: 2 CrossOver-EraseBytes-
#499424	REDUCE cov: 344 ft: 599 corp: 139/2862b lim: 3491 exec/s: 249712 rss: 201Mb L: 42/78 MS: 1 ChangeByte-
#501365	REDUCE cov: 344 ft: 599 corp: 139/2857b lim: 3502 exec/s: 250682 rss: 202Mb L: 37/78 MS: 1 EraseBytes-
#505524	REDUCE cov: 344 ft: 599 corp: 139/2856b lim: 3535 exec/s: 252762 rss: 202Mb L: 73/78 MS: 4 CrossOver-ChangeBit-ChangeASCIIInt-EraseBytes-
#505810	REDUCE cov: 344 ft: 599 corp: 139/2852b lim: 3535 exec/s: 252905 rss: 202Mb L: 36/78 MS: 1 EraseBytes-
#506376	REDUCE cov: 346 ft: 614 corp: 140/2896b lim: 3535 exec/s: 253188 rss: 202Mb L: 44/78 MS: 1 CrossOver-
#508927	REDUCE cov: 346 ft: 614 corp: 140/2892b lim: 3557 exec/s: 254463 rss: 203Mb L: 26/78 MS: 1 EraseBytes-
#509998	REDUCE cov: 346 ft: 614 corp: 140/2885b lim: 3557 exec/s: 254999 rss: 203Mb L: 37/78 MS: 1 EraseBytes-
#511384	REDUCE cov: 346 ft: 614 corp: 140/2883b lim: 3568 exec/s: 255692 rss: 204Mb L: 35/78 MS: 1 EraseBytes-
#511445	REDUCE cov: 346 ft: 614 corp: 140/2882b lim: 3568 exec/s: 255722 rss: 204Mb L: 38/78 MS: 1 EraseBytes-
#512008	REDUCE cov: 346 ft: 614 corp: 140/2881b lim: 3568 exec/s: 256004 rss: 204Mb L: 34/78 MS: 3 ShuffleBytes-ShuffleBytes-EraseBytes-
#513211	REDUCE cov: 346 ft: 614 corp: 140/2877b lim: 3579 exec/s: 256605 rss: 204Mb L: 19/78 MS: 3 ShuffleBytes-ShuffleBytes-EraseBytes-
#514642	REDUCE cov: 346 ft: 614 corp: 140/2872b lim: 3590 exec/s: 257321 rss: 204Mb L: 37/78 MS: 1 EraseBytes-
#516653	REDUCE cov: 346 ft: 632 corp: 141/2909b lim: 3601 exec/s: 258326 rss: 204Mb L: 37/78 MS: 1 ChangeBit-
#518824	REDUCE cov: 347 ft: 633 corp: 142/2957b lim: 3612 exec/s: 259412 rss: 204Mb L: 48/78 MS: 1 CMP- DE: "\011\000\000\000\000\000\000\000"-
#519934	REDUCE cov: 347 ft: 633 corp: 142/2956b lim: 3623 exec/s: 259967 rss: 204Mb L: 47/78 MS: 5 ChangeByte-InsertRepeatedBytes-ChangeBit-ChangeByte-EraseBytes-
#520140	REDUCE cov: 347 ft: 633 corp: 142/2948b lim: 3623 exec/s: 260070 rss: 204Mb L: 28/78 MS: 1 EraseBytes-
#520434	REDUCE cov: 347 ft: 633 corp: 142/2947b lim: 3623 exec/s: 260217 rss: 204Mb L: 8/78 MS: 4 ChangeByte-CMP-ChangeBit-EraseBytes- DE: "\000\000"-
#521440	REDUCE cov: 347 ft: 633 corp: 142/2941b lim: 3623 exec/s: 260720 rss: 204Mb L: 41/78 MS: 1 EraseBytes-
#521657	REDUCE cov: 347 ft: 633 corp: 142/2935b lim: 3623 exec/s: 260828 rss: 204Mb L: 46/78 MS: 2 ChangeByte-EraseBytes-
#523403	REDUCE cov: 347 ft: 633 corp: 142/2933b lim: 3634 exec/s: 261701 rss: 205Mb L: 20/78 MS: 1 EraseBytes-
#524288	pulse  cov: 347 ft: 633 corp: 142/2933b lim: 3634 exec/s: 262144 rss: 205Mb
#528994	REDUCE cov: 347 ft: 633 corp: 142/2925b lim: 3689 exec/s: 264497 rss: 205Mb L: 31/78 MS: 1 EraseBytes-
#532782	NEW    cov: 347 ft: 638 corp: 143/2962b lim: 3722 exec/s: 266391 rss: 205Mb L: 37/78 MS: 3 ShuffleBytes-ShuffleBytes-CrossOver-
#532878	REDUCE cov: 347 ft: 638 corp: 143/2953b lim: 3722 exec/s: 266439 rss: 205Mb L: 26/78 MS: 1 EraseBytes-
#535125	REDUCE cov: 347 ft: 638 corp: 143/2949b lim: 3744 exec/s: 267562 rss: 205Mb L: 24/78 MS: 2 InsertByte-EraseBytes-
#536631	REDUCE cov: 347 ft: 638 corp: 143/2948b lim: 3755 exec/s: 268315 rss: 205Mb L: 27/78 MS: 1 EraseBytes-
#542372	REDUCE cov: 347 ft: 638 corp: 143/2926b lim: 3810 exec/s: 271186 rss: 205Mb L: 56/74 MS: 1 EraseBytes-
#542669	REDUCE cov: 347 ft: 638 corp: 143/2925b lim: 3810 exec/s: 271334 rss: 205Mb L: 45/74 MS: 2 ChangeBinInt-EraseBytes-
#546766	REDUCE cov: 347 ft: 638 corp: 143/2924b lim: 3843 exec/s: 273383 rss: 205Mb L: 64/74 MS: 2 ShuffleBytes-EraseBytes-
#549668	REDUCE cov: 347 ft: 638 corp: 143/2923b lim: 3865 exec/s: 274834 rss: 205Mb L: 73/73 MS: 2 ChangeASCIIInt-EraseBytes-
#549845	REDUCE cov: 347 ft: 638 corp: 143/2918b lim: 3865 exec/s: 274922 rss: 205Mb L: 36/73 MS: 2 CMP-EraseBytes- DE: "UUUUUUU\005"-
#550566	REDUCE cov: 347 ft: 638 corp: 143/2915b lim: 3865 exec/s: 275283 rss: 205Mb L: 34/73 MS: 1 EraseBytes-
#557238	REDUCE cov: 347 ft: 638 corp: 143/2912b lim: 3931 exec/s: 278619 rss: 205Mb L: 22/73 MS: 2 ChangeASCIIInt-EraseBytes-
#559900	REDUCE cov: 348 ft: 639 corp: 144/2949b lim: 3953 exec/s: 279950 rss: 205Mb L: 37/73 MS: 2 CopyPart-ChangeBit-
#560336	REDUCE cov: 350 ft: 641 corp: 145/2981b lim: 3953 exec/s: 280168 rss: 205Mb L: 32/73 MS: 1 CMP- DE: "poll"-
#561058	REDUCE cov: 352 ft: 643 corp: 146/3016b lim: 3953 exec/s: 280529 rss: 205Mb L: 35/73 MS: 2 InsertByte-CMP- DE: "cookies"-
#563049	REDUCE cov: 352 ft: 643 corp: 146/3009b lim: 3964 exec/s: 281524 rss: 206Mb L: 34/73 MS: 1 EraseBytes-
#563686	REDUCE cov: 352 ft: 643 corp: 146/3008b lim: 3964 exec/s: 281843 rss: 206Mb L: 25/73 MS: 2 CMP-EraseBytes- DE: "epu\207"-
#564637	REDUCE cov: 352 ft: 643 corp: 146/3005b lim: 3964 exec/s: 282318 rss: 206Mb L: 31/73 MS: 1 EraseBytes-
#565750	REDUCE cov: 352 ft: 643 corp: 146/3002b lim: 3975 exec/s: 282875 rss: 206Mb L: 29/73 MS: 3 ChangeByte-InsertByte-EraseBytes-
#566726	REDUCE cov: 352 ft: 643 corp: 146/3001b lim: 3975 exec/s: 283363 rss: 206Mb L: 29/73 MS: 1 EraseBytes-
#567273	REDUCE cov: 354 ft: 645 corp: 147/3104b lim: 3975 exec/s: 283636 rss: 206Mb L: 103/103 MS: 2 InsertRepeatedBytes-CMP- DE: "reach"-
#567406	REDUCE cov: 354 ft: 645 corp: 147/3064b lim: 3975 exec/s: 283703 rss: 206Mb L: 63/73 MS: 3 PersAutoDict-ChangeBinInt-EraseBytes- DE: "at"-
#568472	REDUCE cov: 354 ft: 645 corp: 147/3063b lim: 3975 exec/s: 189490 rss: 206Mb L: 62/73 MS: 1 EraseBytes-
#569023	REDUCE cov: 354 ft: 645 corp: 147/3059b lim: 3975 exec/s: 189674 rss: 206Mb L: 33/73 MS: 1 EraseBytes-
#569349	REDUCE cov: 354 ft: 645 corp: 147/3056b lim: 3975 exec/s: 189783 rss: 206Mb L: 59/73 MS: 1 EraseBytes-
#569655	RELOAD cov: 383 ft: 683 corp: 167/3882b lim: 3975 exec/s: 189885 rss: 206Mb
#569677	REDUCE cov: 383 ft: 683 corp: 167/3881b lim: 3975 exec/s: 189892 rss: 206Mb L: 14/83 MS: 2 ChangeByte-EraseBytes-
#571943	REDUCE cov: 383 ft: 683 corp: 167/3871b lim: 3997 exec/s: 190647 rss: 206Mb L: 36/83 MS: 1 EraseBytes-
#577714	REDUCE cov: 383 ft: 683 corp: 167/3870b lim: 4052 exec/s: 192571 rss: 206Mb L: 29/83 MS: 1 EraseBytes-
#578030	REDUCE cov: 383 ft: 683 corp: 167/3863b lim: 4052 exec/s: 192676 rss: 206Mb L: 52/83 MS: 1 EraseBytes-
#579788	REDUCE cov: 383 ft: 683 corp: 167/3862b lim: 4063 exec/s: 193262 rss: 206Mb L: 35/83 MS: 3 CopyPart-ChangeBit-EraseBytes-
#579939	REDUCE cov: 383 ft: 683 corp: 167/3860b lim: 4063 exec/s: 193313 rss: 206Mb L: 65/83 MS: 1 EraseBytes-
#580130	REDUCE cov: 383 ft: 683 corp: 167/3858b lim: 4063 exec/s: 193376 rss: 206Mb L: 12/83 MS: 1 EraseBytes-
#583816	REDUCE cov: 383 ft: 683 corp: 167/3857b lim: 4096 exec/s: 194605 rss: 206Mb L: 11/83 MS: 1 EraseBytes-
#584027	REDUCE cov: 383 ft: 683 corp: 167/3855b lim: 4096 exec/s: 194675 rss: 206Mb L: 27/83 MS: 1 EraseBytes-
#584563	REDUCE cov: 383 ft: 683 corp: 167/3851b lim: 4096 exec/s: 194854 rss: 206Mb L: 31/83 MS: 1 EraseBytes-
#584674	REDUCE cov: 383 ft: 683 corp: 167/3836b lim: 4096 exec/s: 194891 rss: 206Mb L: 65/83 MS: 1 EraseBytes-
#584805	REDUCE cov: 384 ft: 684 corp: 168/3864b lim: 4096 exec/s: 194935 rss: 206Mb L: 28/83 MS: 1 EraseBytes-
#585147	NEW    cov: 385 ft: 685 corp: 169/3930b lim: 4096 exec/s: 195049 rss: 206Mb L: 66/83 MS: 2 CrossOver-CopyPart-
#588768	REDUCE cov: 385 ft: 685 corp: 169/3927b lim: 4096 exec/s: 196256 rss: 206Mb L: 23/83 MS: 1 EraseBytes-
#592347	REDUCE cov: 385 ft: 685 corp: 169/3926b lim: 4096 exec/s: 197449 rss: 207Mb L: 30/83 MS: 4 CMP-ShuffleBytes-InsertByte-EraseBytes- DE: "\000\000\000\000\000\000\000\000"-
#593633	REDUCE cov: 385 ft: 685 corp: 169/3925b lim: 4096 exec/s: 197877 rss: 208Mb L: 37/83 MS: 1 EraseBytes-
#597940	REDUCE cov: 385 ft: 685 corp: 169/3917b lim: 4096 exec/s: 199313 rss: 208Mb L: 54/83 MS: 2 CrossOver-EraseBytes-
#599656	REDUCE cov: 385 ft: 685 corp: 169/3916b lim: 4096 exec/s: 199885 rss: 208Mb L: 29/83 MS: 1 EraseBytes-
#602148	REDUCE cov: 385 ft: 685 corp: 169/3909b lim: 4096 exec/s: 200716 rss: 211Mb L: 29/83 MS: 2 ChangeBinInt-EraseBytes-
#603480	REDUCE cov: 385 ft: 685 corp: 169/3900b lim: 4096 exec/s: 201160 rss: 211Mb L: 46/83 MS: 2 InsertByte-EraseBytes-
#605016	REDUCE cov: 385 ft: 685 corp: 169/3899b lim: 4096 exec/s: 201672 rss: 211Mb L: 28/83 MS: 1 EraseBytes-
#606123	REDUCE cov: 386 ft: 686 corp: 170/3936b lim: 4096 exec/s: 202041 rss: 211Mb L: 37/83 MS: 2 ChangeBinInt-CrossOver-
#608929	REDUCE cov: 386 ft: 686 corp: 170/3931b lim: 4096 exec/s: 202976 rss: 212Mb L: 24/83 MS: 1 EraseBytes-
#609160	REDUCE cov: 386 ft: 686 corp: 170/3930b lim: 4096 exec/s: 203053 rss: 212Mb L: 34/83 MS: 1 EraseBytes-
#610521	REDUCE cov: 386 ft: 686 corp: 170/3929b lim: 4096 exec/s: 203507 rss: 212Mb L: 36/83 MS: 1 EraseBytes-
#610582	REDUCE cov: 386 ft: 686 corp: 170/3928b lim: 4096 exec/s: 203527 rss: 212Mb L: 36/83 MS: 1 EraseBytes-
#611533	REDUCE cov: 386 ft: 686 corp: 170/3927b lim: 4096 exec/s: 203844 rss: 212Mb L: 36/83 MS: 1 EraseBytes-
#611541	REDUCE cov: 386 ft: 686 corp: 170/3907b lim: 4096 exec/s: 203847 rss: 212Mb L: 46/83 MS: 3 ShuffleBytes-ChangeBit-EraseBytes-
#611998	REDUCE cov: 386 ft: 686 corp: 170/3900b lim: 4096 exec/s: 203999 rss: 212Mb L: 27/83 MS: 2 ChangeBit-EraseBytes-
#619385	REDUCE cov: 386 ft: 686 corp: 170/3899b lim: 4096 exec/s: 206461 rss: 213Mb L: 24/83 MS: 2 ShuffleBytes-EraseBytes-
#620548	REDUCE cov: 387 ft: 687 corp: 171/3956b lim: 4096 exec/s: 206849 rss: 213Mb L: 57/83 MS: 3 ChangeBinInt-InsertByte-CopyPart-
#621289	REDUCE cov: 387 ft: 687 corp: 171/3953b lim: 4096 exec/s: 207096 rss: 214Mb L: 32/83 MS: 1 EraseBytes-
#624055	NEW    cov: 390 ft: 690 corp: 172/4104b lim: 4096 exec/s: 208018 rss: 215Mb L: 151/151 MS: 1 InsertRepeatedBytes-
#625816	REDUCE cov: 390 ft: 690 corp: 172/4096b lim: 4096 exec/s: 208605 rss: 215Mb L: 49/151 MS: 1 EraseBytes-
#626257	REDUCE cov: 390 ft: 690 corp: 172/4078b lim: 4096 exec/s: 208752 rss: 215Mb L: 133/133 MS: 1 EraseBytes-
#627983	REDUCE cov: 390 ft: 690 corp: 172/4031b lim: 4096 exec/s: 209327 rss: 215Mb L: 86/86 MS: 1 EraseBytes-
#632149	REDUCE cov: 390 ft: 690 corp: 172/4030b lim: 4096 exec/s: 210716 rss: 216Mb L: 55/86 MS: 1 EraseBytes-
#633138	REDUCE cov: 390 ft: 690 corp: 172/4009b lim: 4096 exec/s: 211046 rss: 216Mb L: 65/83 MS: 4 CMP-ChangeBinInt-PersAutoDict-EraseBytes- DE: "DDDD\"&\"\177"-"\377\377\017\000"-
#634607	REDUCE cov: 390 ft: 690 corp: 172/3989b lim: 4096 exec/s: 211535 rss: 216Mb L: 45/83 MS: 4 PersAutoDict-ChangeBinInt-ChangeBinInt-EraseBytes- DE: "reach"-
#637944	NEW    cov: 391 ft: 691 corp: 173/4072b lim: 4096 exec/s: 212648 rss: 216Mb L: 83/83 MS: 2 PersAutoDict-ChangeBinInt- DE: "last"-
#638725	REDUCE cov: 391 ft: 691 corp: 173/4069b lim: 4096 exec/s: 212908 rss: 216Mb L: 26/83 MS: 1 EraseBytes-
#639078	REDUCE cov: 391 ft: 691 corp: 173/4066b lim: 4096 exec/s: 213026 rss: 217Mb L: 43/83 MS: 3 ChangeBinInt-ShuffleBytes-EraseBytes-
#640771	REDUCE cov: 391 ft: 691 corp: 173/4033b lim: 4096 exec/s: 213590 rss: 217Mb L: 50/83 MS: 3 ChangeBinInt-ShuffleBytes-EraseBytes-
#640943	REDUCE cov: 391 ft: 691 corp: 173/4022b lim: 4096 exec/s: 213647 rss: 217Mb L: 39/83 MS: 2 PersAutoDict-EraseBytes- DE: "epu\207"-
#644659	REDUCE cov: 391 ft: 691 corp: 173/4018b lim: 4096 exec/s: 214886 rss: 217Mb L: 24/83 MS: 1 EraseBytes-
#646292	REDUCE cov: 391 ft: 691 corp: 173/4015b lim: 4096 exec/s: 215430 rss: 218Mb L: 42/83 MS: 3 ChangeByte-ChangeByte-EraseBytes-
#647008	REDUCE cov: 391 ft: 691 corp: 173/4007b lim: 4096 exec/s: 215669 rss: 218Mb L: 34/83 MS: 1 EraseBytes-
#648509	REDUCE cov: 391 ft: 691 corp: 173/4003b lim: 4096 exec/s: 216169 rss: 218Mb L: 45/83 MS: 1 EraseBytes-
#650366	REDUCE cov: 391 ft: 691 corp: 173/4002b lim: 4096 exec/s: 216788 rss: 218Mb L: 63/83 MS: 2 ChangeBit-EraseBytes-
#650422	REDUCE cov: 391 ft: 691 corp: 173/4001b lim: 4096 exec/s: 216807 rss: 218Mb L: 13/83 MS: 1 EraseBytes-
#650803	REDUCE cov: 391 ft: 691 corp: 173/3994b lim: 4096 exec/s: 216934 rss: 218Mb L: 38/83 MS: 1 EraseBytes-
#651124	REDUCE cov: 391 ft: 691 corp: 173/3989b lim: 4096 exec/s: 217041 rss: 218Mb L: 29/83 MS: 1 EraseBytes-
#652886	REDUCE cov: 391 ft: 691 corp: 173/3986b lim: 4096 exec/s: 217628 rss: 218Mb L: 36/83 MS: 2 CopyPart-EraseBytes-
#654012	REDUCE cov: 391 ft: 691 corp: 173/3985b lim: 4096 exec/s: 218004 rss: 218Mb L: 20/83 MS: 1 EraseBytes-
#654303	REDUCE cov: 391 ft: 691 corp: 173/3979b lim: 4096 exec/s: 218101 rss: 218Mb L: 32/83 MS: 1 EraseBytes-
#658842	REDUCE cov: 393 ft: 693 corp: 174/4020b lim: 4096 exec/s: 219614 rss: 218Mb L: 41/83 MS: 4 InsertByte-PersAutoDict-CopyPart-CMP- DE: "\377\377\017\000"-"address"-
#669113	REDUCE cov: 393 ft: 693 corp: 174/4017b lim: 4096 exec/s: 223037 rss: 220Mb L: 33/83 MS: 1 EraseBytes-
#672104	REDUCE cov: 393 ft: 693 corp: 174/4016b lim: 4096 exec/s: 224034 rss: 220Mb L: 28/83 MS: 1 EraseBytes-
#673076	REDUCE cov: 393 ft: 693 corp: 174/4003b lim: 4096 exec/s: 224358 rss: 220Mb L: 28/83 MS: 2 InsertByte-EraseBytes-
#679722	REDUCE cov: 393 ft: 693 corp: 174/3991b lim: 4096 exec/s: 226574 rss: 220Mb L: 40/83 MS: 1 EraseBytes-
#681116	REDUCE cov: 393 ft: 693 corp: 174/3989b lim: 4096 exec/s: 227038 rss: 220Mb L: 46/83 MS: 4 ChangeByte-CopyPart-ChangeBit-EraseBytes-
#684707	REDUCE cov: 393 ft: 693 corp: 174/3986b lim: 4096 exec/s: 228235 rss: 220Mb L: 25/83 MS: 1 EraseBytes-
#684888	REDUCE cov: 393 ft: 693 corp: 174/3982b lim: 4096 exec/s: 228296 rss: 220Mb L: 24/83 MS: 1 EraseBytes-
#687384	REDUCE cov: 393 ft: 693 corp: 174/3977b lim: 4096 exec/s: 229128 rss: 220Mb L: 31/83 MS: 1 EraseBytes-
#690406	REDUCE cov: 393 ft: 693 corp: 174/3976b lim: 4096 exec/s: 230135 rss: 221Mb L: 11/83 MS: 2 InsertByte-EraseBytes-
#697557	REDUCE cov: 393 ft: 693 corp: 174/3975b lim: 4096 exec/s: 232519 rss: 221Mb L: 31/83 MS: 1 EraseBytes-
#700128	REDUCE cov: 398 ft: 698 corp: 175/4027b lim: 4096 exec/s: 233376 rss: 221Mb L: 52/83 MS: 1 CopyPart-
#701439	REDUCE cov: 398 ft: 698 corp: 175/4013b lim: 4096 exec/s: 233813 rss: 221Mb L: 38/83 MS: 1 EraseBytes-
#701445	REDUCE cov: 398 ft: 698 corp: 175/4011b lim: 4096 exec/s: 233815 rss: 221Mb L: 27/83 MS: 1 EraseBytes-
#704616	REDUCE cov: 398 ft: 698 corp: 175/4010b lim: 4096 exec/s: 234872 rss: 221Mb L: 27/83 MS: 1 EraseBytes-
#705367	REDUCE cov: 398 ft: 698 corp: 175/4009b lim: 4096 exec/s: 235122 rss: 221Mb L: 13/83 MS: 1 EraseBytes-
#705523	NEW    cov: 398 ft: 700 corp: 176/4043b lim: 4096 exec/s: 235174 rss: 221Mb L: 34/83 MS: 1 EraseBytes-
#706724	REDUCE cov: 398 ft: 700 corp: 176/4042b lim: 4096 exec/s: 235574 rss: 221Mb L: 12/83 MS: 1 EraseBytes-
#707865	REDUCE cov: 398 ft: 700 corp: 176/4039b lim: 4096 exec/s: 235955 rss: 221Mb L: 28/83 MS: 1 EraseBytes-
#709102	REDUCE cov: 398 ft: 701 corp: 177/4104b lim: 4096 exec/s: 236367 rss: 221Mb L: 65/83 MS: 2 CopyPart-CMP- DE: "\001\000\000\000\000\000\000\000"-
#710626	REDUCE cov: 398 ft: 701 corp: 177/4100b lim: 4096 exec/s: 236875 rss: 221Mb L: 42/83 MS: 4 ChangeByte-ChangeBit-EraseBytes-InsertByte-
#710732	REDUCE cov: 398 ft: 701 corp: 177/4093b lim: 4096 exec/s: 236910 rss: 221Mb L: 43/83 MS: 1 EraseBytes-
#713648	REDUCE cov: 398 ft: 701 corp: 177/4092b lim: 4096 exec/s: 237882 rss: 221Mb L: 11/83 MS: 1 EraseBytes-
#715394	REDUCE cov: 398 ft: 701 corp: 177/4090b lim: 4096 exec/s: 238464 rss: 221Mb L: 35/83 MS: 1 EraseBytes-
#716225	REDUCE cov: 398 ft: 701 corp: 177/4075b lim: 4096 exec/s: 238741 rss: 221Mb L: 40/83 MS: 1 EraseBytes-
#717256	REDUCE cov: 398 ft: 701 corp: 177/4070b lim: 4096 exec/s: 239085 rss: 221Mb L: 26/83 MS: 1 EraseBytes-
#717542	REDUCE cov: 398 ft: 701 corp: 177/4068b lim: 4096 exec/s: 239180 rss: 221Mb L: 27/83 MS: 1 EraseBytes-
#718623	REDUCE cov: 398 ft: 701 corp: 177/4066b lim: 4096 exec/s: 239541 rss: 221Mb L: 24/83 MS: 1 EraseBytes-
#721539	REDUCE cov: 398 ft: 701 corp: 177/4046b lim: 4096 exec/s: 240513 rss: 221Mb L: 23/83 MS: 1 EraseBytes-
#724197	REDUCE cov: 398 ft: 701 corp: 177/4037b lim: 4096 exec/s: 241399 rss: 221Mb L: 56/83 MS: 3 ShuffleBytes-CopyPart-EraseBytes-
#729403	REDUCE cov: 398 ft: 701 corp: 177/4036b lim: 4096 exec/s: 243134 rss: 221Mb L: 37/83 MS: 1 EraseBytes-
#732089	REDUCE cov: 398 ft: 701 corp: 177/4035b lim: 4096 exec/s: 244029 rss: 221Mb L: 55/83 MS: 1 EraseBytes-
#733170	REDUCE cov: 398 ft: 701 corp: 177/4034b lim: 4096 exec/s: 244390 rss: 221Mb L: 24/83 MS: 1 EraseBytes-
#742199	REDUCE cov: 398 ft: 701 corp: 177/4031b lim: 4096 exec/s: 247399 rss: 221Mb L: 80/80 MS: 4 ChangeByte-ChangeBit-ChangeBinInt-EraseBytes-
#745060	REDUCE cov: 398 ft: 701 corp: 177/4026b lim: 4096 exec/s: 248353 rss: 221Mb L: 50/80 MS: 1 EraseBytes-
#748786	REDUCE cov: 400 ft: 703 corp: 178/4062b lim: 4096 exec/s: 249595 rss: 221Mb L: 36/80 MS: 1 CrossOver-
#749422	REDUCE cov: 400 ft: 703 corp: 178/4057b lim: 4096 exec/s: 249807 rss: 222Mb L: 32/80 MS: 1 EraseBytes-
#749948	REDUCE cov: 400 ft: 703 corp: 178/4056b lim: 4096 exec/s: 249982 rss: 222Mb L: 26/80 MS: 1 EraseBytes-
#753741	RELOAD cov: 407 ft: 713 corp: 185/4334b lim: 4096 exec/s: 188435 rss: 222Mb
#755087	REDUCE cov: 407 ft: 713 corp: 185/4325b lim: 4096 exec/s: 188771 rss: 222Mb L: 31/80 MS: 1 EraseBytes-
#765049	NEW    cov: 407 ft: 714 corp: 186/4395b lim: 4096 exec/s: 191262 rss: 222Mb L: 70/80 MS: 2 ChangeByte-CopyPart-
#770661	REDUCE cov: 407 ft: 714 corp: 186/4385b lim: 4096 exec/s: 192665 rss: 222Mb L: 60/80 MS: 2 ChangeASCIIInt-EraseBytes-
#771262	REDUCE cov: 407 ft: 714 corp: 186/4384b lim: 4096 exec/s: 192815 rss: 222Mb L: 16/80 MS: 1 EraseBytes-
#772583	REDUCE cov: 407 ft: 714 corp: 186/4383b lim: 4096 exec/s: 193145 rss: 222Mb L: 24/80 MS: 1 EraseBytes-
#781744	REDUCE cov: 407 ft: 714 corp: 186/4381b lim: 4096 exec/s: 195436 rss: 223Mb L: 48/80 MS: 1 EraseBytes-
#788620	REDUCE cov: 407 ft: 714 corp: 186/4380b lim: 4096 exec/s: 197155 rss: 223Mb L: 39/80 MS: 1 EraseBytes-
#788791	REDUCE cov: 407 ft: 714 corp: 186/4379b lim: 4096 exec/s: 197197 rss: 223Mb L: 11/80 MS: 1 EraseBytes-
#788852	REDUCE cov: 407 ft: 714 corp: 186/4375b lim: 4096 exec/s: 197213 rss: 223Mb L: 56/80 MS: 1 EraseBytes-
#789283	REDUCE cov: 407 ft: 714 corp: 186/4372b lim: 4096 exec/s: 197320 rss: 223Mb L: 62/80 MS: 1 EraseBytes-
#791259	REDUCE cov: 407 ft: 714 corp: 186/4369b lim: 4096 exec/s: 197814 rss: 224Mb L: 43/80 MS: 1 EraseBytes-
#793180	REDUCE cov: 407 ft: 714 corp: 186/4361b lim: 4096 exec/s: 198295 rss: 224Mb L: 42/80 MS: 1 EraseBytes-
#794748	REDUCE cov: 407 ft: 714 corp: 186/4360b lim: 4096 exec/s: 198687 rss: 224Mb L: 17/80 MS: 3 ChangeBit-ShuffleBytes-EraseBytes-
#797719	REDUCE cov: 407 ft: 714 corp: 186/4359b lim: 4096 exec/s: 199429 rss: 224Mb L: 27/80 MS: 1 EraseBytes-
#805943	REDUCE cov: 407 ft: 714 corp: 186/4356b lim: 4096 exec/s: 201485 rss: 224Mb L: 12/80 MS: 4 ChangeByte-ChangeBit-ChangeByte-EraseBytes-
#809419	REDUCE cov: 407 ft: 714 corp: 186/4348b lim: 4096 exec/s: 202354 rss: 224Mb L: 53/80 MS: 1 EraseBytes-
#810162	REDUCE cov: 407 ft: 714 corp: 186/4347b lim: 4096 exec/s: 202540 rss: 224Mb L: 12/80 MS: 3 ShuffleBytes-CopyPart-EraseBytes-
#811658	REDUCE cov: 407 ft: 714 corp: 186/4340b lim: 4096 exec/s: 202914 rss: 224Mb L: 41/80 MS: 1 EraseBytes-
#812644	REDUCE cov: 407 ft: 714 corp: 186/4332b lim: 4096 exec/s: 203161 rss: 224Mb L: 54/80 MS: 1 EraseBytes-
#826645	REDUCE cov: 407 ft: 714 corp: 186/4328b lim: 4096 exec/s: 206661 rss: 224Mb L: 34/80 MS: 1 EraseBytes-
#827362	REDUCE cov: 407 ft: 714 corp: 186/4314b lim: 4096 exec/s: 206840 rss: 224Mb L: 25/80 MS: 2 ChangeBit-EraseBytes-
#832713	REDUCE cov: 407 ft: 714 corp: 186/4313b lim: 4096 exec/s: 208178 rss: 224Mb L: 40/80 MS: 1 EraseBytes-
#837404	REDUCE cov: 407 ft: 714 corp: 186/4311b lim: 4096 exec/s: 209351 rss: 224Mb L: 51/80 MS: 1 EraseBytes-
#837495	REDUCE cov: 408 ft: 715 corp: 187/4339b lim: 4096 exec/s: 209373 rss: 224Mb L: 28/80 MS: 1 CMP- DE: "\003\000"-
#854036	REDUCE cov: 408 ft: 715 corp: 187/4338b lim: 4096 exec/s: 213509 rss: 224Mb L: 23/80 MS: 1 EraseBytes-
#856722	REDUCE cov: 408 ft: 715 corp: 187/4336b lim: 4096 exec/s: 214180 rss: 224Mb L: 12/80 MS: 1 EraseBytes-
#858603	REDUCE cov: 408 ft: 715 corp: 187/4334b lim: 4096 exec/s: 214650 rss: 224Mb L: 22/80 MS: 1 EraseBytes-
#863391	REDUCE cov: 410 ft: 739 corp: 188/4397b lim: 4096 exec/s: 215847 rss: 224Mb L: 63/80 MS: 3 PersAutoDict-ChangeByte-InsertRepeatedBytes- DE: "\003\000"-
#863515	REDUCE cov: 410 ft: 739 corp: 188/4380b lim: 4096 exec/s: 215878 rss: 224Mb L: 46/80 MS: 4 CMP-ShuffleBytes-InsertByte-EraseBytes- DE: "\377\377\377\377\377\377\377\377"-
#863681	REDUCE cov: 410 ft: 740 corp: 189/4434b lim: 4096 exec/s: 215920 rss: 224Mb L: 54/80 MS: 1 CMP- DE: "\001\000\000\000\000\000\000\001"-
#864407	REDUCE cov: 410 ft: 740 corp: 189/4412b lim: 4096 exec/s: 216101 rss: 224Mb L: 32/80 MS: 1 EraseBytes-
#864988	REDUCE cov: 410 ft: 740 corp: 189/4405b lim: 4096 exec/s: 216247 rss: 224Mb L: 25/80 MS: 1 EraseBytes-
#865034	REDUCE cov: 410 ft: 742 corp: 190/4451b lim: 4096 exec/s: 216258 rss: 224Mb L: 46/80 MS: 1 CMP- DE: "source~"-
#865461	REDUCE cov: 410 ft: 742 corp: 190/4445b lim: 4096 exec/s: 216365 rss: 224Mb L: 40/80 MS: 2 InsertByte-EraseBytes-
#866179	REDUCE cov: 410 ft: 742 corp: 190/4433b lim: 4096 exec/s: 216544 rss: 224Mb L: 34/80 MS: 3 ShuffleBytes-CopyPart-EraseBytes-
#866990	REDUCE cov: 410 ft: 742 corp: 190/4430b lim: 4096 exec/s: 216747 rss: 224Mb L: 41/80 MS: 1 EraseBytes-
#867296	REDUCE cov: 410 ft: 742 corp: 190/4420b lim: 4096 exec/s: 216824 rss: 224Mb L: 30/80 MS: 1 EraseBytes-
#869357	REDUCE cov: 410 ft: 742 corp: 190/4419b lim: 4096 exec/s: 217339 rss: 224Mb L: 33/80 MS: 1 EraseBytes-
#869819	REDUCE cov: 410 ft: 742 corp: 190/4416b lim: 4096 exec/s: 217454 rss: 224Mb L: 33/80 MS: 2 ChangeByte-EraseBytes-
#872256	REDUCE cov: 410 ft: 742 corp: 190/4412b lim: 4096 exec/s: 218064 rss: 224Mb L: 21/80 MS: 2 EraseBytes-ChangeBit-
#873647	REDUCE cov: 410 ft: 742 corp: 190/4405b lim: 4096 exec/s: 218411 rss: 224Mb L: 33/80 MS: 1 EraseBytes-
#874183	REDUCE cov: 410 ft: 742 corp: 190/4402b lim: 4096 exec/s: 218545 rss: 224Mb L: 27/80 MS: 1 EraseBytes-
#878145	REDUCE cov: 410 ft: 742 corp: 190/4399b lim: 4096 exec/s: 219536 rss: 224Mb L: 33/80 MS: 2 ChangeByte-EraseBytes-
#881026	REDUCE cov: 410 ft: 742 corp: 190/4397b lim: 4096 exec/s: 220256 rss: 224Mb L: 19/80 MS: 1 EraseBytes-
#881029	REDUCE cov: 410 ft: 742 corp: 190/4395b lim: 4096 exec/s: 220257 rss: 224Mb L: 74/80 MS: 3 CMP-ChangeBinInt-EraseBytes- DE: "\000\000\000\000"-
#883580	REDUCE cov: 410 ft: 742 corp: 190/4390b lim: 4096 exec/s: 220895 rss: 224Mb L: 28/80 MS: 1 EraseBytes-
#884658	REDUCE cov: 410 ft: 742 corp: 190/4389b lim: 4096 exec/s: 221164 rss: 224Mb L: 47/80 MS: 3 InsertByte-EraseBytes-EraseBytes-
#885840	REDUCE cov: 410 ft: 742 corp: 190/4384b lim: 4096 exec/s: 221460 rss: 224Mb L: 22/80 MS: 2 ShuffleBytes-EraseBytes-
#889731	REDUCE cov: 410 ft: 742 corp: 190/4381b lim: 4096 exec/s: 222432 rss: 224Mb L: 25/80 MS: 1 EraseBytes-
#895303	REDUCE cov: 410 ft: 742 corp: 190/4379b lim: 4096 exec/s: 223825 rss: 224Mb L: 54/80 MS: 2 EraseBytes-InsertByte-
#896899	REDUCE cov: 410 ft: 742 corp: 190/4378b lim: 4096 exec/s: 224224 rss: 224Mb L: 23/80 MS: 1 EraseBytes-
#898570	REDUCE cov: 410 ft: 742 corp: 190/4376b lim: 4096 exec/s: 224642 rss: 224Mb L: 23/80 MS: 1 EraseBytes-
#900116	REDUCE cov: 410 ft: 742 corp: 190/4375b lim: 4096 exec/s: 225029 rss: 224Mb L: 27/80 MS: 1 EraseBytes-
#900372	REDUCE cov: 410 ft: 742 corp: 190/4373b lim: 4096 exec/s: 225093 rss: 224Mb L: 20/80 MS: 1 EraseBytes-
#903828	REDUCE cov: 410 ft: 742 corp: 190/4371b lim: 4096 exec/s: 225957 rss: 224Mb L: 31/80 MS: 1 EraseBytes-
#904134	REDUCE cov: 410 ft: 742 corp: 190/4370b lim: 4096 exec/s: 226033 rss: 224Mb L: 22/80 MS: 1 EraseBytes-
#906140	REDUCE cov: 410 ft: 742 corp: 190/4369b lim: 4096 exec/s: 226535 rss: 224Mb L: 50/80 MS: 1 EraseBytes-
#908401	REDUCE cov: 410 ft: 742 corp: 190/4368b lim: 4096 exec/s: 227100 rss: 224Mb L: 32/80 MS: 1 EraseBytes-
#911977	REDUCE cov: 410 ft: 742 corp: 190/4367b lim: 4096 exec/s: 227994 rss: 224Mb L: 27/80 MS: 1 EraseBytes-
#913373	REDUCE cov: 410 ft: 742 corp: 190/4351b lim: 4096 exec/s: 228343 rss: 224Mb L: 25/80 MS: 1 EraseBytes-
#917195	REDUCE cov: 410 ft: 742 corp: 190/4346b lim: 4096 exec/s: 229298 rss: 224Mb L: 69/80 MS: 2 ShuffleBytes-EraseBytes-
#920889	RELOAD cov: 410 ft: 743 corp: 191/4382b lim: 4096 exec/s: 184177 rss: 224Mb
#923840	REDUCE cov: 410 ft: 743 corp: 191/4381b lim: 4096 exec/s: 184768 rss: 224Mb L: 16/80 MS: 1 EraseBytes-
#935076	REDUCE cov: 410 ft: 743 corp: 191/4374b lim: 4096 exec/s: 187015 rss: 224Mb L: 12/80 MS: 1 EraseBytes-
#937262	REDUCE cov: 410 ft: 743 corp: 191/4369b lim: 4096 exec/s: 187452 rss: 224Mb L: 38/80 MS: 1 EraseBytes-
#940074	REDUCE cov: 410 ft: 743 corp: 191/4368b lim: 4096 exec/s: 188014 rss: 224Mb L: 16/80 MS: 2 ChangeBit-EraseBytes-
#945226	REDUCE cov: 410 ft: 743 corp: 191/4365b lim: 4096 exec/s: 189045 rss: 224Mb L: 23/80 MS: 2 CopyPart-EraseBytes-
#957697	REDUCE cov: 410 ft: 743 corp: 191/4358b lim: 4096 exec/s: 191539 rss: 224Mb L: 24/80 MS: 1 EraseBytes-
#970548	REDUCE cov: 410 ft: 743 corp: 191/4353b lim: 4096 exec/s: 194109 rss: 224Mb L: 22/80 MS: 1 EraseBytes-
#970924	REDUCE cov: 410 ft: 743 corp: 191/4352b lim: 4096 exec/s: 194184 rss: 224Mb L: 21/80 MS: 1 EraseBytes-
#981955	REDUCE cov: 410 ft: 743 corp: 191/4351b lim: 4096 exec/s: 196391 rss: 224Mb L: 24/80 MS: 1 EraseBytes-
#982861	REDUCE cov: 410 ft: 743 corp: 191/4350b lim: 4096 exec/s: 196572 rss: 224Mb L: 25/80 MS: 1 EraseBytes-
#986752	REDUCE cov: 410 ft: 743 corp: 191/4349b lim: 4096 exec/s: 197350 rss: 224Mb L: 19/80 MS: 1 EraseBytes-
#992633	REDUCE cov: 410 ft: 743 corp: 191/4348b lim: 4096 exec/s: 198526 rss: 224Mb L: 20/80 MS: 1 EraseBytes-
#1006979	REDUCE cov: 410 ft: 743 corp: 191/4347b lim: 4096 exec/s: 201395 rss: 224Mb L: 15/80 MS: 1 EraseBytes-
#1011876	REDUCE cov: 412 ft: 745 corp: 192/4379b lim: 4096 exec/s: 202375 rss: 224Mb L: 32/80 MS: 2 PersAutoDict-CMP- DE: "note"-"frequency_ppm"-
#1015067	REDUCE cov: 412 ft: 745 corp: 192/4374b lim: 4096 exec/s: 203013 rss: 224Mb L: 42/80 MS: 1 EraseBytes-
#1015813	REDUCE cov: 412 ft: 745 corp: 192/4373b lim: 4096 exec/s: 203162 rss: 224Mb L: 53/80 MS: 1 EraseBytes-
#1018634	REDUCE cov: 412 ft: 745 corp: 192/4370b lim: 4096 exec/s: 203726 rss: 224Mb L: 29/80 MS: 1 EraseBytes-
#1019450	REDUCE cov: 412 ft: 745 corp: 192/4365b lim: 4096 exec/s: 203890 rss: 224Mb L: 24/80 MS: 1 EraseBytes-
#1020122	NEW    cov: 412 ft: 746 corp: 193/4427b lim: 4096 exec/s: 204024 rss: 224Mb L: 62/80 MS: 2 ChangeByte-CopyPart-
#1021469	REDUCE cov: 412 ft: 746 corp: 193/4423b lim: 4096 exec/s: 204293 rss: 224Mb L: 20/80 MS: 2 InsertByte-EraseBytes-
#1022025	REDUCE cov: 412 ft: 746 corp: 193/4420b lim: 4096 exec/s: 204405 rss: 224Mb L: 17/80 MS: 1 EraseBytes-
#1023247	REDUCE cov: 412 ft: 746 corp: 193/4414b lim: 4096 exec/s: 204649 rss: 224Mb L: 47/80 MS: 2 InsertByte-EraseBytes-
#1026473	REDUCE cov: 412 ft: 746 corp: 193/4409b lim: 4096 exec/s: 205294 rss: 224Mb L: 57/80 MS: 1 EraseBytes-
#1038589	REDUCE cov: 412 ft: 746 corp: 193/4404b lim: 4096 exec/s: 207717 rss: 224Mb L: 52/80 MS: 1 EraseBytes-
#1045745	REDUCE cov: 412 ft: 746 corp: 193/4403b lim: 4096 exec/s: 209149 rss: 224Mb L: 23/80 MS: 1 EraseBytes-
#1048576	pulse  cov: 412 ft: 746 corp: 193/4403b lim: 4096 exec/s: 209715 rss: 224Mb
#1066926	REDUCE cov: 412 ft: 746 corp: 193/4400b lim: 4096 exec/s: 213385 rss: 224Mb L: 49/80 MS: 1 EraseBytes-
#1073263	REDUCE cov: 412 ft: 746 corp: 193/4398b lim: 4096 exec/s: 214652 rss: 224Mb L: 10/80 MS: 2 ChangeBinInt-EraseBytes-
#1073459	REDUCE cov: 412 ft: 746 corp: 193/4393b lim: 4096 exec/s: 214691 rss: 224Mb L: 59/80 MS: 1 EraseBytes-
	NEW_FUNC[1/1]: 0x5f82ad8d12d0  (/home/jack/projects/peios/timed/fuzz/target/x86_64-unknown-linux-gnu/release/time_wire+0x1442d0) (BuildId: 7ca9100398e2386a3523e950c0181d0d5ddd72ae)
#1084906	RELOAD cov: 423 ft: 759 corp: 197/4522b lim: 4096 exec/s: 180817 rss: 224Mb
#1093082	REDUCE cov: 423 ft: 759 corp: 197/4521b lim: 4096 exec/s: 182180 rss: 224Mb L: 48/80 MS: 1 EraseBytes-
#1110604	REDUCE cov: 423 ft: 759 corp: 197/4520b lim: 4096 exec/s: 185100 rss: 224Mb L: 26/80 MS: 2 PersAutoDict-EraseBytes- DE: "stepped"-
#1111650	REDUCE cov: 423 ft: 759 corp: 197/4517b lim: 4096 exec/s: 185275 rss: 224Mb L: 48/80 MS: 1 EraseBytes-
#1122016	REDUCE cov: 423 ft: 759 corp: 197/4516b lim: 4096 exec/s: 187002 rss: 224Mb L: 21/80 MS: 1 EraseBytes-
#1122017	REDUCE cov: 423 ft: 759 corp: 197/4515b lim: 4096 exec/s: 187002 rss: 224Mb L: 79/79 MS: 1 EraseBytes-
#1123769	REDUCE cov: 423 ft: 759 corp: 197/4513b lim: 4096 exec/s: 187294 rss: 224Mb L: 20/79 MS: 2 ChangeBinInt-EraseBytes-
#1132755	REDUCE cov: 423 ft: 759 corp: 197/4512b lim: 4096 exec/s: 188792 rss: 224Mb L: 32/79 MS: 1 EraseBytes-
#1134571	REDUCE cov: 423 ft: 759 corp: 197/4510b lim: 4096 exec/s: 189095 rss: 224Mb L: 21/79 MS: 1 EraseBytes-
#1137452	REDUCE cov: 423 ft: 759 corp: 197/4503b lim: 4096 exec/s: 189575 rss: 224Mb L: 35/79 MS: 1 EraseBytes-
#1142358	REDUCE cov: 423 ft: 759 corp: 197/4502b lim: 4096 exec/s: 190393 rss: 224Mb L: 47/79 MS: 1 EraseBytes-
#1155629	REDUCE cov: 423 ft: 759 corp: 197/4501b lim: 4096 exec/s: 192604 rss: 224Mb L: 53/79 MS: 1 EraseBytes-
#1159845	REDUCE cov: 423 ft: 759 corp: 197/4500b lim: 4096 exec/s: 193307 rss: 224Mb L: 22/79 MS: 1 EraseBytes-
#1163686	REDUCE cov: 423 ft: 759 corp: 197/4498b lim: 4096 exec/s: 193947 rss: 224Mb L: 51/79 MS: 1 EraseBytes-
#1165327	REDUCE cov: 423 ft: 759 corp: 197/4486b lim: 4096 exec/s: 194221 rss: 224Mb L: 35/79 MS: 1 EraseBytes-
#1179453	REDUCE cov: 423 ft: 759 corp: 197/4484b lim: 4096 exec/s: 196575 rss: 224Mb L: 11/79 MS: 1 EraseBytes-
#1188229	REDUCE cov: 423 ft: 759 corp: 197/4477b lim: 4096 exec/s: 198038 rss: 224Mb L: 25/79 MS: 1 EraseBytes-
#1191155	REDUCE cov: 423 ft: 759 corp: 197/4476b lim: 4096 exec/s: 198525 rss: 224Mb L: 8/79 MS: 1 EraseBytes-
#1194168	REDUCE cov: 423 ft: 759 corp: 197/4475b lim: 4096 exec/s: 199028 rss: 224Mb L: 42/79 MS: 3 CrossOver-ChangeByte-EraseBytes-
#1195479	REDUCE cov: 423 ft: 759 corp: 197/4468b lim: 4096 exec/s: 199246 rss: 224Mb L: 28/79 MS: 1 EraseBytes-
#1203350	REDUCE cov: 423 ft: 759 corp: 197/4466b lim: 4096 exec/s: 200558 rss: 224Mb L: 27/79 MS: 1 EraseBytes-
#1219223	NEW    cov: 423 ft: 760 corp: 198/4506b lim: 4096 exec/s: 203203 rss: 224Mb L: 40/79 MS: 3 ChangeBinInt-ChangeBit-CopyPart-
#1223294	REDUCE cov: 423 ft: 760 corp: 198/4505b lim: 4096 exec/s: 203882 rss: 224Mb L: 46/79 MS: 1 EraseBytes-
#1240070	REDUCE cov: 423 ft: 760 corp: 198/4502b lim: 4096 exec/s: 206678 rss: 224Mb L: 22/79 MS: 1 EraseBytes-
#1245349	RELOAD cov: 424 ft: 764 corp: 201/4617b lim: 4096 exec/s: 177907 rss: 224Mb
#1246380	REDUCE cov: 424 ft: 764 corp: 201/4614b lim: 4096 exec/s: 178054 rss: 224Mb L: 50/79 MS: 1 EraseBytes-
#1250166	REDUCE cov: 424 ft: 764 corp: 201/4613b lim: 4096 exec/s: 178595 rss: 224Mb L: 41/79 MS: 1 EraseBytes-
#1253302	REDUCE cov: 424 ft: 764 corp: 201/4611b lim: 4096 exec/s: 179043 rss: 224Mb L: 40/79 MS: 1 EraseBytes-
#1266499	REDUCE cov: 424 ft: 764 corp: 201/4607b lim: 4096 exec/s: 180928 rss: 224Mb L: 46/79 MS: 2 ChangeBit-EraseBytes-
#1277056	REDUCE cov: 424 ft: 768 corp: 202/4638b lim: 4096 exec/s: 182436 rss: 224Mb L: 31/79 MS: 2 InsertByte-CrossOver-
#1278462	NEW    cov: 425 ft: 770 corp: 203/4688b lim: 4096 exec/s: 182637 rss: 224Mb L: 50/79 MS: 1 CopyPart-
#1279789	REDUCE cov: 425 ft: 770 corp: 203/4685b lim: 4096 exec/s: 182827 rss: 224Mb L: 28/79 MS: 2 InsertByte-EraseBytes-
#1281840	REDUCE cov: 425 ft: 770 corp: 203/4679b lim: 4096 exec/s: 183120 rss: 224Mb L: 44/79 MS: 1 EraseBytes-
#1283337	REDUCE cov: 425 ft: 770 corp: 203/4674b lim: 4096 exec/s: 183333 rss: 224Mb L: 39/79 MS: 2 CMP-EraseBytes- DE: "\377\377\377\377"-
#1283693	REDUCE cov: 426 ft: 771 corp: 204/4710b lim: 4096 exec/s: 183384 rss: 224Mb L: 36/79 MS: 1 CMP- DE: "/\000\000\000\000\000\000\000"-
#1286059	REDUCE cov: 426 ft: 771 corp: 204/4709b lim: 4096 exec/s: 183722 rss: 224Mb L: 45/79 MS: 1 EraseBytes-
#1290750	REDUCE cov: 426 ft: 771 corp: 204/4707b lim: 4096 exec/s: 184392 rss: 224Mb L: 43/79 MS: 1 EraseBytes-
#1296041	REDUCE cov: 426 ft: 771 corp: 204/4706b lim: 4096 exec/s: 185148 rss: 224Mb L: 10/79 MS: 1 EraseBytes-
#1305067	REDUCE cov: 426 ft: 771 corp: 204/4696b lim: 4096 exec/s: 186438 rss: 224Mb L: 18/79 MS: 1 EraseBytes-
#1311054	REDUCE cov: 426 ft: 771 corp: 204/4695b lim: 4096 exec/s: 187293 rss: 224Mb L: 39/79 MS: 2 CopyPart-EraseBytes-
#1320191	REDUCE cov: 426 ft: 771 corp: 204/4694b lim: 4096 exec/s: 188598 rss: 224Mb L: 40/79 MS: 2 ChangeBinInt-EraseBytes-
#1321107	REDUCE cov: 426 ft: 771 corp: 204/4693b lim: 4096 exec/s: 188729 rss: 224Mb L: 39/79 MS: 1 EraseBytes-
#1322868	REDUCE cov: 426 ft: 771 corp: 204/4691b lim: 4096 exec/s: 188981 rss: 224Mb L: 15/79 MS: 1 EraseBytes-
#1329890	REDUCE cov: 426 ft: 771 corp: 204/4677b lim: 4096 exec/s: 189984 rss: 224Mb L: 22/79 MS: 2 InsertByte-EraseBytes-
#1356846	REDUCE cov: 426 ft: 771 corp: 204/4670b lim: 4096 exec/s: 193835 rss: 224Mb L: 32/79 MS: 1 EraseBytes-
#1368107	REDUCE cov: 426 ft: 771 corp: 204/4668b lim: 4096 exec/s: 195443 rss: 224Mb L: 25/79 MS: 1 EraseBytes-
#1368188	REDUCE cov: 426 ft: 772 corp: 205/4714b lim: 4096 exec/s: 195455 rss: 224Mb L: 46/79 MS: 1 CopyPart-
#1369874	REDUCE cov: 426 ft: 772 corp: 205/4713b lim: 4096 exec/s: 195696 rss: 224Mb L: 24/79 MS: 1 EraseBytes-
#1370895	REDUCE cov: 426 ft: 772 corp: 205/4711b lim: 4096 exec/s: 195842 rss: 224Mb L: 44/79 MS: 1 EraseBytes-
#1371076	REDUCE cov: 426 ft: 772 corp: 205/4701b lim: 4096 exec/s: 195868 rss: 224Mb L: 34/79 MS: 1 EraseBytes-
#1372987	REDUCE cov: 426 ft: 772 corp: 205/4700b lim: 4096 exec/s: 196141 rss: 224Mb L: 20/79 MS: 1 EraseBytes-
#1379948	REDUCE cov: 426 ft: 772 corp: 205/4693b lim: 4096 exec/s: 197135 rss: 224Mb L: 62/79 MS: 1 EraseBytes-
#1385980	NEW    cov: 426 ft: 773 corp: 206/4805b lim: 4096 exec/s: 197997 rss: 224Mb L: 112/112 MS: 2 CrossOver-CopyPart-
#1386461	REDUCE cov: 426 ft: 773 corp: 206/4803b lim: 4096 exec/s: 198065 rss: 224Mb L: 28/112 MS: 1 EraseBytes-
#1388254	REDUCE cov: 426 ft: 773 corp: 206/4801b lim: 4096 exec/s: 198322 rss: 224Mb L: 110/110 MS: 3 InsertRepeatedBytes-ShuffleBytes-EraseBytes-
#1390601	REDUCE cov: 426 ft: 773 corp: 206/4759b lim: 4096 exec/s: 198657 rss: 224Mb L: 68/79 MS: 2 ChangeBit-EraseBytes-
#1391557	REDUCE cov: 426 ft: 773 corp: 206/4758b lim: 4096 exec/s: 198793 rss: 224Mb L: 24/79 MS: 1 EraseBytes-
#1394884	REDUCE cov: 426 ft: 773 corp: 206/4751b lim: 4096 exec/s: 199269 rss: 224Mb L: 24/79 MS: 2 CrossOver-EraseBytes-
#1401950	REDUCE cov: 426 ft: 773 corp: 206/4749b lim: 4096 exec/s: 200278 rss: 224Mb L: 26/79 MS: 1 EraseBytes-
#1403302	REDUCE cov: 426 ft: 773 corp: 206/4748b lim: 4096 exec/s: 200471 rss: 224Mb L: 38/79 MS: 2 CMP-EraseBytes- DE: ")mes"-
#1404313	REDUCE cov: 426 ft: 773 corp: 206/4740b lim: 4096 exec/s: 200616 rss: 224Mb L: 60/79 MS: 1 EraseBytes-
#1406679	REDUCE cov: 426 ft: 773 corp: 206/4739b lim: 4096 exec/s: 200954 rss: 224Mb L: 49/79 MS: 1 EraseBytes-
#1417012	RELOAD cov: 427 ft: 780 corp: 209/4864b lim: 4096 exec/s: 177126 rss: 224Mb
#1417363	REDUCE cov: 427 ft: 780 corp: 209/4863b lim: 4096 exec/s: 177170 rss: 224Mb L: 45/79 MS: 1 EraseBytes-
#1422450	REDUCE cov: 427 ft: 780 corp: 209/4859b lim: 4096 exec/s: 177806 rss: 224Mb L: 45/79 MS: 2 CrossOver-EraseBytes-
#1425121	REDUCE cov: 427 ft: 780 corp: 209/4858b lim: 4096 exec/s: 178140 rss: 224Mb L: 37/79 MS: 1 EraseBytes-
#1425697	REDUCE cov: 427 ft: 780 corp: 209/4856b lim: 4096 exec/s: 178212 rss: 224Mb L: 25/79 MS: 1 EraseBytes-
#1439048	REDUCE cov: 427 ft: 780 corp: 209/4855b lim: 4096 exec/s: 179881 rss: 224Mb L: 41/79 MS: 1 EraseBytes-
#1440049	REDUCE cov: 427 ft: 780 corp: 209/4854b lim: 4096 exec/s: 180006 rss: 224Mb L: 25/79 MS: 1 EraseBytes-
#1440286	REDUCE cov: 427 ft: 780 corp: 209/4851b lim: 4096 exec/s: 180035 rss: 224Mb L: 42/79 MS: 2 CrossOver-EraseBytes-
#1448808	REDUCE cov: 427 ft: 780 corp: 209/4850b lim: 4096 exec/s: 181101 rss: 224Mb L: 36/79 MS: 2 ChangeBinInt-EraseBytes-
#1448925	REDUCE cov: 427 ft: 785 corp: 210/4884b lim: 4096 exec/s: 181115 rss: 224Mb L: 34/79 MS: 2 PersAutoDict-CrossOver- DE: "address"-
#1449897	REDUCE cov: 427 ft: 785 corp: 210/4882b lim: 4096 exec/s: 181237 rss: 224Mb L: 32/79 MS: 2 ShuffleBytes-EraseBytes-
#1460978	REDUCE cov: 427 ft: 785 corp: 210/4881b lim: 4096 exec/s: 182622 rss: 224Mb L: 9/79 MS: 1 EraseBytes-
#1461729	REDUCE cov: 427 ft: 785 corp: 210/4879b lim: 4096 exec/s: 182716 rss: 224Mb L: 30/79 MS: 1 EraseBytes-
#1466375	REDUCE cov: 427 ft: 785 corp: 210/4878b lim: 4096 exec/s: 183296 rss: 224Mb L: 35/79 MS: 1 EraseBytes-
#1475409	REDUCE cov: 427 ft: 785 corp: 210/4877b lim: 4096 exec/s: 184426 rss: 224Mb L: 11/79 MS: 4 ShuffleBytes-ChangeBit-ChangeByte-EraseBytes-
#1475610	REDUCE cov: 427 ft: 785 corp: 210/4874b lim: 4096 exec/s: 184451 rss: 224Mb L: 27/79 MS: 1 EraseBytes-
#1476632	REDUCE cov: 427 ft: 785 corp: 210/4871b lim: 4096 exec/s: 184579 rss: 224Mb L: 39/79 MS: 2 ChangeByte-EraseBytes-
#1480814	REDUCE cov: 427 ft: 785 corp: 210/4869b lim: 4096 exec/s: 185101 rss: 224Mb L: 25/79 MS: 2 ChangeBit-EraseBytes-
#1487465	REDUCE cov: 427 ft: 785 corp: 210/4868b lim: 4096 exec/s: 185933 rss: 224Mb L: 24/79 MS: 1 EraseBytes-
#1494921	REDUCE cov: 427 ft: 785 corp: 210/4867b lim: 4096 exec/s: 186865 rss: 224Mb L: 26/79 MS: 1 EraseBytes-
#1497838	REDUCE cov: 427 ft: 785 corp: 210/4866b lim: 4096 exec/s: 187229 rss: 224Mb L: 31/79 MS: 2 CMP-EraseBytes- DE: "2\000\000\000\000\000\000\000"-
#1505869	REDUCE cov: 427 ft: 785 corp: 210/4865b lim: 4096 exec/s: 188233 rss: 224Mb L: 25/79 MS: 1 EraseBytes-
#1512920	REDUCE cov: 427 ft: 785 corp: 210/4857b lim: 4096 exec/s: 189115 rss: 224Mb L: 37/79 MS: 1 EraseBytes-
#1524086	NEW    cov: 427 ft: 788 corp: 211/4910b lim: 4096 exec/s: 190510 rss: 224Mb L: 53/79 MS: 1 CopyPart-
#1531042	REDUCE cov: 427 ft: 788 corp: 211/4909b lim: 4096 exec/s: 191380 rss: 224Mb L: 12/79 MS: 1 EraseBytes-
#1536999	REDUCE cov: 427 ft: 788 corp: 211/4908b lim: 4096 exec/s: 192124 rss: 224Mb L: 59/79 MS: 2 InsertByte-EraseBytes-
#1545355	REDUCE cov: 427 ft: 788 corp: 211/4905b lim: 4096 exec/s: 193169 rss: 224Mb L: 39/79 MS: 1 EraseBytes-
#1549456	REDUCE cov: 427 ft: 788 corp: 211/4900b lim: 4096 exec/s: 193682 rss: 224Mb L: 46/79 MS: 1 EraseBytes-
#1563375	RELOAD cov: 429 ft: 790 corp: 213/4976b lim: 4096 exec/s: 173708 rss: 224Mb
#1573376	REDUCE cov: 429 ft: 790 corp: 213/4975b lim: 4096 exec/s: 174819 rss: 224Mb L: 25/79 MS: 1 EraseBytes-
#1576453	REDUCE cov: 429 ft: 790 corp: 213/4965b lim: 4096 exec/s: 175161 rss: 224Mb L: 26/79 MS: 2 ChangeBit-EraseBytes-
#1584455	REDUCE cov: 429 ft: 790 corp: 213/4961b lim: 4096 exec/s: 176050 rss: 224Mb L: 18/79 MS: 2 CrossOver-EraseBytes-
#1600266	REDUCE cov: 429 ft: 790 corp: 213/4960b lim: 4096 exec/s: 177807 rss: 224Mb L: 34/79 MS: 1 EraseBytes-
#1602737	REDUCE cov: 429 ft: 790 corp: 213/4959b lim: 4096 exec/s: 178081 rss: 224Mb L: 13/79 MS: 1 EraseBytes-
#1611473	REDUCE cov: 429 ft: 790 corp: 213/4958b lim: 4096 exec/s: 179052 rss: 224Mb L: 25/79 MS: 1 EraseBytes-
#1619324	REDUCE cov: 429 ft: 790 corp: 213/4957b lim: 4096 exec/s: 179924 rss: 224Mb L: 40/79 MS: 1 EraseBytes-
#1649595	REDUCE cov: 429 ft: 790 corp: 213/4956b lim: 4096 exec/s: 183288 rss: 224Mb L: 39/79 MS: 1 EraseBytes-
#1649902	REDUCE cov: 429 ft: 790 corp: 213/4949b lim: 4096 exec/s: 183322 rss: 224Mb L: 32/79 MS: 2 ChangeByte-EraseBytes-
#1655493	REDUCE cov: 429 ft: 790 corp: 213/4948b lim: 4096 exec/s: 183943 rss: 224Mb L: 33/79 MS: 1 EraseBytes-
#1676714	REDUCE cov: 429 ft: 790 corp: 213/4947b lim: 4096 exec/s: 186301 rss: 224Mb L: 24/79 MS: 1 EraseBytes-
#1707820	REDUCE cov: 429 ft: 790 corp: 213/4946b lim: 4096 exec/s: 189757 rss: 224Mb L: 31/79 MS: 1 EraseBytes-
#1714821	NEW    cov: 429 ft: 792 corp: 214/4999b lim: 4096 exec/s: 171482 rss: 224Mb L: 53/79 MS: 1 CopyPart-
#1720385	RELOAD cov: 430 ft: 795 corp: 217/5126b lim: 4096 exec/s: 172038 rss: 224Mb
#1722052	REDUCE cov: 430 ft: 795 corp: 217/5118b lim: 4096 exec/s: 172205 rss: 224Mb L: 42/79 MS: 2 CMP-EraseBytes- DE: "\377\377\377\371"-
#1742595	REDUCE cov: 430 ft: 795 corp: 217/5117b lim: 4096 exec/s: 174259 rss: 224Mb L: 44/79 MS: 3 InsertByte-EraseBytes-InsertRepeatedBytes-
#1743457	REDUCE cov: 430 ft: 795 corp: 217/5116b lim: 4096 exec/s: 174345 rss: 224Mb L: 41/79 MS: 2 InsertRepeatedBytes-EraseBytes-
#1746633	REDUCE cov: 430 ft: 795 corp: 217/5115b lim: 4096 exec/s: 174663 rss: 224Mb L: 23/79 MS: 1 EraseBytes-
#1747838	REDUCE cov: 430 ft: 796 corp: 218/5153b lim: 4096 exec/s: 174783 rss: 224Mb L: 38/79 MS: 5 CMP-PersAutoDict-CopyPart-InsertByte-ChangeByte- DE: "\001\000\000\020"-"DDDD\"&\"\177"-
#1750654	NEW    cov: 430 ft: 807 corp: 219/5206b lim: 4096 exec/s: 175065 rss: 224Mb L: 53/79 MS: 1 ChangeBinInt-
#1752370	REDUCE cov: 430 ft: 807 corp: 219/5201b lim: 4096 exec/s: 175237 rss: 224Mb L: 33/79 MS: 1 EraseBytes-
#1754741	REDUCE cov: 430 ft: 807 corp: 219/5200b lim: 4096 exec/s: 175474 rss: 224Mb L: 31/79 MS: 1 EraseBytes-
#1768108	REDUCE cov: 430 ft: 807 corp: 219/5193b lim: 4096 exec/s: 176810 rss: 224Mb L: 13/79 MS: 2 InsertByte-EraseBytes-
#1774569	REDUCE cov: 430 ft: 807 corp: 219/5191b lim: 4096 exec/s: 177456 rss: 224Mb L: 45/79 MS: 1 EraseBytes-
#1808715	REDUCE cov: 430 ft: 807 corp: 219/5190b lim: 4096 exec/s: 180871 rss: 224Mb L: 44/79 MS: 1 EraseBytes-
#1822877	REDUCE cov: 430 ft: 807 corp: 219/5183b lim: 4096 exec/s: 182287 rss: 224Mb L: 35/79 MS: 2 PersAutoDict-EraseBytes- DE: "offset"-
#1826498	REDUCE cov: 430 ft: 807 corp: 219/5182b lim: 4096 exec/s: 182649 rss: 224Mb L: 58/79 MS: 1 EraseBytes-
#1835759	REDUCE cov: 430 ft: 807 corp: 219/5179b lim: 4096 exec/s: 183575 rss: 224Mb L: 31/79 MS: 1 EraseBytes-
#1840411	REDUCE cov: 430 ft: 807 corp: 219/5176b lim: 4096 exec/s: 184041 rss: 224Mb L: 50/79 MS: 2 ChangeBinInt-EraseBytes-
#1848568	REDUCE cov: 430 ft: 808 corp: 220/5227b lim: 4096 exec/s: 184856 rss: 224Mb L: 51/79 MS: 2 ChangeBinInt-CopyPart-
#1849920	REDUCE cov: 430 ft: 808 corp: 220/5220b lim: 4096 exec/s: 184992 rss: 224Mb L: 44/79 MS: 2 PersAutoDict-EraseBytes- DE: "\000\001'\000"-
#1851037	REDUCE cov: 430 ft: 808 corp: 220/5216b lim: 4096 exec/s: 185103 rss: 224Mb L: 40/79 MS: 2 CrossOver-EraseBytes-
#1856359	REDUCE cov: 435 ft: 813 corp: 221/5261b lim: 4096 exec/s: 185635 rss: 224Mb L: 45/79 MS: 2 ShuffleBytes-CrossOver-
#1860337	REDUCE cov: 435 ft: 813 corp: 221/5250b lim: 4096 exec/s: 186033 rss: 224Mb L: 34/79 MS: 3 ChangeByte-ShuffleBytes-EraseBytes-
#1873634	REDUCE cov: 435 ft: 813 corp: 221/5248b lim: 4096 exec/s: 187363 rss: 224Mb L: 38/79 MS: 2 ChangeBit-EraseBytes-
#1877150	REDUCE cov: 435 ft: 813 corp: 221/5247b lim: 4096 exec/s: 187715 rss: 224Mb L: 43/79 MS: 1 EraseBytes-
#1890651	REDUCE cov: 436 ft: 814 corp: 222/5281b lim: 4096 exec/s: 189065 rss: 224Mb L: 34/79 MS: 1 ChangeBit-
#1890992	REDUCE cov: 436 ft: 814 corp: 222/5280b lim: 4096 exec/s: 189099 rss: 224Mb L: 34/79 MS: 1 EraseBytes-
#1894853	REDUCE cov: 436 ft: 814 corp: 222/5278b lim: 4096 exec/s: 172259 rss: 224Mb L: 32/79 MS: 1 EraseBytes-
#1895934	REDUCE cov: 436 ft: 814 corp: 222/5276b lim: 4096 exec/s: 172357 rss: 224Mb L: 23/79 MS: 1 EraseBytes-
#1902000	RELOAD cov: 436 ft: 817 corp: 225/5466b lim: 4096 exec/s: 172909 rss: 224Mb
#1911031	REDUCE cov: 436 ft: 817 corp: 225/5462b lim: 4096 exec/s: 173730 rss: 224Mb L: 33/79 MS: 1 EraseBytes-
#1917677	REDUCE cov: 436 ft: 817 corp: 225/5461b lim: 4096 exec/s: 174334 rss: 224Mb L: 32/79 MS: 1 EraseBytes-
#1918178	REDUCE cov: 436 ft: 817 corp: 225/5460b lim: 4096 exec/s: 174379 rss: 224Mb L: 52/79 MS: 1 EraseBytes-
#1919186	REDUCE cov: 436 ft: 817 corp: 225/5456b lim: 4096 exec/s: 174471 rss: 224Mb L: 64/79 MS: 3 ShuffleBytes-ShuffleBytes-EraseBytes-
#1931772	REDUCE cov: 436 ft: 817 corp: 225/5453b lim: 4096 exec/s: 175615 rss: 224Mb L: 63/79 MS: 1 EraseBytes-
#1944193	REDUCE cov: 436 ft: 817 corp: 225/5448b lim: 4096 exec/s: 176744 rss: 224Mb L: 58/79 MS: 1 EraseBytes-
#1969394	REDUCE cov: 436 ft: 817 corp: 225/5445b lim: 4096 exec/s: 179035 rss: 224Mb L: 61/79 MS: 1 EraseBytes-
#1975955	REDUCE cov: 436 ft: 817 corp: 225/5444b lim: 4096 exec/s: 179632 rss: 224Mb L: 30/79 MS: 1 EraseBytes-
#1986616	REDUCE cov: 436 ft: 817 corp: 225/5443b lim: 4096 exec/s: 180601 rss: 224Mb L: 44/79 MS: 1 EraseBytes-
#1988622	REDUCE cov: 437 ft: 818 corp: 226/5499b lim: 4096 exec/s: 180783 rss: 224Mb L: 56/79 MS: 1 InsertRepeatedBytes-
#1989099	REDUCE cov: 437 ft: 818 corp: 226/5497b lim: 4096 exec/s: 180827 rss: 224Mb L: 30/79 MS: 2 PersAutoDict-EraseBytes- DE: "poll"-
#1989650	REDUCE cov: 437 ft: 818 corp: 226/5479b lim: 4096 exec/s: 180877 rss: 224Mb L: 38/79 MS: 1 EraseBytes-
#1990196	REDUCE cov: 437 ft: 818 corp: 226/5471b lim: 4096 exec/s: 180926 rss: 224Mb L: 30/79 MS: 1 EraseBytes-
#1993587	REDUCE cov: 437 ft: 818 corp: 226/5470b lim: 4096 exec/s: 181235 rss: 224Mb L: 22/79 MS: 1 EraseBytes-
#2000638	REDUCE cov: 437 ft: 818 corp: 226/5469b lim: 4096 exec/s: 181876 rss: 224Mb L: 29/79 MS: 1 EraseBytes-
#2014824	REDUCE cov: 437 ft: 818 corp: 226/5468b lim: 4096 exec/s: 183165 rss: 224Mb L: 17/79 MS: 1 EraseBytes-
#2043405	REDUCE cov: 437 ft: 819 corp: 227/5572b lim: 4096 exec/s: 185764 rss: 224Mb L: 104/104 MS: 1 CrossOver-
#2043557	REDUCE cov: 437 ft: 819 corp: 227/5556b lim: 4096 exec/s: 185777 rss: 224Mb L: 88/88 MS: 2 ChangeBit-EraseBytes-
#2051990	REDUCE cov: 437 ft: 819 corp: 227/5525b lim: 4096 exec/s: 186544 rss: 224Mb L: 57/79 MS: 3 ChangeBinInt-InsertByte-EraseBytes-
#2054986	REDUCE cov: 437 ft: 819 corp: 227/5524b lim: 4096 exec/s: 186816 rss: 224Mb L: 12/79 MS: 1 EraseBytes-
#2058922	REDUCE cov: 438 ft: 820 corp: 228/5558b lim: 4096 exec/s: 187174 rss: 224Mb L: 34/79 MS: 1 ChangeBit-
#2075708	REDUCE cov: 438 ft: 820 corp: 228/5557b lim: 4096 exec/s: 188700 rss: 224Mb L: 33/79 MS: 1 EraseBytes-
#2076816	REDUCE cov: 438 ft: 821 corp: 229/5626b lim: 4096 exec/s: 188801 rss: 224Mb L: 69/79 MS: 3 CopyPart-InsertByte-EraseBytes-
#2078102	REDUCE cov: 438 ft: 821 corp: 229/5621b lim: 4096 exec/s: 188918 rss: 224Mb L: 64/79 MS: 1 EraseBytes-
#2092760	RELOAD cov: 438 ft: 823 corp: 231/5772b lim: 4096 exec/s: 174396 rss: 224Mb
#2097152	pulse  cov: 438 ft: 823 corp: 231/5772b lim: 4096 exec/s: 174762 rss: 224Mb
#2098640	REDUCE cov: 438 ft: 823 corp: 231/5770b lim: 4096 exec/s: 174886 rss: 224Mb L: 55/79 MS: 5 InsertByte-CrossOver-CopyPart-ChangeByte-EraseBytes-
#2158326	REDUCE cov: 438 ft: 823 corp: 231/5768b lim: 4096 exec/s: 179860 rss: 224Mb L: 23/79 MS: 1 EraseBytes-
#2159137	REDUCE cov: 438 ft: 841 corp: 232/5844b lim: 4096 exec/s: 179928 rss: 224Mb L: 76/79 MS: 1 CrossOver-
#2185778	REDUCE cov: 438 ft: 841 corp: 232/5841b lim: 4096 exec/s: 182148 rss: 224Mb L: 52/79 MS: 1 EraseBytes-
#2225310	REDUCE cov: 438 ft: 841 corp: 232/5840b lim: 4096 exec/s: 185442 rss: 224Mb L: 36/79 MS: 2 ShuffleBytes-EraseBytes-
#2226082	REDUCE cov: 438 ft: 841 corp: 232/5839b lim: 4096 exec/s: 185506 rss: 224Mb L: 30/79 MS: 2 ChangeBit-EraseBytes-
#2256538	REDUCE cov: 438 ft: 841 corp: 232/5838b lim: 4096 exec/s: 188044 rss: 224Mb L: 15/79 MS: 1 EraseBytes-
#2258869	REDUCE cov: 438 ft: 841 corp: 232/5837b lim: 4096 exec/s: 188239 rss: 224Mb L: 39/79 MS: 1 EraseBytes-
#2275206	RELOAD cov: 439 ft: 842 corp: 233/5870b lim: 4096 exec/s: 175015 rss: 224Mb
	NEW_FUNC[1/1]: 0x5f82ad8d1a80  (/home/jack/projects/peios/timed/fuzz/target/x86_64-unknown-linux-gnu/release/time_wire+0x144a80) (BuildId: 7ca9100398e2386a3523e950c0181d0d5ddd72ae)
#2306797	REDUCE cov: 442 ft: 845 corp: 234/5957b lim: 4096 exec/s: 177445 rss: 224Mb L: 87/87 MS: 1 InsertRepeatedBytes-
#2307134	REDUCE cov: 442 ft: 845 corp: 234/5947b lim: 4096 exec/s: 177471 rss: 224Mb L: 77/79 MS: 2 ChangeBit-EraseBytes-
#2307910	REDUCE cov: 442 ft: 845 corp: 234/5946b lim: 4096 exec/s: 177531 rss: 224Mb L: 38/79 MS: 1 EraseBytes-
#2308562	REDUCE cov: 442 ft: 845 corp: 234/5910b lim: 4096 exec/s: 177581 rss: 224Mb L: 41/79 MS: 2 ChangeBinInt-EraseBytes-
#2309650	REDUCE cov: 442 ft: 845 corp: 234/5904b lim: 4096 exec/s: 177665 rss: 224Mb L: 35/79 MS: 3 ChangeBit-InsertByte-EraseBytes-
#2309907	REDUCE cov: 442 ft: 845 corp: 234/5894b lim: 4096 exec/s: 177685 rss: 224Mb L: 25/79 MS: 2 CMP-EraseBytes- DE: "it"-
#2325773	REDUCE cov: 442 ft: 845 corp: 234/5893b lim: 4096 exec/s: 178905 rss: 224Mb L: 26/79 MS: 1 EraseBytes-
#2356294	REDUCE cov: 442 ft: 845 corp: 234/5892b lim: 4096 exec/s: 181253 rss: 224Mb L: 33/79 MS: 1 EraseBytes-
#2363701	REDUCE cov: 442 ft: 845 corp: 234/5891b lim: 4096 exec/s: 181823 rss: 224Mb L: 24/79 MS: 2 ShuffleBytes-EraseBytes-
#2394792	REDUCE cov: 442 ft: 845 corp: 234/5889b lim: 4096 exec/s: 184214 rss: 224Mb L: 29/79 MS: 1 EraseBytes-
#2423003	REDUCE cov: 442 ft: 845 corp: 234/5882b lim: 4096 exec/s: 173071 rss: 224Mb L: 58/79 MS: 1 EraseBytes-
#2423168	RELOAD cov: 443 ft: 851 corp: 236/5963b lim: 4096 exec/s: 173083 rss: 224Mb
#2433874	REDUCE cov: 443 ft: 851 corp: 236/5962b lim: 4096 exec/s: 173848 rss: 224Mb L: 22/79 MS: 1 EraseBytes-
#2458650	REDUCE cov: 443 ft: 851 corp: 236/5949b lim: 4096 exec/s: 175617 rss: 224Mb L: 47/79 MS: 1 EraseBytes-
#2492651	REDUCE cov: 443 ft: 851 corp: 236/5948b lim: 4096 exec/s: 178046 rss: 224Mb L: 13/79 MS: 1 EraseBytes-
#2494792	REDUCE cov: 443 ft: 856 corp: 237/6016b lim: 4096 exec/s: 178199 rss: 224Mb L: 68/79 MS: 1 CrossOver-
#2511329	REDUCE cov: 443 ft: 857 corp: 238/6077b lim: 4096 exec/s: 179380 rss: 224Mb L: 61/79 MS: 2 CopyPart-ShuffleBytes-
#2569165	REDUCE cov: 443 ft: 857 corp: 238/6076b lim: 4096 exec/s: 183511 rss: 224Mb L: 34/79 MS: 1 EraseBytes-
#2639026	REDUCE cov: 443 ft: 857 corp: 238/6074b lim: 4096 exec/s: 175935 rss: 224Mb L: 56/79 MS: 1 EraseBytes-
#2673107	REDUCE cov: 443 ft: 857 corp: 238/6073b lim: 4096 exec/s: 178207 rss: 224Mb L: 39/79 MS: 1 EraseBytes-
#2674153	REDUCE cov: 443 ft: 857 corp: 238/6071b lim: 4096 exec/s: 178276 rss: 224Mb L: 23/79 MS: 1 EraseBytes-
#2674900	REDUCE cov: 443 ft: 857 corp: 238/6069b lim: 4096 exec/s: 178326 rss: 224Mb L: 20/79 MS: 2 ChangeASCIIInt-EraseBytes-
#2676912	REDUCE cov: 443 ft: 857 corp: 238/6067b lim: 4096 exec/s: 178460 rss: 224Mb L: 7/79 MS: 2 ChangeBit-EraseBytes-
#2679999	REDUCE cov: 443 ft: 857 corp: 238/6066b lim: 4096 exec/s: 178666 rss: 224Mb L: 32/79 MS: 2 InsertByte-EraseBytes-
#2683870	REDUCE cov: 443 ft: 857 corp: 238/6065b lim: 4096 exec/s: 178924 rss: 224Mb L: 22/79 MS: 1 EraseBytes-
#2703235	REDUCE cov: 443 ft: 857 corp: 238/6059b lim: 4096 exec/s: 168952 rss: 224Mb L: 70/79 MS: 1 EraseBytes-
#2723556	REDUCE cov: 443 ft: 857 corp: 238/6058b lim: 4096 exec/s: 170222 rss: 224Mb L: 36/79 MS: 1 EraseBytes-
#2766473	REDUCE cov: 443 ft: 857 corp: 238/6048b lim: 4096 exec/s: 172904 rss: 224Mb L: 51/79 MS: 2 CMP-EraseBytes- DE: "\000\000\000\010"-
#2778194	REDUCE cov: 443 ft: 857 corp: 238/6047b lim: 4096 exec/s: 173637 rss: 224Mb L: 23/79 MS: 1 EraseBytes-
#2792096	REDUCE cov: 443 ft: 857 corp: 238/6039b lim: 4096 exec/s: 174506 rss: 224Mb L: 18/79 MS: 2 ChangeBinInt-EraseBytes-
#2803847	NEW    cov: 444 ft: 858 corp: 239/6066b lim: 4096 exec/s: 175240 rss: 224Mb L: 27/79 MS: 1 InsertRepeatedBytes-
#2804045	REDUCE cov: 444 ft: 858 corp: 239/6056b lim: 4096 exec/s: 175252 rss: 224Mb L: 17/79 MS: 3 ChangeByte-PersAutoDict-EraseBytes- DE: "BB"-
#2807036	REDUCE cov: 444 ft: 858 corp: 239/6055b lim: 4096 exec/s: 175439 rss: 224Mb L: 32/79 MS: 1 EraseBytes-
#2826568	RELOAD cov: 444 ft: 859 corp: 240/6128b lim: 4096 exec/s: 166268 rss: 224Mb
#2837404	REDUCE cov: 444 ft: 859 corp: 240/6127b lim: 4096 exec/s: 166906 rss: 224Mb L: 50/79 MS: 1 EraseBytes-
#2854564	REDUCE cov: 444 ft: 860 corp: 241/6245b lim: 4096 exec/s: 167915 rss: 224Mb L: 118/118 MS: 5 InsertRepeatedBytes-CrossOver-CopyPart-PersAutoDict-ChangeByte- DE: "\001%\005s"-
#2854617	REDUCE cov: 444 ft: 860 corp: 241/6241b lim: 4096 exec/s: 167918 rss: 224Mb L: 114/114 MS: 3 ChangeBinInt-ChangeByte-EraseBytes-
#2854663	REDUCE cov: 444 ft: 860 corp: 241/6213b lim: 4096 exec/s: 167921 rss: 224Mb L: 86/86 MS: 1 EraseBytes-
#2855284	REDUCE cov: 444 ft: 860 corp: 241/6190b lim: 4096 exec/s: 167957 rss: 224Mb L: 63/79 MS: 1 EraseBytes-
#2863770	REDUCE cov: 444 ft: 860 corp: 241/6188b lim: 4096 exec/s: 168457 rss: 224Mb L: 61/79 MS: 1 EraseBytes-
#2866301	REDUCE cov: 444 ft: 860 corp: 241/6186b lim: 4096 exec/s: 168605 rss: 224Mb L: 66/79 MS: 1 EraseBytes-
#2867468	REDUCE cov: 444 ft: 861 corp: 242/6251b lim: 4096 exec/s: 168674 rss: 224Mb L: 65/79 MS: 2 CrossOver-EraseBytes-
#2912129	REDUCE cov: 444 ft: 861 corp: 242/6250b lim: 4096 exec/s: 171301 rss: 224Mb L: 60/79 MS: 1 EraseBytes-
#2936110	REDUCE cov: 444 ft: 861 corp: 242/6249b lim: 4096 exec/s: 163117 rss: 224Mb L: 51/79 MS: 1 EraseBytes-
#2940340	RELOAD cov: 446 ft: 867 corp: 245/6446b lim: 4096 exec/s: 163352 rss: 224Mb
#2941357	REDUCE cov: 446 ft: 867 corp: 245/6442b lim: 4096 exec/s: 163408 rss: 224Mb L: 29/102 MS: 2 ChangeBinInt-EraseBytes-
#2942273	REDUCE cov: 446 ft: 867 corp: 245/6438b lim: 4096 exec/s: 163459 rss: 224Mb L: 25/102 MS: 1 EraseBytes-
#2943174	REDUCE cov: 446 ft: 867 corp: 245/6436b lim: 4096 exec/s: 163509 rss: 224Mb L: 48/102 MS: 1 EraseBytes-
#2944791	REDUCE cov: 446 ft: 867 corp: 245/6431b lim: 4096 exec/s: 163599 rss: 224Mb L: 57/102 MS: 2 ShuffleBytes-EraseBytes-
#2951502	REDUCE cov: 446 ft: 867 corp: 245/6410b lim: 4096 exec/s: 163972 rss: 224Mb L: 36/102 MS: 1 EraseBytes-
#2952518	REDUCE cov: 446 ft: 867 corp: 245/6401b lim: 4096 exec/s: 164028 rss: 224Mb L: 93/93 MS: 1 EraseBytes-
#2954594	REDUCE cov: 446 ft: 867 corp: 245/6399b lim: 4096 exec/s: 164144 rss: 224Mb L: 34/93 MS: 1 EraseBytes-
#2955755	REDUCE cov: 447 ft: 868 corp: 246/6433b lim: 4096 exec/s: 164208 rss: 224Mb L: 34/93 MS: 1 CMP- DE: "frequency_ppm"-
#2955814	REDUCE cov: 447 ft: 868 corp: 246/6429b lim: 4096 exec/s: 164211 rss: 224Mb L: 89/89 MS: 4 ChangeBinInt-CMP-CrossOver-EraseBytes- DE: "last"-
#2965045	REDUCE cov: 447 ft: 868 corp: 246/6420b lim: 4096 exec/s: 164724 rss: 224Mb L: 80/80 MS: 1 EraseBytes-
#2966352	REDUCE cov: 447 ft: 868 corp: 246/6403b lim: 4096 exec/s: 164797 rss: 224Mb L: 63/79 MS: 2 ChangeBinInt-EraseBytes-
#2973823	REDUCE cov: 447 ft: 868 corp: 246/6402b lim: 4096 exec/s: 165212 rss: 224Mb L: 24/79 MS: 1 EraseBytes-
#2977524	REDUCE cov: 447 ft: 868 corp: 246/6401b lim: 4096 exec/s: 165418 rss: 224Mb L: 16/79 MS: 1 EraseBytes-
#2982785	REDUCE cov: 447 ft: 868 corp: 246/6400b lim: 4096 exec/s: 165710 rss: 224Mb L: 23/79 MS: 1 EraseBytes-
#2990882	REDUCE cov: 447 ft: 869 corp: 247/6435b lim: 4096 exec/s: 166160 rss: 224Mb L: 35/79 MS: 2 ChangeBinInt-CopyPart-
#2990978	REDUCE cov: 447 ft: 869 corp: 247/6434b lim: 4096 exec/s: 166165 rss: 224Mb L: 31/79 MS: 1 EraseBytes-
#3003505	REDUCE cov: 447 ft: 869 corp: 247/6433b lim: 4096 exec/s: 158079 rss: 224Mb L: 33/79 MS: 2 ChangeBinInt-EraseBytes-
#3011879	REDUCE cov: 447 ft: 869 corp: 247/6432b lim: 4096 exec/s: 158519 rss: 224Mb L: 61/79 MS: 1 EraseBytes-
#3014175	REDUCE cov: 447 ft: 869 corp: 247/6428b lim: 4096 exec/s: 158640 rss: 224Mb L: 59/79 MS: 1 EraseBytes-
#3029712	REDUCE cov: 447 ft: 869 corp: 247/6419b lim: 4096 exec/s: 159458 rss: 224Mb L: 50/79 MS: 2 CopyPart-EraseBytes-
#3033700	REDUCE cov: 447 ft: 869 corp: 247/6412b lim: 4096 exec/s: 159668 rss: 224Mb L: 43/79 MS: 3 InsertByte-ShuffleBytes-EraseBytes-
#3037541	REDUCE cov: 447 ft: 869 corp: 247/6411b lim: 4096 exec/s: 159870 rss: 224Mb L: 25/79 MS: 1 EraseBytes-
#3049372	REDUCE cov: 447 ft: 869 corp: 247/6410b lim: 4096 exec/s: 160493 rss: 224Mb L: 42/79 MS: 1 EraseBytes-
#3051438	REDUCE cov: 447 ft: 869 corp: 247/6408b lim: 4096 exec/s: 160602 rss: 224Mb L: 71/79 MS: 1 EraseBytes-
#3067854	REDUCE cov: 447 ft: 869 corp: 247/6407b lim: 4096 exec/s: 161466 rss: 224Mb L: 31/79 MS: 1 EraseBytes-
#3075145	REDUCE cov: 454 ft: 876 corp: 248/6482b lim: 4096 exec/s: 161849 rss: 224Mb L: 75/79 MS: 1 CrossOver-
#3075354	REDUCE cov: 454 ft: 876 corp: 248/6481b lim: 4096 exec/s: 161860 rss: 224Mb L: 74/79 MS: 4 ChangeByte-CrossOver-ShuffleBytes-EraseBytes-
#3089460	REDUCE cov: 454 ft: 876 corp: 248/6480b lim: 4096 exec/s: 162603 rss: 224Mb L: 41/79 MS: 1 EraseBytes-
#3098710	REDUCE cov: 454 ft: 876 corp: 248/6470b lim: 4096 exec/s: 163090 rss: 224Mb L: 64/79 MS: 5 ChangeBit-ShuffleBytes-ChangeBinInt-ChangeBit-EraseBytes-
#3099751	REDUCE cov: 454 ft: 876 corp: 248/6464b lim: 4096 exec/s: 163144 rss: 224Mb L: 27/79 MS: 1 EraseBytes-
#3119303	RELOAD cov: 459 ft: 881 corp: 251/6526b lim: 4096 exec/s: 155965 rss: 224Mb
#3128638	REDUCE cov: 459 ft: 881 corp: 251/6524b lim: 4096 exec/s: 156431 rss: 224Mb L: 62/79 MS: 5 InsertByte-PersAutoDict-CopyPart-ChangeBinInt-EraseBytes- DE: "at"-
#3135619	REDUCE cov: 459 ft: 881 corp: 251/6521b lim: 4096 exec/s: 156780 rss: 224Mb L: 38/79 MS: 1 EraseBytes-
#3143005	REDUCE cov: 459 ft: 881 corp: 251/6520b lim: 4096 exec/s: 157150 rss: 224Mb L: 16/79 MS: 1 EraseBytes-
#3147286	REDUCE cov: 459 ft: 881 corp: 251/6519b lim: 4096 exec/s: 157364 rss: 224Mb L: 40/79 MS: 1 EraseBytes-
#3157552	REDUCE cov: 459 ft: 881 corp: 251/6512b lim: 4096 exec/s: 157877 rss: 224Mb L: 26/79 MS: 1 EraseBytes-
#3158448	REDUCE cov: 459 ft: 881 corp: 251/6511b lim: 4096 exec/s: 157922 rss: 224Mb L: 33/79 MS: 1 EraseBytes-
#3161830	REDUCE cov: 459 ft: 881 corp: 251/6510b lim: 4096 exec/s: 158091 rss: 224Mb L: 26/79 MS: 2 CopyPart-EraseBytes-
#3169966	REDUCE cov: 459 ft: 881 corp: 251/6509b lim: 4096 exec/s: 158498 rss: 224Mb L: 59/79 MS: 1 EraseBytes-
#3194312	REDUCE cov: 459 ft: 881 corp: 251/6508b lim: 4096 exec/s: 159715 rss: 224Mb L: 61/79 MS: 1 EraseBytes-
#3198743	REDUCE cov: 459 ft: 881 corp: 251/6507b lim: 4096 exec/s: 159937 rss: 224Mb L: 60/79 MS: 1 EraseBytes-
#3238391	RELOAD cov: 459 ft: 883 corp: 253/6622b lim: 4096 exec/s: 154209 rss: 224Mb
#3238822	REDUCE cov: 459 ft: 883 corp: 253/6621b lim: 4096 exec/s: 154229 rss: 224Mb L: 17/79 MS: 1 EraseBytes-
#3273052	REDUCE cov: 459 ft: 883 corp: 253/6619b lim: 4096 exec/s: 155859 rss: 224Mb L: 57/79 MS: 5 CrossOver-ChangeBit-ChangeByte-CopyPart-EraseBytes-
#3280677	REDUCE cov: 460 ft: 884 corp: 254/6665b lim: 4096 exec/s: 156222 rss: 224Mb L: 46/79 MS: 5 ChangeBit-CrossOver-ChangeBit-ChangeBinInt-CopyPart-
#3281253	REDUCE cov: 460 ft: 884 corp: 254/6662b lim: 4096 exec/s: 156250 rss: 224Mb L: 43/79 MS: 1 EraseBytes-
#3282259	REDUCE cov: 460 ft: 884 corp: 254/6656b lim: 4096 exec/s: 156298 rss: 224Mb L: 37/79 MS: 1 EraseBytes-
#3288355	REDUCE cov: 460 ft: 884 corp: 254/6653b lim: 4096 exec/s: 156588 rss: 224Mb L: 66/79 MS: 1 EraseBytes-
#3290452	REDUCE cov: 460 ft: 884 corp: 254/6648b lim: 4096 exec/s: 156688 rss: 224Mb L: 32/79 MS: 2 ChangeBinInt-EraseBytes-
#3295679	REDUCE cov: 460 ft: 884 corp: 254/6646b lim: 4096 exec/s: 156937 rss: 224Mb L: 18/79 MS: 2 EraseBytes-ChangeByte-
#3297985	REDUCE cov: 460 ft: 884 corp: 254/6645b lim: 4096 exec/s: 157046 rss: 224Mb L: 56/79 MS: 1 EraseBytes-
#3298997	REDUCE cov: 460 ft: 884 corp: 254/6643b lim: 4096 exec/s: 157095 rss: 224Mb L: 30/79 MS: 2 InsertByte-EraseBytes-
#3303003	REDUCE cov: 460 ft: 884 corp: 254/6642b lim: 4096 exec/s: 157285 rss: 224Mb L: 23/79 MS: 1 EraseBytes-
#3311314	REDUCE cov: 460 ft: 884 corp: 254/6640b lim: 4096 exec/s: 157681 rss: 224Mb L: 24/79 MS: 1 EraseBytes-
#3334207	REDUCE cov: 460 ft: 884 corp: 254/6638b lim: 4096 exec/s: 158771 rss: 224Mb L: 15/79 MS: 3 ChangeBinInt-PersAutoDict-EraseBytes- DE: "\001\000\000\020"-
#3335900	REDUCE cov: 460 ft: 884 corp: 254/6637b lim: 4096 exec/s: 158852 rss: 224Mb L: 29/79 MS: 3 CMP-CopyPart-EraseBytes- DE: "\001\000\020\000"-
#3356701	REDUCE cov: 460 ft: 884 corp: 254/6636b lim: 4096 exec/s: 159842 rss: 224Mb L: 16/79 MS: 1 EraseBytes-
#3360822	REDUCE cov: 460 ft: 884 corp: 254/6634b lim: 4096 exec/s: 160039 rss: 224Mb L: 13/79 MS: 1 EraseBytes-
#3401409	REDUCE cov: 460 ft: 884 corp: 254/6632b lim: 4096 exec/s: 154609 rss: 224Mb L: 58/79 MS: 2 PersAutoDict-EraseBytes- DE: "o@"-
#3402331	RELOAD cov: 463 ft: 887 corp: 257/6720b lim: 4096 exec/s: 154651 rss: 224Mb
#3475273	REDUCE cov: 463 ft: 887 corp: 257/6716b lim: 4096 exec/s: 157966 rss: 224Mb L: 52/79 MS: 2 CrossOver-EraseBytes-
#3510270	REDUCE cov: 463 ft: 887 corp: 257/6714b lim: 4096 exec/s: 159557 rss: 224Mb L: 26/79 MS: 2 ChangeByte-EraseBytes-
#3530890	REDUCE cov: 463 ft: 887 corp: 257/6713b lim: 4096 exec/s: 153516 rss: 224Mb L: 65/79 MS: 1 EraseBytes-
#3606082	REDUCE cov: 463 ft: 887 corp: 257/6712b lim: 4096 exec/s: 156786 rss: 224Mb L: 65/79 MS: 2 ChangeBinInt-EraseBytes-
#3628198	RELOAD cov: 465 ft: 889 corp: 259/6770b lim: 4096 exec/s: 151174 rss: 224Mb
#3668994	REDUCE cov: 465 ft: 889 corp: 259/6769b lim: 4096 exec/s: 152874 rss: 224Mb L: 24/79 MS: 1 EraseBytes-
#3719990	REDUCE cov: 465 ft: 889 corp: 259/6766b lim: 4096 exec/s: 154999 rss: 224Mb L: 29/79 MS: 1 EraseBytes-
#3724712	REDUCE cov: 465 ft: 889 corp: 259/6765b lim: 4096 exec/s: 155196 rss: 224Mb L: 12/79 MS: 2 EraseBytes-InsertByte-
#3752360	RELOAD cov: 466 ft: 890 corp: 260/6795b lim: 4096 exec/s: 150094 rss: 224Mb
#3789016	REDUCE cov: 468 ft: 892 corp: 261/6807b lim: 4096 exec/s: 151560 rss: 224Mb L: 12/79 MS: 1 CrossOver-
#3855932	REDUCE cov: 468 ft: 892 corp: 261/6806b lim: 4096 exec/s: 154237 rss: 224Mb L: 11/79 MS: 1 EraseBytes-
#3877627	REDUCE cov: 468 ft: 892 corp: 261/6804b lim: 4096 exec/s: 149139 rss: 224Mb L: 28/79 MS: 1 EraseBytes-
#3896058	REDUCE cov: 468 ft: 892 corp: 261/6803b lim: 4096 exec/s: 149848 rss: 224Mb L: 10/79 MS: 1 EraseBytes-
#3929490	REDUCE cov: 468 ft: 892 corp: 261/6799b lim: 4096 exec/s: 151134 rss: 224Mb L: 29/79 MS: 2 CrossOver-EraseBytes-
#3944581	REDUCE cov: 468 ft: 892 corp: 261/6798b lim: 4096 exec/s: 151714 rss: 224Mb L: 23/79 MS: 1 EraseBytes-
#4094076	RELOAD cov: 471 ft: 895 corp: 264/6858b lim: 4096 exec/s: 146217 rss: 224Mb
#4155742	REDUCE cov: 471 ft: 895 corp: 264/6857b lim: 4096 exec/s: 148419 rss: 224Mb L: 25/79 MS: 1 EraseBytes-
#4186074	REDUCE cov: 471 ft: 895 corp: 264/6856b lim: 4096 exec/s: 149502 rss: 224Mb L: 29/79 MS: 2 ChangeBinInt-EraseBytes-
#4194304	pulse  cov: 471 ft: 895 corp: 264/6856b lim: 4096 exec/s: 149796 rss: 224Mb
#4243416	RELOAD cov: 477 ft: 901 corp: 265/6914b lim: 4096 exec/s: 146324 rss: 224Mb
#4411873	REDUCE cov: 477 ft: 901 corp: 265/6910b lim: 4096 exec/s: 147062 rss: 224Mb L: 48/79 MS: 1 EraseBytes-
#4434119	REDUCE cov: 477 ft: 901 corp: 265/6909b lim: 4096 exec/s: 147803 rss: 224Mb L: 42/79 MS: 1 EraseBytes-
#4493283	REDUCE cov: 477 ft: 901 corp: 265/6905b lim: 4096 exec/s: 144944 rss: 224Mb L: 14/79 MS: 1 EraseBytes-
#4515524	REDUCE cov: 477 ft: 901 corp: 265/6891b lim: 4096 exec/s: 145662 rss: 224Mb L: 47/79 MS: 1 EraseBytes-
#4541210	REDUCE cov: 477 ft: 901 corp: 265/6890b lim: 4096 exec/s: 146490 rss: 224Mb L: 57/79 MS: 1 EraseBytes-
#4554017	RELOAD cov: 482 ft: 906 corp: 266/6938b lim: 4096 exec/s: 142313 rss: 224Mb
#4555789	REDUCE cov: 482 ft: 906 corp: 266/6929b lim: 4096 exec/s: 142368 rss: 224Mb L: 56/79 MS: 2 PersAutoDict-EraseBytes- DE: "\001\000\000\000\000\000\000\001"-
#4668277	RELOAD cov: 482 ft: 926 corp: 267/7044b lim: 4096 exec/s: 141462 rss: 224Mb
#4702634	REDUCE cov: 482 ft: 926 corp: 267/7037b lim: 4096 exec/s: 142504 rss: 224Mb L: 24/115 MS: 2 InsertByte-EraseBytes-
#4717601	REDUCE cov: 482 ft: 926 corp: 267/7024b lim: 4096 exec/s: 142957 rss: 224Mb L: 32/115 MS: 2 InsertByte-EraseBytes-
#4727567	REDUCE cov: 482 ft: 926 corp: 267/7023b lim: 4096 exec/s: 143259 rss: 224Mb L: 23/115 MS: 1 EraseBytes-
#4756603	NEW    cov: 482 ft: 928 corp: 268/7152b lim: 4096 exec/s: 139900 rss: 224Mb L: 129/129 MS: 1 CrossOver-
	NEW_FUNC[1/9]: 0x5f82ad8bf6b0  (/home/jack/projects/peios/timed/fuzz/target/x86_64-unknown-linux-gnu/release/time_wire+0x1326b0) (BuildId: 7ca9100398e2386a3523e950c0181d0d5ddd72ae)
	NEW_FUNC[2/9]: 0x5f82ad8ce0b0  (/home/jack/projects/peios/timed/fuzz/target/x86_64-unknown-linux-gnu/release/time_wire+0x1410b0) (BuildId: 7ca9100398e2386a3523e950c0181d0d5ddd72ae)
#4766178	RELOAD cov: 526 ft: 993 corp: 270/7283b lim: 4096 exec/s: 140181 rss: 224Mb
#4772845	REDUCE cov: 526 ft: 993 corp: 270/7275b lim: 4096 exec/s: 140377 rss: 224Mb L: 58/129 MS: 2 ChangeBit-EraseBytes-
#4790716	REDUCE cov: 526 ft: 993 corp: 270/7269b lim: 4096 exec/s: 140903 rss: 224Mb L: 109/129 MS: 1 EraseBytes-
#4809163	REDUCE cov: 526 ft: 993 corp: 270/7268b lim: 4096 exec/s: 141445 rss: 224Mb L: 64/129 MS: 2 ChangeBit-EraseBytes-
#4810305	REDUCE cov: 526 ft: 993 corp: 270/7264b lim: 4096 exec/s: 141479 rss: 224Mb L: 60/129 MS: 2 PersAutoDict-EraseBytes- DE: "\003\000"-
#4810326	REDUCE cov: 526 ft: 993 corp: 270/7260b lim: 4096 exec/s: 141480 rss: 224Mb L: 54/129 MS: 1 EraseBytes-
#4819582	REDUCE cov: 526 ft: 993 corp: 270/7258b lim: 4096 exec/s: 141752 rss: 224Mb L: 52/129 MS: 1 EraseBytes-
#4831943	NEW    cov: 526 ft: 998 corp: 271/7403b lim: 4096 exec/s: 138055 rss: 224Mb L: 145/145 MS: 1 CrossOver-
#4840645	REDUCE cov: 526 ft: 998 corp: 271/7382b lim: 4096 exec/s: 138304 rss: 224Mb L: 124/129 MS: 1 EraseBytes-
#4843532	REDUCE cov: 526 ft: 998 corp: 271/7381b lim: 4096 exec/s: 138386 rss: 224Mb L: 108/129 MS: 2 ShuffleBytes-EraseBytes-
#4850383	NEW    cov: 529 ft: 1001 corp: 272/7429b lim: 4096 exec/s: 138582 rss: 224Mb L: 48/129 MS: 1 CMP- DE: "reply"-
#5000904	REDUCE cov: 529 ft: 1001 corp: 272/7425b lim: 4096 exec/s: 138914 rss: 224Mb L: 120/129 MS: 1 EraseBytes-
#5059288	RELOAD cov: 530 ft: 1004 corp: 274/7593b lim: 4096 exec/s: 136737 rss: 224Mb
#5072021	REDUCE cov: 530 ft: 1004 corp: 274/7591b lim: 4096 exec/s: 137081 rss: 224Mb L: 27/129 MS: 3 ShuffleBytes-CopyPart-EraseBytes-
#5115213	REDUCE cov: 530 ft: 1004 corp: 274/7590b lim: 4096 exec/s: 138249 rss: 224Mb L: 31/129 MS: 2 EraseBytes-InsertByte-
#5127609	REDUCE cov: 530 ft: 1004 corp: 274/7582b lim: 4096 exec/s: 138584 rss: 224Mb L: 48/129 MS: 1 EraseBytes-
#5131781	REDUCE cov: 530 ft: 1004 corp: 274/7576b lim: 4096 exec/s: 138696 rss: 224Mb L: 106/129 MS: 2 ChangeBit-EraseBytes-
#5152085	REDUCE cov: 530 ft: 1004 corp: 274/7568b lim: 4096 exec/s: 139245 rss: 224Mb L: 31/129 MS: 4 CrossOver-CMP-ChangeBit-EraseBytes- DE: "\377\377"-
#5241421	REDUCE cov: 530 ft: 1004 corp: 274/7567b lim: 4096 exec/s: 137932 rss: 224Mb L: 33/129 MS: 1 EraseBytes-
#5244212	REDUCE cov: 530 ft: 1004 corp: 274/7566b lim: 4096 exec/s: 138005 rss: 224Mb L: 105/129 MS: 1 EraseBytes-
#5255813	REDUCE cov: 530 ft: 1004 corp: 274/7561b lim: 4096 exec/s: 138310 rss: 224Mb L: 47/129 MS: 1 EraseBytes-
#5315799	RELOAD cov: 531 ft: 1005 corp: 275/7577b lim: 4096 exec/s: 136302 rss: 224Mb
#5376520	REDUCE cov: 531 ft: 1005 corp: 275/7576b lim: 4096 exec/s: 137859 rss: 224Mb L: 19/129 MS: 1 EraseBytes-
#5434905	RELOAD cov: 533 ft: 1007 corp: 276/7597b lim: 4096 exec/s: 135872 rss: 224Mb
#5448486	REDUCE cov: 533 ft: 1007 corp: 276/7596b lim: 4096 exec/s: 136212 rss: 224Mb L: 20/129 MS: 1 EraseBytes-
#5512397	REDUCE cov: 533 ft: 1007 corp: 276/7589b lim: 4096 exec/s: 137809 rss: 224Mb L: 41/129 MS: 1 EraseBytes-
#5549593	REDUCE cov: 533 ft: 1007 corp: 276/7588b lim: 4096 exec/s: 135355 rss: 224Mb L: 19/129 MS: 1 EraseBytes-
#5549930	RELOAD cov: 535 ft: 1009 corp: 277/7609b lim: 4096 exec/s: 135364 rss: 224Mb
#5556671	REDUCE cov: 535 ft: 1009 corp: 277/7608b lim: 4096 exec/s: 135528 rss: 224Mb L: 18/129 MS: 1 EraseBytes-
#5586577	REDUCE cov: 535 ft: 1009 corp: 277/7607b lim: 4096 exec/s: 136257 rss: 224Mb L: 12/129 MS: 1 EraseBytes-
#5591820	REDUCE cov: 535 ft: 1009 corp: 277/7605b lim: 4096 exec/s: 136385 rss: 224Mb L: 103/129 MS: 3 ChangeByte-ShuffleBytes-EraseBytes-
#5639081	REDUCE cov: 535 ft: 1009 corp: 277/7600b lim: 4096 exec/s: 137538 rss: 224Mb L: 16/129 MS: 1 EraseBytes-
#5671542	REDUCE cov: 535 ft: 1012 corp: 278/7820b lim: 4096 exec/s: 135036 rss: 224Mb L: 220/220 MS: 1 CrossOver-
#5733363	REDUCE cov: 535 ft: 1012 corp: 278/7818b lim: 4096 exec/s: 136508 rss: 224Mb L: 29/220 MS: 1 EraseBytes-
#5745654	REDUCE cov: 535 ft: 1012 corp: 278/7811b lim: 4096 exec/s: 136801 rss: 224Mb L: 213/213 MS: 1 EraseBytes-
#5761885	REDUCE cov: 535 ft: 1012 corp: 278/7803b lim: 4096 exec/s: 133997 rss: 224Mb L: 205/205 MS: 1 EraseBytes-
#5793497	REDUCE cov: 535 ft: 1012 corp: 278/7796b lim: 4096 exec/s: 134732 rss: 224Mb L: 198/198 MS: 1 EraseBytes-
#5907505	RELOAD cov: 536 ft: 1016 corp: 280/8022b lim: 4096 exec/s: 134261 rss: 224Mb
#5908591	REDUCE cov: 536 ft: 1016 corp: 280/8019b lim: 4096 exec/s: 134286 rss: 224Mb L: 30/198 MS: 1 EraseBytes-
#5911212	REDUCE cov: 536 ft: 1016 corp: 280/8017b lim: 4096 exec/s: 134345 rss: 224Mb L: 196/196 MS: 1 EraseBytes-
#5926404	REDUCE cov: 537 ft: 1017 corp: 281/8140b lim: 4096 exec/s: 134691 rss: 224Mb L: 123/196 MS: 2 InsertRepeatedBytes-CMP- DE: "delay"-
#5927214	REDUCE cov: 537 ft: 1017 corp: 281/8107b lim: 4096 exec/s: 134709 rss: 224Mb L: 90/196 MS: 5 CMP-ChangeBinInt-ChangeBit-CopyPart-EraseBytes- DE: "`z"-
#5933765	REDUCE cov: 537 ft: 1017 corp: 281/8074b lim: 4096 exec/s: 134858 rss: 224Mb L: 57/196 MS: 1 EraseBytes-
#5947026	REDUCE cov: 537 ft: 1017 corp: 281/8073b lim: 4096 exec/s: 135159 rss: 224Mb L: 11/196 MS: 1 EraseBytes-
#5949033	REDUCE cov: 537 ft: 1017 corp: 281/8070b lim: 4096 exec/s: 135205 rss: 224Mb L: 54/196 MS: 2 InsertRepeatedBytes-EraseBytes-
#5954464	REDUCE cov: 537 ft: 1017 corp: 281/8064b lim: 4096 exec/s: 135328 rss: 224Mb L: 48/196 MS: 1 EraseBytes-
#5984570	REDUCE cov: 537 ft: 1017 corp: 281/8063b lim: 4096 exec/s: 136012 rss: 224Mb L: 47/196 MS: 1 EraseBytes-
#6018881	REDUCE cov: 537 ft: 1017 corp: 281/8062b lim: 4096 exec/s: 133752 rss: 224Mb L: 33/196 MS: 1 EraseBytes-
#6019017	REDUCE cov: 537 ft: 1017 corp: 281/8061b lim: 4096 exec/s: 133755 rss: 224Mb L: 74/196 MS: 1 EraseBytes-
#6064805	REDUCE cov: 537 ft: 1017 corp: 281/8060b lim: 4096 exec/s: 134773 rss: 224Mb L: 28/196 MS: 1 EraseBytes-
#6083771	REDUCE cov: 537 ft: 1017 corp: 281/8050b lim: 4096 exec/s: 135194 rss: 224Mb L: 186/193 MS: 1 EraseBytes-
#6111007	REDUCE cov: 537 ft: 1017 corp: 281/8045b lim: 4096 exec/s: 135800 rss: 224Mb L: 181/193 MS: 1 EraseBytes-
#6153595	REDUCE cov: 537 ft: 1017 corp: 281/8037b lim: 4096 exec/s: 133773 rss: 224Mb L: 62/193 MS: 4 ChangeBit-CopyPart-ShuffleBytes-EraseBytes-
#6198911	REDUCE cov: 537 ft: 1017 corp: 281/8030b lim: 4096 exec/s: 134758 rss: 224Mb L: 40/193 MS: 1 EraseBytes-
#6453930	REDUCE cov: 537 ft: 1017 corp: 281/8013b lim: 4096 exec/s: 131712 rss: 224Mb L: 164/193 MS: 2 ChangeBinInt-EraseBytes-
#6613410	REDUCE cov: 537 ft: 1017 corp: 281/8011b lim: 4096 exec/s: 132268 rss: 224Mb L: 101/193 MS: 1 EraseBytes-
#6627576	REDUCE cov: 537 ft: 1017 corp: 281/8008b lim: 4096 exec/s: 132551 rss: 224Mb L: 190/190 MS: 1 EraseBytes-
#6635207	REDUCE cov: 537 ft: 1017 corp: 281/8007b lim: 4096 exec/s: 132704 rss: 224Mb L: 29/190 MS: 1 EraseBytes-
#6701763	REDUCE cov: 537 ft: 1017 corp: 281/8004b lim: 4096 exec/s: 131407 rss: 224Mb L: 161/190 MS: 1 EraseBytes-
	NEW_FUNC[1/1]: 0x5f82ad8c7e30  (/home/jack/projects/peios/timed/fuzz/target/x86_64-unknown-linux-gnu/release/time_wire+0x13ae30) (BuildId: 7ca9100398e2386a3523e950c0181d0d5ddd72ae)
#6782569	REDUCE cov: 550 ft: 1042 corp: 282/8051b lim: 4096 exec/s: 130434 rss: 224Mb L: 47/190 MS: 1 CMP- DE: "query"-
#6783536	NEW    cov: 551 ft: 1043 corp: 283/8098b lim: 4096 exec/s: 130452 rss: 224Mb L: 47/190 MS: 2 ChangeBit-ShuffleBytes-
#6815045	REDUCE cov: 551 ft: 1043 corp: 283/8078b lim: 4096 exec/s: 131058 rss: 224Mb L: 170/170 MS: 1 EraseBytes-
#6928671	REDUCE cov: 551 ft: 1043 corp: 283/8077b lim: 4096 exec/s: 130729 rss: 224Mb L: 23/170 MS: 1 EraseBytes-
#6973114	REDUCE cov: 551 ft: 1043 corp: 283/8076b lim: 4096 exec/s: 131568 rss: 224Mb L: 47/170 MS: 3 EraseBytes-ShuffleBytes-ChangeBit-
#6986220	REDUCE cov: 551 ft: 1043 corp: 283/8075b lim: 4096 exec/s: 131815 rss: 224Mb L: 46/170 MS: 1 EraseBytes-
#7053382	REDUCE cov: 551 ft: 1043 corp: 283/8072b lim: 4096 exec/s: 128243 rss: 224Mb L: 28/170 MS: 3 EraseBytes-ShuffleBytes-CMP- DE: "\001\013"-
#7062006	RELOAD cov: 551 ft: 1044 corp: 284/8132b lim: 4096 exec/s: 128400 rss: 224Mb
#7102032	REDUCE cov: 551 ft: 1044 corp: 284/8131b lim: 4096 exec/s: 129127 rss: 224Mb L: 59/170 MS: 1 EraseBytes-
#7104938	REDUCE cov: 551 ft: 1044 corp: 284/8126b lim: 4096 exec/s: 129180 rss: 224Mb L: 41/170 MS: 1 EraseBytes-
#7121620	REDUCE cov: 551 ft: 1044 corp: 284/8117b lim: 4096 exec/s: 129484 rss: 224Mb L: 152/170 MS: 2 ChangeBit-EraseBytes-
#7207561	REDUCE cov: 551 ft: 1044 corp: 284/8114b lim: 4096 exec/s: 128706 rss: 224Mb L: 57/170 MS: 1 EraseBytes-
#7211800	REDUCE cov: 552 ft: 1045 corp: 285/8175b lim: 4096 exec/s: 128782 rss: 224Mb L: 61/170 MS: 4 ChangeByte-CopyPart-ChangeBinInt-PersAutoDict- DE: "\000\000\000\004"-
#7227007	REDUCE cov: 552 ft: 1045 corp: 285/8171b lim: 4096 exec/s: 129053 rss: 224Mb L: 16/170 MS: 2 ChangeBinInt-EraseBytes-
#7236440	NEW    cov: 553 ft: 1046 corp: 286/8232b lim: 4096 exec/s: 129222 rss: 224Mb L: 61/170 MS: 3 CrossOver-ChangeByte-ChangeBinInt-
#7246816	REDUCE cov: 553 ft: 1046 corp: 286/8226b lim: 4096 exec/s: 129407 rss: 224Mb L: 55/170 MS: 1 EraseBytes-
#7326428	REDUCE cov: 553 ft: 1046 corp: 286/8223b lim: 4096 exec/s: 128533 rss: 224Mb L: 58/170 MS: 1 EraseBytes-
#7339624	REDUCE cov: 553 ft: 1046 corp: 286/8221b lim: 4096 exec/s: 128765 rss: 224Mb L: 55/170 MS: 1 EraseBytes-
#7403658	REDUCE cov: 553 ft: 1046 corp: 286/8217b lim: 4096 exec/s: 127649 rss: 224Mb L: 37/170 MS: 2 EraseBytes-ChangeBit-
#7435945	REDUCE cov: 553 ft: 1046 corp: 286/8215b lim: 4096 exec/s: 128205 rss: 224Mb L: 59/170 MS: 2 ChangeBinInt-EraseBytes-
#7681286	REDUCE cov: 553 ft: 1046 corp: 286/8211b lim: 4096 exec/s: 128021 rss: 224Mb L: 43/170 MS: 4 CMP-ChangeByte-ChangeBinInt-EraseBytes- DE: "t)"-
#7716437	REDUCE cov: 553 ft: 1046 corp: 286/8207b lim: 4096 exec/s: 126498 rss: 224Mb L: 39/170 MS: 1 EraseBytes-
#7722665	REDUCE cov: 553 ft: 1046 corp: 286/8206b lim: 4096 exec/s: 126601 rss: 224Mb L: 27/170 MS: 1 EraseBytes-
#7727506	REDUCE cov: 553 ft: 1046 corp: 286/8204b lim: 4096 exec/s: 126680 rss: 224Mb L: 150/170 MS: 1 EraseBytes-
#7752377	REDUCE cov: 554 ft: 1047 corp: 287/8259b lim: 4096 exec/s: 127088 rss: 224Mb L: 55/170 MS: 1 ChangeBit-
#7971048	REDUCE cov: 554 ft: 1047 corp: 287/8253b lim: 4096 exec/s: 126524 rss: 224Mb L: 164/164 MS: 1 EraseBytes-
	NEW_FUNC[1/4]: 0x5f82ad8d27e0  (/home/jack/projects/peios/timed/fuzz/target/x86_64-unknown-linux-gnu/release/time_wire+0x1457e0) (BuildId: 7ca9100398e2386a3523e950c0181d0d5ddd72ae)
	NEW_FUNC[2/4]: 0x5f82ad8d28e0  (/home/jack/projects/peios/timed/fuzz/target/x86_64-unknown-linux-gnu/release/time_wire+0x1458e0) (BuildId: 7ca9100398e2386a3523e950c0181d0d5ddd72ae)
#7998720	NEW    cov: 610 ft: 1124 corp: 288/8308b lim: 4096 exec/s: 126963 rss: 224Mb L: 55/164 MS: 2 ChangeBit-CMP- DE: "status"-
#8094839	REDUCE cov: 610 ft: 1124 corp: 288/8305b lim: 4096 exec/s: 126481 rss: 224Mb L: 52/164 MS: 1 EraseBytes-
#8171301	REDUCE cov: 610 ft: 1124 corp: 288/8304b lim: 4096 exec/s: 125712 rss: 224Mb L: 54/164 MS: 1 EraseBytes-
#8271124	REDUCE cov: 610 ft: 1124 corp: 288/8302b lim: 4096 exec/s: 125320 rss: 224Mb L: 37/164 MS: 1 EraseBytes-
#8365778	REDUCE cov: 610 ft: 1124 corp: 288/8301b lim: 4096 exec/s: 124862 rss: 224Mb L: 57/164 MS: 4 PersAutoDict-CopyPart-CrossOver-EraseBytes- DE: "\001\000\000\000\000\000\000\000"-
#8388608	pulse  cov: 610 ft: 1124 corp: 288/8301b lim: 4096 exec/s: 125203 rss: 224Mb
#8430285	REDUCE cov: 610 ft: 1124 corp: 288/8300b lim: 4096 exec/s: 125825 rss: 224Mb L: 23/164 MS: 2 InsertByte-EraseBytes-
#8566198	REDUCE cov: 610 ft: 1124 corp: 288/8293b lim: 4096 exec/s: 125973 rss: 224Mb L: 50/164 MS: 1 EraseBytes-
#8826744	REDUCE cov: 610 ft: 1124 corp: 288/8291b lim: 4096 exec/s: 124320 rss: 224Mb L: 53/164 MS: 1 EraseBytes-
#8830450	REDUCE cov: 610 ft: 1124 corp: 288/8290b lim: 4096 exec/s: 124372 rss: 224Mb L: 28/164 MS: 1 EraseBytes-
#8918831	REDUCE cov: 610 ft: 1124 corp: 288/8282b lim: 4096 exec/s: 123872 rss: 224Mb L: 32/164 MS: 1 EraseBytes-
#8928695	REDUCE cov: 610 ft: 1124 corp: 288/8281b lim: 4096 exec/s: 124009 rss: 224Mb L: 7/164 MS: 4 CrossOver-PersAutoDict-CrossOver-EraseBytes- DE: "BB"-
#8998752	REDUCE cov: 610 ft: 1124 corp: 288/8279b lim: 4096 exec/s: 124982 rss: 224Mb L: 5/164 MS: 2 ChangeBinInt-EraseBytes-
#9133193	REDUCE cov: 610 ft: 1124 corp: 288/8273b lim: 4096 exec/s: 123421 rss: 224Mb L: 123/164 MS: 1 EraseBytes-
#9367851	REDUCE cov: 610 ft: 1124 corp: 288/8272b lim: 4096 exec/s: 124904 rss: 224Mb L: 63/164 MS: 1 EraseBytes-
#9372367	REDUCE cov: 610 ft: 1124 corp: 288/8271b lim: 4096 exec/s: 124964 rss: 224Mb L: 22/164 MS: 1 EraseBytes-
#9423271	REDUCE cov: 610 ft: 1124 corp: 288/8270b lim: 4096 exec/s: 123990 rss: 224Mb L: 149/164 MS: 1 EraseBytes-
#9649044	REDUCE cov: 610 ft: 1124 corp: 288/8262b lim: 4096 exec/s: 123705 rss: 224Mb L: 50/164 MS: 3 EraseBytes-ChangeBinInt-ChangeBit-
#9758551	REDUCE cov: 610 ft: 1124 corp: 288/8253b lim: 4096 exec/s: 125109 rss: 224Mb L: 140/164 MS: 1 EraseBytes-
#9765103	REDUCE cov: 610 ft: 1124 corp: 288/8249b lim: 4096 exec/s: 125193 rss: 224Mb L: 35/164 MS: 2 ChangeBit-EraseBytes-
#9843584	REDUCE cov: 610 ft: 1124 corp: 288/8248b lim: 4096 exec/s: 124602 rss: 224Mb L: 49/164 MS: 1 EraseBytes-
#9873875	REDUCE cov: 610 ft: 1124 corp: 288/8247b lim: 4096 exec/s: 124985 rss: 224Mb L: 33/164 MS: 1 EraseBytes-
#10027023	REDUCE cov: 610 ft: 1124 corp: 288/8246b lim: 4096 exec/s: 125337 rss: 224Mb L: 12/164 MS: 2 EraseBytes-InsertByte-
#10202119	REDUCE cov: 610 ft: 1124 corp: 288/8244b lim: 4096 exec/s: 124416 rss: 224Mb L: 99/164 MS: 5 CrossOver-EraseBytes-ChangeBit-ChangeBit-ChangeBit-
#10589211	REDUCE cov: 610 ft: 1124 corp: 288/8243b lim: 4096 exec/s: 126062 rss: 224Mb L: 163/163 MS: 1 EraseBytes-
#10741105	REDUCE cov: 610 ft: 1124 corp: 288/8241b lim: 4096 exec/s: 124896 rss: 224Mb L: 8/163 MS: 3 EraseBytes-CopyPart-EraseBytes-
#10915146	REDUCE cov: 610 ft: 1124 corp: 288/8239b lim: 4096 exec/s: 125461 rss: 224Mb L: 23/163 MS: 1 EraseBytes-
#10969184	REDUCE cov: 611 ft: 1125 corp: 289/8294b lim: 4096 exec/s: 124649 rss: 224Mb L: 55/163 MS: 4 ChangeByte-ShuffleBytes-InsertByte-CMP- DE: "query"-
#10980965	REDUCE cov: 611 ft: 1125 corp: 289/8290b lim: 4096 exec/s: 124783 rss: 224Mb L: 51/163 MS: 1 EraseBytes-
#10992844	REDUCE cov: 611 ft: 1127 corp: 290/8408b lim: 4096 exec/s: 124918 rss: 224Mb L: 118/163 MS: 4 InsertRepeatedBytes-InsertRepeatedBytes-InsertByte-CMP- DE: "updates"-
#10995565	REDUCE cov: 611 ft: 1127 corp: 290/8403b lim: 4096 exec/s: 124949 rss: 224Mb L: 113/163 MS: 1 EraseBytes-
#11005583	REDUCE cov: 611 ft: 1127 corp: 290/8387b lim: 4096 exec/s: 125063 rss: 224Mb L: 97/163 MS: 3 PersAutoDict-InsertRepeatedBytes-EraseBytes- DE: "\"&\"\177"-
#11016649	REDUCE cov: 611 ft: 1127 corp: 290/8384b lim: 4096 exec/s: 125189 rss: 224Mb L: 44/163 MS: 1 EraseBytes-
#11021196	REDUCE cov: 611 ft: 1127 corp: 290/8381b lim: 4096 exec/s: 125240 rss: 224Mb L: 94/163 MS: 2 ChangeByte-EraseBytes-
#11022032	REDUCE cov: 611 ft: 1127 corp: 290/8357b lim: 4096 exec/s: 125250 rss: 224Mb L: 70/163 MS: 1 EraseBytes-
#11043998	REDUCE cov: 611 ft: 1129 corp: 291/8411b lim: 4096 exec/s: 124089 rss: 224Mb L: 54/163 MS: 1 PersAutoDict- DE: "stratum"-
#11048839	REDUCE cov: 611 ft: 1129 corp: 291/8404b lim: 4096 exec/s: 124144 rss: 224Mb L: 39/163 MS: 1 EraseBytes-
#11061040	REDUCE cov: 611 ft: 1129 corp: 291/8399b lim: 4096 exec/s: 124281 rss: 224Mb L: 65/163 MS: 1 EraseBytes-
#11372590	REDUCE cov: 613 ft: 1131 corp: 292/8453b lim: 4096 exec/s: 123615 rss: 225Mb L: 54/163 MS: 1 CMP- DE: "query"-
#11405111	REDUCE cov: 613 ft: 1131 corp: 292/8452b lim: 4096 exec/s: 123968 rss: 225Mb L: 22/163 MS: 1 EraseBytes-
#11439232	REDUCE cov: 613 ft: 1131 corp: 292/8451b lim: 4096 exec/s: 123002 rss: 225Mb L: 64/163 MS: 1 EraseBytes-
#11500475	REDUCE cov: 613 ft: 1131 corp: 292/8445b lim: 4096 exec/s: 123661 rss: 225Mb L: 134/163 MS: 2 ChangeByte-EraseBytes-
#11516591	REDUCE cov: 613 ft: 1131 corp: 292/8444b lim: 4096 exec/s: 123834 rss: 225Mb L: 63/163 MS: 1 EraseBytes-
#11560062	REDUCE cov: 613 ft: 1131 corp: 292/8443b lim: 4096 exec/s: 122979 rss: 225Mb L: 62/163 MS: 1 EraseBytes-
#11757229	REDUCE cov: 613 ft: 1131 corp: 292/8436b lim: 4096 exec/s: 122471 rss: 225Mb L: 55/163 MS: 1 EraseBytes-
#11819120	REDUCE cov: 613 ft: 1131 corp: 292/8435b lim: 4096 exec/s: 123115 rss: 225Mb L: 22/163 MS: 1 EraseBytes-
#11958647	NEW    cov: 615 ft: 1133 corp: 293/8496b lim: 4096 exec/s: 122027 rss: 225Mb L: 61/163 MS: 2 InsertByte-CMP- DE: "reload"-
#12101707	REDUCE cov: 615 ft: 1133 corp: 293/8495b lim: 4096 exec/s: 122239 rss: 225Mb L: 53/163 MS: 3 ChangeBit-ChangeByte-EraseBytes-
#12120813	REDUCE cov: 615 ft: 1133 corp: 293/8493b lim: 4096 exec/s: 122432 rss: 225Mb L: 52/163 MS: 1 EraseBytes-
#12121774	REDUCE cov: 615 ft: 1133 corp: 293/8492b lim: 4096 exec/s: 122442 rss: 225Mb L: 52/163 MS: 1 EraseBytes-
#12210350	REDUCE cov: 615 ft: 1133 corp: 293/8490b lim: 4096 exec/s: 122103 rss: 225Mb L: 52/163 MS: 1 EraseBytes-
#12390496	REDUCE cov: 615 ft: 1133 corp: 293/8482b lim: 4096 exec/s: 121475 rss: 225Mb L: 12/163 MS: 3 ChangeBit-EraseBytes-EraseBytes-
#12807646	REDUCE cov: 615 ft: 1135 corp: 294/8578b lim: 4096 exec/s: 120826 rss: 225Mb L: 96/163 MS: 2 CopyPart-CrossOver-
#12807807	REDUCE cov: 615 ft: 1135 corp: 294/8573b lim: 4096 exec/s: 120828 rss: 225Mb L: 91/163 MS: 1 EraseBytes-
#12820568	REDUCE cov: 615 ft: 1135 corp: 294/8551b lim: 4096 exec/s: 119818 rss: 225Mb L: 69/163 MS: 1 EraseBytes-
#12848349	REDUCE cov: 615 ft: 1135 corp: 294/8549b lim: 4096 exec/s: 120078 rss: 225Mb L: 53/163 MS: 1 EraseBytes-
#12984134	REDUCE cov: 615 ft: 1135 corp: 294/8543b lim: 4096 exec/s: 119120 rss: 225Mb L: 55/163 MS: 1 EraseBytes-
#13048802	REDUCE cov: 618 ft: 1138 corp: 295/8596b lim: 4096 exec/s: 118625 rss: 225Mb L: 53/163 MS: 3 InsertByte-ChangeByte-CrossOver-
#13067838	REDUCE cov: 618 ft: 1138 corp: 295/8592b lim: 4096 exec/s: 118798 rss: 225Mb L: 45/163 MS: 1 EraseBytes-
#13323212	REDUCE cov: 618 ft: 1138 corp: 295/8591b lim: 4096 exec/s: 118957 rss: 225Mb L: 30/163 MS: 1 EraseBytes-
#13355418	REDUCE cov: 618 ft: 1138 corp: 295/8590b lim: 4096 exec/s: 118189 rss: 225Mb L: 54/163 MS: 1 EraseBytes-
#13379896	RELOAD cov: 619 ft: 1139 corp: 296/8646b lim: 4096 exec/s: 118406 rss: 225Mb
#13526128	REDUCE cov: 619 ft: 1139 corp: 296/8645b lim: 4096 exec/s: 118650 rss: 225Mb L: 62/163 MS: 1 EraseBytes-
#13821839	REDUCE cov: 619 ft: 1139 corp: 296/8644b lim: 4096 exec/s: 118135 rss: 225Mb L: 58/163 MS: 3 ChangeBinInt-CMP-EraseBytes- DE: "\000 "-
#13825056	REDUCE cov: 619 ft: 1139 corp: 296/8642b lim: 4096 exec/s: 118162 rss: 225Mb L: 50/163 MS: 2 EraseBytes-ChangeBit-
#13870737	REDUCE cov: 619 ft: 1139 corp: 296/8640b lim: 4096 exec/s: 117548 rss: 225Mb L: 30/163 MS: 1 EraseBytes-
#13976509	REDUCE cov: 619 ft: 1139 corp: 296/8636b lim: 4096 exec/s: 117449 rss: 225Mb L: 65/163 MS: 4 ChangeBinInt-CopyPart-ChangeByte-EraseBytes-
#14059131	REDUCE cov: 619 ft: 1159 corp: 297/8686b lim: 4096 exec/s: 117159 rss: 225Mb L: 50/163 MS: 1 CrossOver-
#14061282	REDUCE cov: 619 ft: 1159 corp: 297/8684b lim: 4096 exec/s: 117177 rss: 225Mb L: 56/163 MS: 1 EraseBytes-
#14159983	REDUCE cov: 619 ft: 1159 corp: 297/8683b lim: 4096 exec/s: 117024 rss: 225Mb L: 55/163 MS: 1 EraseBytes-
#14411657	REDUCE cov: 619 ft: 1159 corp: 297/8682b lim: 4096 exec/s: 116223 rss: 225Mb L: 54/163 MS: 1 EraseBytes-
#14506208	REDUCE cov: 619 ft: 1159 corp: 297/8680b lim: 4096 exec/s: 116985 rss: 225Mb L: 63/163 MS: 1 EraseBytes-
#14689370	REDUCE cov: 619 ft: 1159 corp: 297/8678b lim: 4096 exec/s: 115664 rss: 225Mb L: 43/163 MS: 1 EraseBytes-
#14792291	NEW    cov: 619 ft: 1165 corp: 298/8757b lim: 4096 exec/s: 115564 rss: 225Mb L: 79/163 MS: 1 InsertRepeatedBytes-
#14807157	REDUCE cov: 619 ft: 1165 corp: 298/8722b lim: 4096 exec/s: 115680 rss: 225Mb L: 44/163 MS: 1 EraseBytes-
#14837108	REDUCE cov: 619 ft: 1165 corp: 298/8721b lim: 4096 exec/s: 115914 rss: 225Mb L: 23/163 MS: 1 EraseBytes-
#14844609	REDUCE cov: 619 ft: 1165 corp: 298/8719b lim: 4096 exec/s: 115973 rss: 225Mb L: 25/163 MS: 1 EraseBytes-
#14857836	REDUCE cov: 619 ft: 1165 corp: 298/8717b lim: 4096 exec/s: 116076 rss: 225Mb L: 42/163 MS: 2 ChangeByte-EraseBytes-
#14861987	REDUCE cov: 619 ft: 1165 corp: 298/8713b lim: 4096 exec/s: 116109 rss: 225Mb L: 38/163 MS: 1 EraseBytes-
#14949994	REDUCE cov: 619 ft: 1165 corp: 298/8711b lim: 4096 exec/s: 114999 rss: 225Mb L: 36/163 MS: 1 EraseBytes-
#14993462	REDUCE cov: 619 ft: 1165 corp: 298/8705b lim: 4096 exec/s: 115334 rss: 225Mb L: 30/163 MS: 2 CMP-EraseBytes- DE: "pl"-
#15003284	REDUCE cov: 619 ft: 1165 corp: 298/8703b lim: 4096 exec/s: 115409 rss: 225Mb L: 50/163 MS: 2 EraseBytes-CrossOver-
#15011190	REDUCE cov: 619 ft: 1165 corp: 298/8702b lim: 4096 exec/s: 115470 rss: 225Mb L: 52/163 MS: 1 EraseBytes-
#15057491	REDUCE cov: 619 ft: 1165 corp: 298/8701b lim: 4096 exec/s: 114942 rss: 225Mb L: 122/163 MS: 1 EraseBytes-
#15101124	REDUCE cov: 619 ft: 1165 corp: 298/8689b lim: 4096 exec/s: 115275 rss: 225Mb L: 23/163 MS: 3 PersAutoDict-EraseBytes-ChangeBit- DE: "`z"-
#15118560	REDUCE cov: 619 ft: 1165 corp: 298/8688b lim: 4096 exec/s: 114534 rss: 225Mb L: 22/163 MS: 1 EraseBytes-
#15128956	REDUCE cov: 619 ft: 1165 corp: 298/8683b lim: 4096 exec/s: 114613 rss: 225Mb L: 58/163 MS: 1 EraseBytes-
#15159548	REDUCE cov: 619 ft: 1165 corp: 298/8680b lim: 4096 exec/s: 114845 rss: 225Mb L: 27/163 MS: 2 InsertRepeatedBytes-EraseBytes-
#15255320	REDUCE cov: 619 ft: 1165 corp: 298/8678b lim: 4096 exec/s: 114701 rss: 225Mb L: 48/163 MS: 1 EraseBytes-
#15287607	REDUCE cov: 619 ft: 1165 corp: 298/8677b lim: 4096 exec/s: 114944 rss: 225Mb L: 21/163 MS: 2 ChangeBit-EraseBytes-
#15541539	REDUCE cov: 619 ft: 1165 corp: 298/8676b lim: 4096 exec/s: 115122 rss: 225Mb L: 20/163 MS: 1 EraseBytes-
#15655188	REDUCE cov: 619 ft: 1165 corp: 298/8674b lim: 4096 exec/s: 115111 rss: 225Mb L: 51/163 MS: 1 EraseBytes-
#16042016	RELOAD cov: 621 ft: 1167 corp: 299/8773b lim: 4096 exec/s: 114585 rss: 227Mb
#16044697	REDUCE cov: 621 ft: 1167 corp: 299/8741b lim: 4096 exec/s: 114604 rss: 227Mb L: 67/163 MS: 1 EraseBytes-
#16087753	REDUCE cov: 621 ft: 1167 corp: 299/8735b lim: 4096 exec/s: 114097 rss: 228Mb L: 157/157 MS: 1 EraseBytes-
#16139755	REDUCE cov: 621 ft: 1167 corp: 299/8726b lim: 4096 exec/s: 114466 rss: 228Mb L: 58/157 MS: 1 EraseBytes-
#16439816	REDUCE cov: 621 ft: 1167 corp: 299/8724b lim: 4096 exec/s: 114165 rss: 228Mb L: 97/157 MS: 1 EraseBytes-
#16512648	REDUCE cov: 621 ft: 1167 corp: 299/8723b lim: 4096 exec/s: 113880 rss: 230Mb L: 43/157 MS: 1 EraseBytes-
#16680595	REDUCE cov: 621 ft: 1167 corp: 299/8719b lim: 4096 exec/s: 113473 rss: 230Mb L: 13/157 MS: 2 CopyPart-EraseBytes-
#16777216	pulse  cov: 621 ft: 1167 corp: 299/8719b lim: 4096 exec/s: 113359 rss: 230Mb
#16780623	REDUCE cov: 621 ft: 1167 corp: 299/8718b lim: 4096 exec/s: 113382 rss: 230Mb L: 47/157 MS: 2 ChangeByte-EraseBytes-
#16901014	REDUCE cov: 621 ft: 1167 corp: 299/8712b lim: 4096 exec/s: 113429 rss: 230Mb L: 151/151 MS: 1 EraseBytes-
#17247331	REDUCE cov: 621 ft: 1167 corp: 299/8711b lim: 4096 exec/s: 112727 rss: 232Mb L: 55/151 MS: 1 EraseBytes-
#17346038	REDUCE cov: 621 ft: 1167 corp: 299/8709b lim: 4096 exec/s: 112636 rss: 232Mb L: 95/151 MS: 1 EraseBytes-
#17381260	REDUCE cov: 621 ft: 1167 corp: 299/8707b lim: 4096 exec/s: 112137 rss: 232Mb L: 56/151 MS: 2 PersAutoDict-EraseBytes- DE: "epu\207"-
#17545366	REDUCE cov: 621 ft: 1167 corp: 299/8705b lim: 4096 exec/s: 111753 rss: 232Mb L: 37/151 MS: 1 EraseBytes-
#18048920	REDUCE cov: 621 ft: 1172 corp: 300/8872b lim: 4096 exec/s: 110729 rss: 233Mb L: 167/167 MS: 1 CrossOver-
#18049356	REDUCE cov: 621 ft: 1172 corp: 300/8867b lim: 4096 exec/s: 110732 rss: 233Mb L: 162/162 MS: 1 EraseBytes-
#18111840	REDUCE cov: 621 ft: 1172 corp: 300/8862b lim: 4096 exec/s: 110438 rss: 234Mb L: 157/157 MS: 3 ChangeBit-PersAutoDict-EraseBytes- DE: "\000 "-
#18124881	REDUCE cov: 621 ft: 1172 corp: 300/8861b lim: 4096 exec/s: 110517 rss: 234Mb L: 119/157 MS: 1 EraseBytes-
#18319113	REDUCE cov: 621 ft: 1172 corp: 300/8851b lim: 4096 exec/s: 110356 rss: 236Mb L: 147/151 MS: 1 EraseBytes-
#18338359	REDUCE cov: 621 ft: 1172 corp: 300/8844b lim: 4096 exec/s: 109810 rss: 236Mb L: 140/151 MS: 1 EraseBytes-
#18489102	REDUCE cov: 621 ft: 1172 corp: 300/8807b lim: 4096 exec/s: 109402 rss: 236Mb L: 103/151 MS: 2 CrossOver-EraseBytes-
#18507373	REDUCE cov: 621 ft: 1172 corp: 300/8806b lim: 4096 exec/s: 109511 rss: 236Mb L: 18/151 MS: 1 EraseBytes-
#18516274	REDUCE cov: 621 ft: 1172 corp: 300/8804b lim: 4096 exec/s: 109563 rss: 236Mb L: 35/151 MS: 1 EraseBytes-
#18595282	NEW    cov: 623 ft: 1174 corp: 301/8857b lim: 4096 exec/s: 109384 rss: 236Mb L: 53/151 MS: 1 ChangeBinInt-
#18647640	REDUCE cov: 623 ft: 1174 corp: 301/8818b lim: 4096 exec/s: 109692 rss: 236Mb L: 64/151 MS: 2 PersAutoDict-EraseBytes- DE: "BB"-
#18816781	REDUCE cov: 623 ft: 1174 corp: 301/8809b lim: 4096 exec/s: 108767 rss: 237Mb L: 55/151 MS: 1 EraseBytes-
#18846465	REDUCE cov: 623 ft: 1174 corp: 301/8801b lim: 4096 exec/s: 108939 rss: 237Mb L: 47/151 MS: 4 ChangeBinInt-ChangeBit-ChangeByte-EraseBytes-
#18885020	REDUCE cov: 623 ft: 1177 corp: 302/8950b lim: 4096 exec/s: 109161 rss: 237Mb L: 149/151 MS: 4 CopyPart-InsertByte-ChangeBinInt-ChangeBit-
#18895476	REDUCE cov: 623 ft: 1177 corp: 302/8913b lim: 4096 exec/s: 108594 rss: 237Mb L: 112/151 MS: 1 EraseBytes-
#18971647	REDUCE cov: 623 ft: 1177 corp: 302/8905b lim: 4096 exec/s: 109032 rss: 237Mb L: 27/151 MS: 4 ChangeByte-ChangeBit-ChangeBinInt-EraseBytes-
#19030538	REDUCE cov: 623 ft: 1177 corp: 302/8891b lim: 4096 exec/s: 108745 rss: 237Mb L: 33/151 MS: 1 EraseBytes-
#19167816	NEW    cov: 624 ft: 1178 corp: 303/8929b lim: 4096 exec/s: 108292 rss: 237Mb L: 38/151 MS: 2 CMP-CMP- DE: "J/"-"system-peer"-
#19624245	REDUCE cov: 624 ft: 1178 corp: 303/8926b lim: 4096 exec/s: 107825 rss: 237Mb L: 109/151 MS: 1 EraseBytes-
#19888255	REDUCE cov: 624 ft: 1178 corp: 303/8921b lim: 4096 exec/s: 107504 rss: 237Mb L: 71/151 MS: 2 InsertByte-EraseBytes-
#20463821	REDUCE cov: 624 ft: 1178 corp: 303/8912b lim: 4096 exec/s: 106582 rss: 243Mb L: 24/151 MS: 1 EraseBytes-
#20508625	REDUCE cov: 624 ft: 1178 corp: 303/8911b lim: 4096 exec/s: 106815 rss: 243Mb L: 94/151 MS: 1 EraseBytes-
#20620914	REDUCE cov: 624 ft: 1178 corp: 303/8905b lim: 4096 exec/s: 106293 rss: 243Mb L: 103/151 MS: 1 EraseBytes-
#20750769	REDUCE cov: 624 ft: 1178 corp: 303/8903b lim: 4096 exec/s: 105871 rss: 244Mb L: 49/151 MS: 2 CrossOver-EraseBytes-
#20763196	REDUCE cov: 624 ft: 1178 corp: 303/8902b lim: 4096 exec/s: 105934 rss: 244Mb L: 10/151 MS: 2 EraseBytes-ChangeBinInt-
#20961935	REDUCE cov: 624 ft: 1178 corp: 303/8900b lim: 4096 exec/s: 105868 rss: 244Mb L: 69/151 MS: 2 ChangeBinInt-EraseBytes-
#21023562	REDUCE cov: 624 ft: 1178 corp: 303/8893b lim: 4096 exec/s: 106179 rss: 244Mb L: 26/151 MS: 1 EraseBytes-
#21253413	RELOAD cov: 624 ft: 1179 corp: 304/8919b lim: 4096 exec/s: 105738 rss: 244Mb
#21384190	REDUCE cov: 624 ft: 1179 corp: 304/8917b lim: 4096 exec/s: 105340 rss: 244Mb L: 36/151 MS: 1 EraseBytes-
#22120010	REDUCE cov: 624 ft: 1179 corp: 304/8916b lim: 4096 exec/s: 104834 rss: 244Mb L: 53/151 MS: 5 ChangeBit-ChangeBit-ChangeByte-CrossOver-EraseBytes-
#22542152	REDUCE cov: 624 ft: 1179 corp: 304/8912b lim: 4096 exec/s: 103880 rss: 244Mb L: 99/151 MS: 1 EraseBytes-
#22566814	REDUCE cov: 624 ft: 1180 corp: 305/9064b lim: 4096 exec/s: 103994 rss: 244Mb L: 152/152 MS: 1 CrossOver-
#22697710	REDUCE cov: 624 ft: 1180 corp: 305/9059b lim: 4096 exec/s: 103642 rss: 247Mb L: 94/152 MS: 1 EraseBytes-
#22714098	REDUCE cov: 624 ft: 1180 corp: 305/9058b lim: 4096 exec/s: 103717 rss: 247Mb L: 22/152 MS: 2 ShuffleBytes-EraseBytes-
#22938045	REDUCE cov: 624 ft: 1180 corp: 305/9057b lim: 4096 exec/s: 103324 rss: 249Mb L: 25/152 MS: 1 EraseBytes-
#23067165	REDUCE cov: 624 ft: 1180 corp: 305/9051b lim: 4096 exec/s: 102978 rss: 249Mb L: 128/152 MS: 2 ChangeBit-EraseBytes-
#23117187	REDUCE cov: 624 ft: 1180 corp: 305/9049b lim: 4096 exec/s: 102743 rss: 249Mb L: 150/151 MS: 1 EraseBytes-
#23242478	REDUCE cov: 624 ft: 1180 corp: 305/9047b lim: 4096 exec/s: 102389 rss: 249Mb L: 24/151 MS: 1 EraseBytes-
#23299145	REDUCE cov: 624 ft: 1180 corp: 305/9046b lim: 4096 exec/s: 102639 rss: 249Mb L: 55/151 MS: 2 ChangeBit-EraseBytes-
#23492069	REDUCE cov: 624 ft: 1180 corp: 305/9022b lim: 4096 exec/s: 102139 rss: 249Mb L: 28/151 MS: 4 CopyPart-ChangeBit-EraseBytes-ChangeByte-
#23640050	REDUCE cov: 624 ft: 1180 corp: 305/9020b lim: 4096 exec/s: 101896 rss: 249Mb L: 23/151 MS: 1 EraseBytes-
#23898741	REDUCE cov: 624 ft: 1180 corp: 305/9017b lim: 4096 exec/s: 101696 rss: 249Mb L: 47/151 MS: 1 EraseBytes-
#24076137	REDUCE cov: 624 ft: 1180 corp: 305/9016b lim: 4096 exec/s: 101587 rss: 249Mb L: 26/151 MS: 1 EraseBytes-
#24124709	REDUCE cov: 624 ft: 1180 corp: 305/8996b lim: 4096 exec/s: 101364 rss: 249Mb L: 32/151 MS: 2 EraseBytes-ChangeBinInt-
#24310155	REDUCE cov: 624 ft: 1180 corp: 305/8995b lim: 4096 exec/s: 101292 rss: 249Mb L: 93/151 MS: 1 EraseBytes-
#24518897	REDUCE cov: 624 ft: 1182 corp: 306/9119b lim: 4096 exec/s: 100900 rss: 249Mb L: 124/151 MS: 1 CopyPart-
#24607439	REDUCE cov: 624 ft: 1182 corp: 306/9111b lim: 4096 exec/s: 100850 rss: 249Mb L: 116/151 MS: 1 EraseBytes-
#25001764	REDUCE cov: 624 ft: 1182 corp: 306/9103b lim: 4096 exec/s: 100813 rss: 249Mb L: 48/151 MS: 2 ShuffleBytes-EraseBytes-
#25102407	REDUCE cov: 624 ft: 1182 corp: 306/9099b lim: 4096 exec/s: 100812 rss: 251Mb L: 112/151 MS: 1 EraseBytes-
#25459649	REDUCE cov: 624 ft: 1183 corp: 307/9311b lim: 4096 exec/s: 100631 rss: 256Mb L: 212/212 MS: 1 CrossOver-
#25964091	REDUCE cov: 624 ft: 1183 corp: 307/9308b lim: 4096 exec/s: 100247 rss: 256Mb L: 109/212 MS: 1 EraseBytes-
#26404323	REDUCE cov: 624 ft: 1183 corp: 307/9307b lim: 4096 exec/s: 100396 rss: 256Mb L: 27/212 MS: 1 EraseBytes-
#26479991	REDUCE cov: 624 ft: 1183 corp: 307/9306b lim: 4096 exec/s: 100302 rss: 256Mb L: 25/212 MS: 2 CrossOver-EraseBytes-
#26760689	REDUCE cov: 624 ft: 1183 corp: 307/9302b lim: 4096 exec/s: 100227 rss: 256Mb L: 39/212 MS: 2 ChangeBit-EraseBytes-
#26763905	REDUCE cov: 624 ft: 1183 corp: 307/9301b lim: 4096 exec/s: 100239 rss: 256Mb L: 30/212 MS: 1 EraseBytes-
#27118582	REDUCE cov: 624 ft: 1190 corp: 308/9329b lim: 4096 exec/s: 100068 rss: 256Mb L: 28/212 MS: 1 ChangeByte-
#27710561	RELOAD cov: 624 ft: 1192 corp: 309/9411b lim: 4096 exec/s: 97917 rss: 256Mb
#27738803	REDUCE cov: 624 ft: 1192 corp: 309/9408b lim: 4096 exec/s: 98016 rss: 256Mb L: 49/212 MS: 2 InsertRepeatedBytes-EraseBytes-
#27766484	REDUCE cov: 624 ft: 1192 corp: 309/9406b lim: 4096 exec/s: 97769 rss: 256Mb L: 53/212 MS: 1 EraseBytes-
#28003556	REDUCE cov: 624 ft: 1192 corp: 309/9405b lim: 4096 exec/s: 97573 rss: 256Mb L: 68/212 MS: 2 ChangeASCIIInt-EraseBytes-
#28267773	REDUCE cov: 624 ft: 1192 corp: 309/9403b lim: 4096 exec/s: 97812 rss: 256Mb L: 9/212 MS: 2 ChangeByte-EraseBytes-
#28386140	REDUCE cov: 624 ft: 1192 corp: 309/9399b lim: 4096 exec/s: 97883 rss: 256Mb L: 147/212 MS: 1 EraseBytes-
#28397467	RELOAD cov: 625 ft: 1193 corp: 310/9472b lim: 4096 exec/s: 97585 rss: 256Mb
#28409648	REDUCE cov: 625 ft: 1193 corp: 310/9441b lim: 4096 exec/s: 97627 rss: 256Mb L: 42/212 MS: 1 EraseBytes-
#28456754	REDUCE cov: 625 ft: 1193 corp: 310/9432b lim: 4096 exec/s: 97789 rss: 256Mb L: 33/212 MS: 1 EraseBytes-
#28507859	RELOAD cov: 626 ft: 1194 corp: 311/9550b lim: 4096 exec/s: 97629 rss: 256Mb
#28512270	REDUCE cov: 626 ft: 1194 corp: 311/9546b lim: 4096 exec/s: 97644 rss: 256Mb L: 114/212 MS: 1 EraseBytes-
#28524643	REDUCE cov: 626 ft: 1194 corp: 311/9511b lim: 4096 exec/s: 97687 rss: 256Mb L: 79/212 MS: 3 ChangeBinInt-CMP-EraseBytes- DE: "!z"-
#28592739	REDUCE cov: 626 ft: 1194 corp: 311/9484b lim: 4096 exec/s: 97920 rss: 256Mb L: 52/212 MS: 1 EraseBytes-
#28642355	REDUCE cov: 626 ft: 1194 corp: 311/9461b lim: 4096 exec/s: 97755 rss: 256Mb L: 29/212 MS: 5 ChangeBit-ChangeByte-ChangeBinInt-ChangeByte-EraseBytes-
#28730510	REDUCE cov: 626 ft: 1194 corp: 311/9460b lim: 4096 exec/s: 97722 rss: 256Mb L: 28/212 MS: 1 EraseBytes-
#29010353	REDUCE cov: 626 ft: 1194 corp: 311/9450b lim: 4096 exec/s: 97677 rss: 256Mb L: 18/212 MS: 1 EraseBytes-
#29025871	REDUCE cov: 626 ft: 1194 corp: 311/9445b lim: 4096 exec/s: 97402 rss: 256Mb L: 77/212 MS: 2 ChangeBinInt-EraseBytes-
#29114003	REDUCE cov: 626 ft: 1194 corp: 311/9441b lim: 4096 exec/s: 97371 rss: 256Mb L: 118/212 MS: 1 EraseBytes-
#29511037	RELOAD cov: 626 ft: 1200 corp: 312/9491b lim: 4096 exec/s: 96757 rss: 256Mb
#29563229	REDUCE cov: 626 ft: 1200 corp: 312/9487b lim: 4096 exec/s: 96928 rss: 256Mb L: 46/212 MS: 2 ChangeBinInt-EraseBytes-
#29624428	REDUCE cov: 626 ft: 1200 corp: 312/9484b lim: 4096 exec/s: 96811 rss: 256Mb L: 30/212 MS: 3 ChangeByte-ChangeByte-EraseBytes-
#29648989	REDUCE cov: 626 ft: 1200 corp: 312/9475b lim: 4096 exec/s: 96892 rss: 256Mb L: 37/212 MS: 1 EraseBytes-
#30015339	REDUCE cov: 626 ft: 1200 corp: 312/9474b lim: 4096 exec/s: 96823 rss: 256Mb L: 29/212 MS: 2 ChangeByte-EraseBytes-
#30082103	REDUCE cov: 626 ft: 1200 corp: 312/9466b lim: 4096 exec/s: 97039 rss: 256Mb L: 69/212 MS: 1 EraseBytes-
#30253520	REDUCE cov: 626 ft: 1200 corp: 312/9465b lim: 4096 exec/s: 96966 rss: 256Mb L: 52/212 MS: 1 EraseBytes-
#30347616	REDUCE cov: 626 ft: 1200 corp: 312/9463b lim: 4096 exec/s: 96648 rss: 256Mb L: 35/212 MS: 1 EraseBytes-
#30359387	RELOAD cov: 626 ft: 1201 corp: 313/9556b lim: 4096 exec/s: 96685 rss: 256Mb
#30403193	REDUCE cov: 626 ft: 1201 corp: 313/9553b lim: 4096 exec/s: 96825 rss: 256Mb L: 32/212 MS: 1 EraseBytes-
#30739126	REDUCE cov: 626 ft: 1208 corp: 314/9589b lim: 4096 exec/s: 96663 rss: 256Mb L: 36/212 MS: 1 CrossOver-
#31460468	REDUCE cov: 626 ft: 1208 corp: 314/9580b lim: 4096 exec/s: 96504 rss: 256Mb L: 100/212 MS: 1 EraseBytes-
#31748086	REDUCE cov: 626 ft: 1208 corp: 314/9578b lim: 4096 exec/s: 96498 rss: 256Mb L: 30/212 MS: 2 EraseBytes-ChangeBit-
#31803937	REDUCE cov: 626 ft: 1208 corp: 314/9574b lim: 4096 exec/s: 96668 rss: 256Mb L: 124/212 MS: 1 EraseBytes-
#32554716	REDUCE cov: 626 ft: 1208 corp: 314/9573b lim: 4096 exec/s: 96601 rss: 256Mb L: 149/212 MS: 2 ShuffleBytes-EraseBytes-
#32922634	REDUCE cov: 626 ft: 1208 corp: 314/9571b lim: 4096 exec/s: 96547 rss: 256Mb L: 91/212 MS: 2 EraseBytes-CopyPart-
#33554432	pulse  cov: 626 ft: 1208 corp: 314/9571b lim: 4096 exec/s: 96420 rss: 256Mb
#34408538	REDUCE cov: 626 ft: 1208 corp: 314/9570b lim: 4096 exec/s: 96113 rss: 256Mb L: 54/212 MS: 3 CrossOver-PersAutoDict-EraseBytes- DE: "\001\012\000''"-
#35128727	REDUCE cov: 626 ft: 1208 corp: 314/9565b lim: 4096 exec/s: 95980 rss: 256Mb L: 88/212 MS: 1 EraseBytes-
#35599070	REDUCE cov: 626 ft: 1208 corp: 314/9564b lim: 4096 exec/s: 95954 rss: 256Mb L: 87/212 MS: 1 EraseBytes-
#35801774	REDUCE cov: 626 ft: 1208 corp: 314/9561b lim: 4096 exec/s: 95983 rss: 256Mb L: 41/212 MS: 2 EraseBytes-CMP- DE: "\001%\005s"-
#35854936	REDUCE cov: 626 ft: 1208 corp: 314/9556b lim: 4096 exec/s: 96125 rss: 256Mb L: 36/212 MS: 1 EraseBytes-
#35886827	REDUCE cov: 626 ft: 1208 corp: 314/9547b lim: 4096 exec/s: 95954 rss: 256Mb L: 27/212 MS: 1 EraseBytes-
#36331058	REDUCE cov: 626 ft: 1208 corp: 314/9546b lim: 4096 exec/s: 96113 rss: 256Mb L: 72/212 MS: 1 EraseBytes-
#36732727	RELOAD cov: 627 ft: 1209 corp: 315/9617b lim: 4096 exec/s: 96158 rss: 256Mb
#36829208	REDUCE cov: 627 ft: 1209 corp: 315/9584b lim: 4096 exec/s: 96159 rss: 256Mb L: 38/212 MS: 1 EraseBytes-
#36900455	REDUCE cov: 627 ft: 1209 corp: 315/9581b lim: 4096 exec/s: 96094 rss: 256Mb L: 84/212 MS: 1 EraseBytes-
#37417350	REDUCE cov: 627 ft: 1209 corp: 315/9580b lim: 4096 exec/s: 95941 rss: 256Mb L: 146/212 MS: 3 ChangeByte-CopyPart-EraseBytes-
#38235336	REDUCE cov: 627 ft: 1209 corp: 315/9578b lim: 4096 exec/s: 95827 rss: 256Mb L: 7/212 MS: 2 ChangeByte-EraseBytes-
#38379546	REDUCE cov: 627 ft: 1209 corp: 315/9577b lim: 4096 exec/s: 95948 rss: 256Mb L: 22/212 MS: 1 EraseBytes-
#38504372	REDUCE cov: 627 ft: 1209 corp: 315/9575b lim: 4096 exec/s: 95782 rss: 256Mb L: 16/212 MS: 1 EraseBytes-
#38636692	RELOAD cov: 627 ft: 1211 corp: 316/9684b lim: 4096 exec/s: 95872 rss: 256Mb
#38641318	REDUCE cov: 627 ft: 1211 corp: 316/9678b lim: 4096 exec/s: 95884 rss: 256Mb L: 103/212 MS: 1 EraseBytes-
#39028166	REDUCE cov: 627 ft: 1211 corp: 316/9664b lim: 4096 exec/s: 95892 rss: 256Mb L: 89/212 MS: 1 EraseBytes-
==25295== libFuzzer: run interrupted; exiting
#551974	REDUCE cov: 407 ft: 2659 corp: 551/173Kb lim: 2303 exec/s: 16726 rss: 602Mb L: 375/1775 MS: 3 ChangeASCIIInt-CopyPart-EraseBytes-
#552302	REDUCE cov: 407 ft: 2659 corp: 551/173Kb lim: 2303 exec/s: 16736 rss: 602Mb L: 92/1775 MS: 3 CopyPart-InsertByte-EraseBytes-
#553133	REDUCE cov: 407 ft: 2659 corp: 551/173Kb lim: 2303 exec/s: 16761 rss: 602Mb L: 551/1775 MS: 1 EraseBytes-
#553409	REDUCE cov: 407 ft: 2659 corp: 551/173Kb lim: 2303 exec/s: 16769 rss: 602Mb L: 943/1775 MS: 1 EraseBytes-
#553619	REDUCE cov: 407 ft: 2659 corp: 551/173Kb lim: 2303 exec/s: 16776 rss: 602Mb L: 876/1775 MS: 5 CMP-InsertByte-ChangeASCIIInt-ChangeBit-EraseBytes- DE: "\001\000\000\000"-
#553822	REDUCE cov: 407 ft: 2659 corp: 551/173Kb lim: 2303 exec/s: 16782 rss: 602Mb L: 137/1775 MS: 3 ChangeByte-CMP-EraseBytes- DE: "\001\000"-
#553894	REDUCE cov: 407 ft: 2659 corp: 551/173Kb lim: 2303 exec/s: 16784 rss: 602Mb L: 154/1775 MS: 2 CopyPart-EraseBytes-
#554476	REDUCE cov: 407 ft: 2659 corp: 551/173Kb lim: 2303 exec/s: 16802 rss: 602Mb L: 1230/1775 MS: 1 EraseBytes-
#555312	REDUCE cov: 407 ft: 2659 corp: 551/173Kb lim: 2303 exec/s: 16827 rss: 602Mb L: 570/1775 MS: 1 EraseBytes-
#555858	REDUCE cov: 407 ft: 2659 corp: 551/173Kb lim: 2303 exec/s: 16844 rss: 602Mb L: 1059/1775 MS: 1 EraseBytes-
#556049	REDUCE cov: 407 ft: 2659 corp: 551/173Kb lim: 2303 exec/s: 16849 rss: 602Mb L: 201/1775 MS: 1 EraseBytes-
#556868	REDUCE cov: 407 ft: 2659 corp: 551/173Kb lim: 2303 exec/s: 16378 rss: 602Mb L: 1620/1775 MS: 4 ChangeBit-ChangeASCIIInt-ChangeBinInt-EraseBytes-
#562036	REDUCE cov: 407 ft: 2659 corp: 551/173Kb lim: 2347 exec/s: 16530 rss: 602Mb L: 184/1775 MS: 1 EraseBytes-
#562188	REDUCE cov: 407 ft: 2659 corp: 551/173Kb lim: 2347 exec/s: 16534 rss: 602Mb L: 1651/1775 MS: 2 ChangeBinInt-EraseBytes-
#562655	REDUCE cov: 407 ft: 2661 corp: 552/175Kb lim: 2347 exec/s: 16548 rss: 602Mb L: 2173/2173 MS: 2 ShuffleBytes-CopyPart-
#564799	REDUCE cov: 407 ft: 2661 corp: 552/175Kb lim: 2358 exec/s: 16137 rss: 602Mb L: 28/2173 MS: 4 EraseBytes-ChangeBinInt-ChangeByte-CopyPart-
#565753	REDUCE cov: 407 ft: 2661 corp: 552/175Kb lim: 2358 exec/s: 16164 rss: 602Mb L: 1521/2173 MS: 4 ChangeByte-ChangeByte-CMP-CrossOver- DE: "\000\000\000\000"-
#566095	REDUCE cov: 407 ft: 2661 corp: 552/175Kb lim: 2358 exec/s: 16174 rss: 602Mb L: 763/2173 MS: 2 ChangeByte-EraseBytes-
#566188	REDUCE cov: 407 ft: 2661 corp: 552/175Kb lim: 2358 exec/s: 16176 rss: 602Mb L: 1030/2173 MS: 3 ChangeASCIIInt-InsertRepeatedBytes-EraseBytes-
#567818	REDUCE cov: 407 ft: 2661 corp: 552/175Kb lim: 2369 exec/s: 16223 rss: 602Mb L: 1453/2173 MS: 2 ChangeBit-EraseBytes-
#570244	REDUCE cov: 407 ft: 2661 corp: 552/174Kb lim: 2391 exec/s: 16292 rss: 602Mb L: 638/2173 MS: 1 EraseBytes-
#571110	REDUCE cov: 407 ft: 2661 corp: 552/174Kb lim: 2391 exec/s: 15864 rss: 602Mb L: 70/2173 MS: 1 EraseBytes-
#571985	REDUCE cov: 407 ft: 2661 corp: 552/174Kb lim: 2391 exec/s: 15888 rss: 602Mb L: 1308/2173 MS: 5 ChangeBinInt-ChangeBinInt-ChangeBinInt-ShuffleBytes-EraseBytes-
#572127	REDUCE cov: 407 ft: 2661 corp: 552/174Kb lim: 2391 exec/s: 15892 rss: 602Mb L: 99/2173 MS: 2 EraseBytes-InsertByte-
#573258	REDUCE cov: 407 ft: 2661 corp: 552/174Kb lim: 2402 exec/s: 15923 rss: 602Mb L: 101/2173 MS: 1 EraseBytes-
#574131	REDUCE cov: 407 ft: 2661 corp: 552/174Kb lim: 2402 exec/s: 15948 rss: 602Mb L: 327/2173 MS: 3 ChangeBit-ChangeByte-EraseBytes-
#574528	REDUCE cov: 407 ft: 2661 corp: 552/174Kb lim: 2402 exec/s: 15959 rss: 602Mb L: 974/2173 MS: 1 EraseBytes-
#575675	REDUCE cov: 407 ft: 2661 corp: 552/174Kb lim: 2413 exec/s: 15990 rss: 602Mb L: 778/2173 MS: 2 CrossOver-EraseBytes-
#576662	REDUCE cov: 407 ft: 2661 corp: 552/174Kb lim: 2413 exec/s: 16018 rss: 602Mb L: 233/2173 MS: 2 InsertRepeatedBytes-EraseBytes-
#578974	REDUCE cov: 407 ft: 2661 corp: 552/174Kb lim: 2435 exec/s: 15647 rss: 602Mb L: 86/2173 MS: 2 ChangeBit-EraseBytes-
#579022	REDUCE cov: 407 ft: 2661 corp: 552/174Kb lim: 2435 exec/s: 15649 rss: 602Mb L: 268/2173 MS: 3 ChangeByte-ChangeBinInt-EraseBytes-
#579503	REDUCE cov: 407 ft: 2661 corp: 552/174Kb lim: 2435 exec/s: 15662 rss: 602Mb L: 673/2173 MS: 1 EraseBytes-
#580892	REDUCE cov: 407 ft: 2661 corp: 552/174Kb lim: 2446 exec/s: 15699 rss: 602Mb L: 270/2173 MS: 4 CopyPart-ShuffleBytes-ChangeBit-EraseBytes-
#580911	REDUCE cov: 407 ft: 2661 corp: 552/174Kb lim: 2446 exec/s: 15700 rss: 602Mb L: 1472/2173 MS: 4 ChangeBit-PersAutoDict-ChangeBit-EraseBytes- DE: "\000\000\000\000\000\000\000\003"-
#582341	RELOAD cov: 407 ft: 2665 corp: 554/178Kb lim: 2457 exec/s: 15738 rss: 602Mb
#582647	REDUCE cov: 407 ft: 2665 corp: 554/178Kb lim: 2457 exec/s: 15747 rss: 602Mb L: 996/2285 MS: 1 EraseBytes-
#584368	REDUCE cov: 407 ft: 2665 corp: 554/178Kb lim: 2468 exec/s: 15793 rss: 602Mb L: 191/2285 MS: 1 EraseBytes-
#585114	REDUCE cov: 407 ft: 2665 corp: 554/178Kb lim: 2468 exec/s: 15813 rss: 602Mb L: 1722/2285 MS: 1 EraseBytes-
#585356	REDUCE cov: 407 ft: 2665 corp: 554/178Kb lim: 2468 exec/s: 15404 rss: 602Mb L: 239/2285 MS: 2 EraseBytes-PersAutoDict- DE: "\377\377\377\377\377\377\377\003"-
#585764	REDUCE cov: 407 ft: 2665 corp: 554/178Kb lim: 2468 exec/s: 15414 rss: 602Mb L: 689/2285 MS: 3 ShuffleBytes-ChangeByte-EraseBytes-
#586615	REDUCE cov: 407 ft: 2665 corp: 554/178Kb lim: 2468 exec/s: 15437 rss: 602Mb L: 675/2285 MS: 1 EraseBytes-
#587693	RELOAD cov: 407 ft: 2666 corp: 555/180Kb lim: 2468 exec/s: 15465 rss: 602Mb
#588829	REDUCE cov: 407 ft: 2666 corp: 555/180Kb lim: 2490 exec/s: 15495 rss: 602Mb L: 758/2286 MS: 1 EraseBytes-
#590460	REDUCE cov: 407 ft: 2666 corp: 555/180Kb lim: 2501 exec/s: 15140 rss: 602Mb L: 1418/2286 MS: 1 EraseBytes-
#590969	REDUCE cov: 407 ft: 2666 corp: 555/180Kb lim: 2501 exec/s: 15153 rss: 602Mb L: 331/2286 MS: 4 ChangeBinInt-ShuffleBytes-ChangeASCIIInt-EraseBytes-
#592408	REDUCE cov: 407 ft: 2666 corp: 555/180Kb lim: 2512 exec/s: 15189 rss: 602Mb L: 215/2286 MS: 5 InsertByte-PersAutoDict-InsertRepeatedBytes-ShuffleBytes-EraseBytes- DE: "\000\000s\027X\012\220\200"-
#592845	REDUCE cov: 407 ft: 2666 corp: 555/180Kb lim: 2512 exec/s: 15201 rss: 602Mb L: 201/2286 MS: 2 ChangeByte-EraseBytes-
#593392	REDUCE cov: 407 ft: 2666 corp: 555/180Kb lim: 2512 exec/s: 15215 rss: 602Mb L: 197/2286 MS: 2 ChangeByte-EraseBytes-
#593701	REDUCE cov: 407 ft: 2666 corp: 555/180Kb lim: 2512 exec/s: 15223 rss: 602Mb L: 645/2286 MS: 4 ChangeBit-ShuffleBytes-InsertByte-EraseBytes-
#593822	REDUCE cov: 407 ft: 2666 corp: 555/180Kb lim: 2512 exec/s: 15226 rss: 602Mb L: 1604/2286 MS: 1 EraseBytes-
#594313	NEW    cov: 407 ft: 2672 corp: 556/182Kb lim: 2512 exec/s: 15238 rss: 602Mb L: 2405/2405 MS: 1 CopyPart-
#596449	REDUCE cov: 407 ft: 2672 corp: 556/182Kb lim: 2523 exec/s: 14911 rss: 602Mb L: 56/2405 MS: 1 EraseBytes-
#597300	REDUCE cov: 407 ft: 2672 corp: 556/182Kb lim: 2523 exec/s: 14932 rss: 602Mb L: 1384/2405 MS: 1 EraseBytes-
#597557	REDUCE cov: 407 ft: 2672 corp: 556/182Kb lim: 2523 exec/s: 14938 rss: 602Mb L: 419/2405 MS: 2 ChangeByte-EraseBytes-
#599550	REDUCE cov: 407 ft: 2672 corp: 556/182Kb lim: 2534 exec/s: 14988 rss: 602Mb L: 1535/2405 MS: 3 PersAutoDict-ChangeByte-EraseBytes- DE: "\000\000\000\000\000\000\000\003"-
#600348	REDUCE cov: 407 ft: 2672 corp: 556/182Kb lim: 2534 exec/s: 15008 rss: 602Mb L: 31/2405 MS: 3 CopyPart-PersAutoDict-EraseBytes- DE: "\000\000\000p\001W\302\363"-
#602394	REDUCE cov: 407 ft: 2672 corp: 556/182Kb lim: 2545 exec/s: 14692 rss: 602Mb L: 113/2405 MS: 1 EraseBytes-
#603655	REDUCE cov: 407 ft: 2672 corp: 556/181Kb lim: 2556 exec/s: 14723 rss: 602Mb L: 892/2405 MS: 1 EraseBytes-
#606115	REDUCE cov: 407 ft: 2672 corp: 556/181Kb lim: 2578 exec/s: 14783 rss: 602Mb L: 220/2405 MS: 2 CrossOver-EraseBytes-
#607431	REDUCE cov: 407 ft: 2672 corp: 556/181Kb lim: 2589 exec/s: 14815 rss: 602Mb L: 69/2405 MS: 1 EraseBytes-
#607503	REDUCE cov: 407 ft: 2672 corp: 556/181Kb lim: 2589 exec/s: 14817 rss: 602Mb L: 282/2405 MS: 2 ChangeByte-EraseBytes-
#609871	REDUCE cov: 407 ft: 2672 corp: 556/181Kb lim: 2611 exec/s: 14520 rss: 602Mb L: 608/2405 MS: 3 InsertRepeatedBytes-ChangeASCIIInt-EraseBytes-
#610998	REDUCE cov: 407 ft: 2672 corp: 556/181Kb lim: 2622 exec/s: 14547 rss: 602Mb L: 773/2405 MS: 2 ChangeByte-EraseBytes-
#612087	REDUCE cov: 407 ft: 2672 corp: 556/181Kb lim: 2622 exec/s: 14573 rss: 602Mb L: 621/2405 MS: 1 EraseBytes-
#612591	REDUCE cov: 407 ft: 2672 corp: 556/181Kb lim: 2622 exec/s: 14585 rss: 602Mb L: 1244/2405 MS: 4 PersAutoDict-ChangeBinInt-ChangeByte-EraseBytes- DE: "3\001\000\000\000\000\000\000"-
#618095	REDUCE cov: 407 ft: 2672 corp: 556/181Kb lim: 2666 exec/s: 14374 rss: 602Mb L: 280/2405 MS: 4 CMP-ChangeBit-ChangeBinInt-EraseBytes- DE: "\000\000\000\000"-
#618378	REDUCE cov: 407 ft: 2672 corp: 556/181Kb lim: 2666 exec/s: 14380 rss: 602Mb L: 110/2405 MS: 3 CrossOver-ChangeBit-EraseBytes-
#618449	REDUCE cov: 407 ft: 2672 corp: 556/181Kb lim: 2666 exec/s: 14382 rss: 602Mb L: 277/2405 MS: 1 EraseBytes-
#619079	REDUCE cov: 407 ft: 2672 corp: 556/181Kb lim: 2666 exec/s: 14397 rss: 602Mb L: 111/2405 MS: 5 ShuffleBytes-ShuffleBytes-ChangeByte-ChangeBinInt-EraseBytes-
#619415	REDUCE cov: 407 ft: 2672 corp: 556/181Kb lim: 2666 exec/s: 14405 rss: 602Mb L: 428/2405 MS: 1 EraseBytes-
#620187	REDUCE cov: 407 ft: 2672 corp: 556/181Kb lim: 2666 exec/s: 14422 rss: 602Mb L: 40/2405 MS: 2 ChangeByte-EraseBytes-
#621007	REDUCE cov: 407 ft: 2672 corp: 556/181Kb lim: 2666 exec/s: 14442 rss: 602Mb L: 108/2405 MS: 1 EraseBytes-
#623859	REDUCE cov: 407 ft: 2672 corp: 556/181Kb lim: 2688 exec/s: 14178 rss: 602Mb L: 176/2405 MS: 2 ChangeBinInt-EraseBytes-
#627190	REDUCE cov: 407 ft: 2672 corp: 556/181Kb lim: 2721 exec/s: 14254 rss: 602Mb L: 363/2405 MS: 1 EraseBytes-
#627971	REDUCE cov: 407 ft: 2672 corp: 556/181Kb lim: 2721 exec/s: 14272 rss: 602Mb L: 86/2405 MS: 1 EraseBytes-
#628155	REDUCE cov: 407 ft: 2672 corp: 556/181Kb lim: 2721 exec/s: 14276 rss: 602Mb L: 166/2405 MS: 4 CopyPart-EraseBytes-ChangeBit-ChangeASCIIInt-
#628988	REDUCE cov: 407 ft: 2672 corp: 556/181Kb lim: 2721 exec/s: 14295 rss: 602Mb L: 36/2405 MS: 3 CopyPart-ShuffleBytes-EraseBytes-
#629029	REDUCE cov: 407 ft: 2672 corp: 556/181Kb lim: 2721 exec/s: 14296 rss: 602Mb L: 1445/2405 MS: 1 EraseBytes-
#630139	REDUCE cov: 407 ft: 2672 corp: 556/181Kb lim: 2732 exec/s: 14321 rss: 602Mb L: 1217/2405 MS: 1 EraseBytes-
#631441	REDUCE cov: 407 ft: 2673 corp: 557/182Kb lim: 2743 exec/s: 14350 rss: 602Mb L: 1189/2405 MS: 2 InsertRepeatedBytes-CrossOver-
#631550	REDUCE cov: 407 ft: 2673 corp: 557/182Kb lim: 2743 exec/s: 14353 rss: 602Mb L: 100/2405 MS: 4 ChangeASCIIInt-ChangeBit-ChangeASCIIInt-EraseBytes-
#632211	REDUCE cov: 407 ft: 2674 corp: 558/184Kb lim: 2743 exec/s: 14368 rss: 602Mb L: 2431/2431 MS: 1 CopyPart-
#632655	REDUCE cov: 407 ft: 2674 corp: 558/184Kb lim: 2743 exec/s: 14059 rss: 602Mb L: 2316/2405 MS: 4 ChangeBinInt-EraseBytes-PersAutoDict-CopyPart- DE: "\000\000\000\000\000\000\000\003"-
#633173	REDUCE cov: 407 ft: 2674 corp: 558/184Kb lim: 2743 exec/s: 14070 rss: 602Mb L: 1469/2405 MS: 3 InsertRepeatedBytes-PersAutoDict-EraseBytes- DE: "\000\000\000\000\000\000\000 "-
#635115	REDUCE cov: 407 ft: 2674 corp: 558/184Kb lim: 2754 exec/s: 14113 rss: 602Mb L: 2138/2405 MS: 2 ChangeByte-CrossOver-
#635416	REDUCE cov: 407 ft: 2674 corp: 558/184Kb lim: 2754 exec/s: 14120 rss: 602Mb L: 2349/2349 MS: 1 CrossOver-
#637506	REDUCE cov: 407 ft: 2674 corp: 558/184Kb lim: 2765 exec/s: 14166 rss: 602Mb L: 21/2349 MS: 3 ShuffleBytes-ShuffleBytes-EraseBytes-
#639112	REDUCE cov: 407 ft: 2674 corp: 558/184Kb lim: 2776 exec/s: 14202 rss: 602Mb L: 1093/2349 MS: 1 EraseBytes-
#640904	REDUCE cov: 407 ft: 2674 corp: 558/184Kb lim: 2787 exec/s: 13932 rss: 602Mb L: 96/2349 MS: 2 EraseBytes-InsertByte-
#641081	NEW    cov: 407 ft: 2692 corp: 559/187Kb lim: 2787 exec/s: 13936 rss: 602Mb L: 2727/2727 MS: 2 ChangeByte-CopyPart-
#641347	REDUCE cov: 407 ft: 2692 corp: 559/187Kb lim: 2787 exec/s: 13942 rss: 602Mb L: 929/2727 MS: 1 EraseBytes-
#642676	RELOAD cov: 407 ft: 2694 corp: 560/189Kb lim: 2798 exec/s: 13971 rss: 602Mb
#644094	REDUCE cov: 407 ft: 2694 corp: 560/189Kb lim: 2809 exec/s: 13704 rss: 602Mb L: 126/2727 MS: 3 InsertByte-PersAutoDict-EraseBytes- DE: "\377\377\012\270\240uz\220"-
#644366	REDUCE cov: 407 ft: 2694 corp: 560/189Kb lim: 2809 exec/s: 13709 rss: 602Mb L: 274/2727 MS: 2 ChangeBinInt-EraseBytes-
#645848	REDUCE cov: 407 ft: 2694 corp: 560/189Kb lim: 2820 exec/s: 13741 rss: 602Mb L: 515/2727 MS: 2 EraseBytes-ChangeBinInt-
#646445	REDUCE cov: 407 ft: 2694 corp: 560/189Kb lim: 2820 exec/s: 13754 rss: 602Mb L: 712/2727 MS: 2 ChangeByte-EraseBytes-
#646491	REDUCE cov: 407 ft: 2694 corp: 560/189Kb lim: 2820 exec/s: 13755 rss: 602Mb L: 200/2727 MS: 1 EraseBytes-
#646568	NEW    cov: 407 ft: 2695 corp: 561/191Kb lim: 2820 exec/s: 13756 rss: 602Mb L: 2814/2814 MS: 2 CMP-CopyPart- DE: "\377\377"-
#646954	REDUCE cov: 407 ft: 2695 corp: 561/191Kb lim: 2820 exec/s: 13764 rss: 602Mb L: 83/2814 MS: 1 EraseBytes-
#647568	REDUCE cov: 407 ft: 2695 corp: 561/191Kb lim: 2820 exec/s: 13778 rss: 602Mb L: 156/2814 MS: 4 ChangeByte-ChangeBinInt-ChangeByte-EraseBytes-
#647740	REDUCE cov: 407 ft: 2695 corp: 561/191Kb lim: 2820 exec/s: 13781 rss: 602Mb L: 575/2814 MS: 2 ShuffleBytes-EraseBytes-
#648079	REDUCE cov: 407 ft: 2695 corp: 561/191Kb lim: 2820 exec/s: 13788 rss: 602Mb L: 139/2814 MS: 4 ChangeByte-ChangeByte-ChangeBit-EraseBytes-
#648540	REDUCE cov: 407 ft: 2695 corp: 561/191Kb lim: 2820 exec/s: 13798 rss: 602Mb L: 379/2814 MS: 1 EraseBytes-
#652946	REDUCE cov: 407 ft: 2695 corp: 561/191Kb lim: 2853 exec/s: 13603 rss: 602Mb L: 578/2814 MS: 1 EraseBytes-
#653287	REDUCE cov: 407 ft: 2695 corp: 561/191Kb lim: 2853 exec/s: 13610 rss: 602Mb L: 113/2814 MS: 1 EraseBytes-
#653893	REDUCE cov: 407 ft: 2695 corp: 561/191Kb lim: 2853 exec/s: 13622 rss: 602Mb L: 670/2814 MS: 1 EraseBytes-
#654452	REDUCE cov: 407 ft: 2695 corp: 561/191Kb lim: 2853 exec/s: 13634 rss: 602Mb L: 1807/2814 MS: 4 CrossOver-PersAutoDict-ChangeByte-EraseBytes- DE: "\001\000\000\000"-
#655117	REDUCE cov: 407 ft: 2695 corp: 561/191Kb lim: 2853 exec/s: 13648 rss: 602Mb L: 426/2814 MS: 5 ChangeBit-InsertByte-CopyPart-CopyPart-EraseBytes-
#655175	RELOAD cov: 407 ft: 2697 corp: 563/195Kb lim: 2853 exec/s: 13649 rss: 602Mb
#655835	REDUCE cov: 407 ft: 2697 corp: 563/195Kb lim: 2853 exec/s: 13663 rss: 602Mb L: 140/2814 MS: 5 ChangeBit-CMP-ShuffleBytes-CopyPart-EraseBytes- DE: "\001\000\000\000"-
#657366	REDUCE cov: 407 ft: 2697 corp: 563/194Kb lim: 2864 exec/s: 13415 rss: 602Mb L: 1017/2814 MS: 1 EraseBytes-
#658021	REDUCE cov: 407 ft: 2697 corp: 563/194Kb lim: 2864 exec/s: 13429 rss: 602Mb L: 649/2814 MS: 5 ShuffleBytes-CopyPart-ChangeBinInt-PersAutoDict-EraseBytes- DE: "\001\000\000@\001J\201\216"-
#658074	REDUCE cov: 407 ft: 2697 corp: 563/194Kb lim: 2864 exec/s: 13430 rss: 602Mb L: 45/2814 MS: 3 EraseBytes-ChangeBit-CrossOver-
#659289	NEW    cov: 407 ft: 2698 corp: 564/196Kb lim: 2875 exec/s: 13454 rss: 602Mb L: 1989/2814 MS: 5 PersAutoDict-ChangeBinInt-CopyPart-ShuffleBytes-CrossOver- DE: "\000\000\000\000\000\000\000("-
#659948	REDUCE cov: 407 ft: 2698 corp: 564/196Kb lim: 2875 exec/s: 13468 rss: 602Mb L: 2792/2814 MS: 4 ChangeByte-InsertByte-InsertRepeatedBytes-EraseBytes-
#660168	RELOAD cov: 407 ft: 2699 corp: 565/198Kb lim: 2875 exec/s: 13472 rss: 602Mb
#660306	REDUCE cov: 407 ft: 2699 corp: 565/198Kb lim: 2875 exec/s: 13475 rss: 602Mb L: 107/2814 MS: 3 ChangeByte-ChangeBit-EraseBytes-
#662834	REDUCE cov: 407 ft: 2699 corp: 565/198Kb lim: 2897 exec/s: 13256 rss: 602Mb L: 1148/2814 MS: 3 ChangeBinInt-EraseBytes-CrossOver-
#662950	REDUCE cov: 407 ft: 2699 corp: 565/198Kb lim: 2897 exec/s: 13259 rss: 602Mb L: 965/2814 MS: 1 EraseBytes-
#663472	REDUCE cov: 407 ft: 2699 corp: 565/198Kb lim: 2897 exec/s: 13269 rss: 602Mb L: 809/2814 MS: 2 ShuffleBytes-EraseBytes-
#666398	REDUCE cov: 407 ft: 2699 corp: 565/198Kb lim: 2919 exec/s: 13327 rss: 602Mb L: 405/2814 MS: 1 EraseBytes-
#666460	REDUCE cov: 407 ft: 2699 corp: 565/198Kb lim: 2919 exec/s: 13329 rss: 602Mb L: 476/2814 MS: 2 EraseBytes-InsertRepeatedBytes-
#666573	REDUCE cov: 407 ft: 2699 corp: 565/198Kb lim: 2919 exec/s: 13331 rss: 602Mb L: 1185/2814 MS: 3 ChangeBinInt-InsertRepeatedBytes-EraseBytes-
#666814	REDUCE cov: 407 ft: 2699 corp: 565/197Kb lim: 2919 exec/s: 13336 rss: 602Mb L: 1377/2814 MS: 1 EraseBytes-
#666904	REDUCE cov: 407 ft: 2699 corp: 565/197Kb lim: 2919 exec/s: 13338 rss: 602Mb L: 1333/2814 MS: 5 ChangeBinInt-ShuffleBytes-ChangeBit-CrossOver-EraseBytes-
#667266	RELOAD cov: 407 ft: 2705 corp: 566/200Kb lim: 2919 exec/s: 13345 rss: 602Mb
#670037	REDUCE cov: 407 ft: 2706 corp: 567/203Kb lim: 2941 exec/s: 13137 rss: 602Mb L: 2649/3122 MS: 1 CopyPart-
#670319	REDUCE cov: 407 ft: 2706 corp: 567/203Kb lim: 2941 exec/s: 13143 rss: 602Mb L: 31/3122 MS: 2 CopyPart-EraseBytes-
#671921	REDUCE cov: 407 ft: 2706 corp: 567/203Kb lim: 2952 exec/s: 13174 rss: 602Mb L: 3021/3021 MS: 2 ShuffleBytes-EraseBytes-
#675261	RELOAD cov: 407 ft: 2707 corp: 568/205Kb lim: 2985 exec/s: 13240 rss: 602Mb
#676497	REDUCE cov: 407 ft: 2707 corp: 568/205Kb lim: 2996 exec/s: 13264 rss: 602Mb L: 2468/3021 MS: 1 EraseBytes-
#677448	REDUCE cov: 407 ft: 2707 corp: 568/205Kb lim: 2996 exec/s: 13027 rss: 602Mb L: 1298/3021 MS: 1 EraseBytes-
#678114	REDUCE cov: 407 ft: 2707 corp: 568/205Kb lim: 2996 exec/s: 13040 rss: 602Mb L: 1767/3021 MS: 1 EraseBytes-
#678745	REDUCE cov: 407 ft: 2707 corp: 568/205Kb lim: 2996 exec/s: 13052 rss: 602Mb L: 51/3021 MS: 1 EraseBytes-
#679026	REDUCE cov: 407 ft: 2707 corp: 568/204Kb lim: 2996 exec/s: 13058 rss: 602Mb L: 1065/3021 MS: 1 EraseBytes-
#679717	REDUCE cov: 407 ft: 2707 corp: 568/204Kb lim: 2996 exec/s: 13071 rss: 602Mb L: 947/3021 MS: 1 EraseBytes-
#679828	REDUCE cov: 407 ft: 2707 corp: 568/204Kb lim: 2996 exec/s: 13073 rss: 602Mb L: 261/3021 MS: 1 EraseBytes-
#680056	REDUCE cov: 407 ft: 2707 corp: 568/204Kb lim: 2996 exec/s: 13078 rss: 602Mb L: 1612/3021 MS: 3 CrossOver-CopyPart-EraseBytes-
#681009	REDUCE cov: 407 ft: 2707 corp: 568/204Kb lim: 2996 exec/s: 13096 rss: 602Mb L: 237/3021 MS: 3 InsertByte-ChangeASCIIInt-EraseBytes-
#682109	REDUCE cov: 407 ft: 2707 corp: 568/204Kb lim: 2996 exec/s: 13117 rss: 602Mb L: 254/3021 MS: 2 EraseBytes-InsertByte-
#682650	REDUCE cov: 407 ft: 2707 corp: 568/204Kb lim: 2996 exec/s: 13127 rss: 602Mb L: 224/3021 MS: 1 EraseBytes-
#683157	REDUCE cov: 407 ft: 2707 corp: 568/204Kb lim: 2996 exec/s: 13137 rss: 602Mb L: 159/3021 MS: 2 ChangeBinInt-EraseBytes-
#683261	REDUCE cov: 407 ft: 2707 corp: 568/204Kb lim: 2996 exec/s: 13139 rss: 602Mb L: 227/3021 MS: 4 ShuffleBytes-PersAutoDict-PersAutoDict-EraseBytes- DE: "\001\000\000\000\000\000\000\000"-"\001\000\000\000\000\000\000\031"-
#683389	REDUCE cov: 407 ft: 2707 corp: 568/204Kb lim: 2996 exec/s: 13142 rss: 602Mb L: 1154/3021 MS: 3 InsertByte-InsertRepeatedBytes-EraseBytes-
#684653	REDUCE cov: 407 ft: 2707 corp: 568/204Kb lim: 3007 exec/s: 12917 rss: 602Mb L: 264/3021 MS: 4 ChangeASCIIInt-ChangeASCIIInt-EraseBytes-CMP- DE: "\377\377\377\000"-
#686411	REDUCE cov: 407 ft: 2707 corp: 568/204Kb lim: 3018 exec/s: 12951 rss: 602Mb L: 879/3021 MS: 3 ChangeBit-ChangeByte-EraseBytes-
#688596	REDUCE cov: 407 ft: 2707 corp: 568/204Kb lim: 3029 exec/s: 12992 rss: 602Mb L: 34/3021 MS: 1 EraseBytes-
#689867	REDUCE cov: 407 ft: 2707 corp: 568/204Kb lim: 3040 exec/s: 12775 rss: 602Mb L: 1836/3021 MS: 1 EraseBytes-
#689953	REDUCE cov: 407 ft: 2707 corp: 568/204Kb lim: 3040 exec/s: 12776 rss: 602Mb L: 120/3021 MS: 1 EraseBytes-
#690297	REDUCE cov: 407 ft: 2710 corp: 569/205Kb lim: 3040 exec/s: 12783 rss: 602Mb L: 650/3021 MS: 4 InsertRepeatedBytes-CopyPart-PersAutoDict-CopyPart- DE: "@\356DM\251\000b\352"-
#691877	REDUCE cov: 407 ft: 2710 corp: 569/204Kb lim: 3051 exec/s: 12812 rss: 602Mb L: 2300/3021 MS: 5 PersAutoDict-ChangeBit-InsertRepeatedBytes-ChangeByte-EraseBytes- DE: "\377\377\377\000"-
#693226	REDUCE cov: 407 ft: 2710 corp: 569/204Kb lim: 3062 exec/s: 12837 rss: 602Mb L: 28/3021 MS: 4 ChangeBit-EraseBytes-ChangeBit-InsertByte-
#694692	REDUCE cov: 407 ft: 2710 corp: 569/204Kb lim: 3073 exec/s: 12630 rss: 602Mb L: 35/3021 MS: 3 ChangeByte-EraseBytes-InsertByte-
#696679	REDUCE cov: 407 ft: 2710 corp: 569/204Kb lim: 3084 exec/s: 12666 rss: 602Mb L: 1550/3021 MS: 2 ChangeBit-EraseBytes-
#696865	REDUCE cov: 407 ft: 2710 corp: 569/204Kb lim: 3084 exec/s: 12670 rss: 602Mb L: 137/3021 MS: 1 EraseBytes-
#697348	REDUCE cov: 407 ft: 2710 corp: 569/204Kb lim: 3084 exec/s: 12679 rss: 602Mb L: 864/3021 MS: 3 ChangeBit-ChangeByte-EraseBytes-
#699396	REDUCE cov: 407 ft: 2711 corp: 570/207Kb lim: 3095 exec/s: 12716 rss: 602Mb L: 3001/3021 MS: 1 CopyPart-
#701487	REDUCE cov: 407 ft: 2711 corp: 570/207Kb lim: 3106 exec/s: 12526 rss: 602Mb L: 982/3021 MS: 1 EraseBytes-
#702788	REDUCE cov: 407 ft: 2711 corp: 570/207Kb lim: 3117 exec/s: 12549 rss: 602Mb L: 495/3021 MS: 1 EraseBytes-
#702869	REDUCE cov: 407 ft: 2711 corp: 570/207Kb lim: 3117 exec/s: 12551 rss: 602Mb L: 955/3021 MS: 1 EraseBytes-
#703682	REDUCE cov: 407 ft: 2711 corp: 570/207Kb lim: 3117 exec/s: 12565 rss: 602Mb L: 155/3021 MS: 3 InsertByte-CrossOver-EraseBytes-
#704548	REDUCE cov: 407 ft: 2711 corp: 570/206Kb lim: 3117 exec/s: 12581 rss: 602Mb L: 456/3021 MS: 1 EraseBytes-
#706858	REDUCE cov: 407 ft: 2711 corp: 570/206Kb lim: 3139 exec/s: 12622 rss: 602Mb L: 165/3021 MS: 2 ChangeBit-EraseBytes-
#708304	REDUCE cov: 407 ft: 2711 corp: 570/206Kb lim: 3150 exec/s: 12426 rss: 602Mb L: 710/3021 MS: 1 EraseBytes-
#709907	REDUCE cov: 407 ft: 2711 corp: 570/206Kb lim: 3161 exec/s: 12454 rss: 602Mb L: 41/3021 MS: 3 CopyPart-ChangeBinInt-EraseBytes-
#710363	REDUCE cov: 407 ft: 2711 corp: 570/206Kb lim: 3161 exec/s: 12462 rss: 602Mb L: 1418/3021 MS: 1 EraseBytes-
#710603	REDUCE cov: 407 ft: 2711 corp: 570/206Kb lim: 3161 exec/s: 12466 rss: 602Mb L: 103/3021 MS: 5 ChangeBit-ChangeByte-ChangeASCIIInt-ChangeASCIIInt-EraseBytes-
#712005	REDUCE cov: 407 ft: 2711 corp: 570/206Kb lim: 3172 exec/s: 12491 rss: 602Mb L: 1399/3021 MS: 2 ChangeBinInt-EraseBytes-
#712134	RELOAD cov: 407 ft: 2712 corp: 571/209Kb lim: 3172 exec/s: 12493 rss: 602Mb
#712193	REDUCE cov: 407 ft: 2712 corp: 571/209Kb lim: 3172 exec/s: 12494 rss: 602Mb L: 99/3184 MS: 4 ChangeByte-InsertByte-ShuffleBytes-EraseBytes-
#713028	REDUCE cov: 407 ft: 2712 corp: 571/209Kb lim: 3172 exec/s: 12509 rss: 602Mb L: 206/3184 MS: 5 PersAutoDict-ChangeByte-ShuffleBytes-ShuffleBytes-EraseBytes- DE: "\013\000\000\000\000\000\000\000"-
#714064	REDUCE cov: 407 ft: 2712 corp: 571/209Kb lim: 3172 exec/s: 12311 rss: 602Mb L: 2371/3021 MS: 1 EraseBytes-
#714237	REDUCE cov: 407 ft: 2712 corp: 571/208Kb lim: 3172 exec/s: 12314 rss: 602Mb L: 2721/3021 MS: 3 CrossOver-InsertByte-EraseBytes-
#716614	REDUCE cov: 407 ft: 2712 corp: 571/208Kb lim: 3194 exec/s: 12355 rss: 602Mb L: 527/3021 MS: 2 ChangeBit-EraseBytes-
#717351	REDUCE cov: 407 ft: 2712 corp: 571/208Kb lim: 3194 exec/s: 12368 rss: 602Mb L: 281/3021 MS: 2 ShuffleBytes-EraseBytes-
#719961	REDUCE cov: 407 ft: 2712 corp: 571/208Kb lim: 3216 exec/s: 12413 rss: 602Mb L: 549/3021 MS: 4 EraseBytes-InsertByte-ShuffleBytes-ChangeBit-
#720113	REDUCE cov: 407 ft: 2712 corp: 571/208Kb lim: 3216 exec/s: 12205 rss: 602Mb L: 351/3021 MS: 2 InsertByte-EraseBytes-
#720163	REDUCE cov: 407 ft: 2712 corp: 571/208Kb lim: 3216 exec/s: 12206 rss: 602Mb L: 2430/3021 MS: 5 ShuffleBytes-ChangeByte-ChangeBinInt-CMP-CrossOver- DE: "\000\000\000\000\000\000\006\220"-
#720419	REDUCE cov: 407 ft: 2712 corp: 571/208Kb lim: 3216 exec/s: 12210 rss: 602Mb L: 68/3021 MS: 1 EraseBytes-
#721271	REDUCE cov: 407 ft: 2712 corp: 571/208Kb lim: 3216 exec/s: 12224 rss: 602Mb L: 1110/3021 MS: 2 CMP-EraseBytes- DE: "\377\377\377\377\377\377\377\001"-
#724317	REDUCE cov: 407 ft: 2712 corp: 571/208Kb lim: 3238 exec/s: 12276 rss: 602Mb L: 56/3021 MS: 1 EraseBytes-
#724443	REDUCE cov: 407 ft: 2712 corp: 571/208Kb lim: 3238 exec/s: 12278 rss: 602Mb L: 2114/3021 MS: 1 EraseBytes-
#725571	REDUCE cov: 407 ft: 2712 corp: 571/208Kb lim: 3249 exec/s: 12297 rss: 602Mb L: 311/3021 MS: 3 ChangeBinInt-PersAutoDict-EraseBytes- DE: "\000\000\000\200\001H\354\012"-
#726835	REDUCE cov: 407 ft: 2712 corp: 571/208Kb lim: 3260 exec/s: 12319 rss: 602Mb L: 365/3021 MS: 1 EraseBytes-
#727096	REDUCE cov: 407 ft: 2712 corp: 571/208Kb lim: 3260 exec/s: 12323 rss: 602Mb L: 210/3021 MS: 1 EraseBytes-
#727755	REDUCE cov: 407 ft: 2712 corp: 571/207Kb lim: 3260 exec/s: 12334 rss: 602Mb L: 1795/3021 MS: 4 ChangeBit-ShuffleBytes-InsertRepeatedBytes-EraseBytes-
#727816	REDUCE cov: 407 ft: 2712 corp: 571/207Kb lim: 3260 exec/s: 12335 rss: 602Mb L: 930/3021 MS: 1 EraseBytes-
#728233	REDUCE cov: 407 ft: 2712 corp: 571/207Kb lim: 3260 exec/s: 12137 rss: 602Mb L: 207/3021 MS: 2 ChangeBinInt-EraseBytes-
#728964	REDUCE cov: 407 ft: 2712 corp: 571/207Kb lim: 3260 exec/s: 12149 rss: 602Mb L: 484/3021 MS: 1 EraseBytes-
#729420	REDUCE cov: 407 ft: 2712 corp: 571/207Kb lim: 3260 exec/s: 12157 rss: 602Mb L: 713/3021 MS: 1 EraseBytes-
#730369	REDUCE cov: 407 ft: 2712 corp: 571/207Kb lim: 3260 exec/s: 12172 rss: 602Mb L: 1165/3021 MS: 4 ChangeBinInt-ChangeBit-ChangeBit-EraseBytes-
#731179	REDUCE cov: 407 ft: 2712 corp: 571/207Kb lim: 3260 exec/s: 12186 rss: 602Mb L: 1416/3021 MS: 5 CMP-InsertByte-PersAutoDict-CopyPart-EraseBytes- DE: "\004\000\000\000\000\000\000\000"-"\000\000\000\002"-
#732205	REDUCE cov: 407 ft: 2712 corp: 571/207Kb lim: 3260 exec/s: 12203 rss: 602Mb L: 318/3021 MS: 1 EraseBytes-
#732587	REDUCE cov: 407 ft: 2712 corp: 571/207Kb lim: 3260 exec/s: 12209 rss: 602Mb L: 1181/3021 MS: 2 ShuffleBytes-EraseBytes-
#732894	RELOAD cov: 407 ft: 2715 corp: 572/210Kb lim: 3260 exec/s: 12214 rss: 602Mb
#734975	REDUCE cov: 407 ft: 2715 corp: 572/209Kb lim: 3282 exec/s: 12048 rss: 602Mb L: 2160/3028 MS: 1 EraseBytes-
#735612	REDUCE cov: 407 ft: 2715 corp: 572/209Kb lim: 3282 exec/s: 12059 rss: 602Mb L: 262/3028 MS: 2 ChangeByte-EraseBytes-
#736659	REDUCE cov: 407 ft: 2715 corp: 572/209Kb lim: 3282 exec/s: 12076 rss: 602Mb L: 2264/3028 MS: 2 ChangeByte-EraseBytes-
#737092	REDUCE cov: 407 ft: 2715 corp: 572/209Kb lim: 3282 exec/s: 12083 rss: 602Mb L: 532/3028 MS: 3 ChangeASCIIInt-ChangeASCIIInt-EraseBytes-
#737865	REDUCE cov: 407 ft: 2715 corp: 572/209Kb lim: 3282 exec/s: 12096 rss: 602Mb L: 1996/3028 MS: 3 ChangeBit-CMP-EraseBytes- DE: "@\307\000 \206W\257="-
#738301	REDUCE cov: 407 ft: 2715 corp: 572/209Kb lim: 3282 exec/s: 12103 rss: 602Mb L: 1139/3028 MS: 1 EraseBytes-
#739864	REDUCE cov: 407 ft: 2715 corp: 572/209Kb lim: 3293 exec/s: 11933 rss: 602Mb L: 826/3028 MS: 1 EraseBytes-
#740201	REDUCE cov: 407 ft: 2715 corp: 572/209Kb lim: 3293 exec/s: 11938 rss: 602Mb L: 408/3028 MS: 2 ChangeByte-EraseBytes-
#741387	REDUCE cov: 407 ft: 2715 corp: 572/209Kb lim: 3304 exec/s: 11957 rss: 602Mb L: 178/3028 MS: 1 EraseBytes-
#743194	REDUCE cov: 407 ft: 2715 corp: 572/208Kb lim: 3315 exec/s: 11987 rss: 602Mb L: 1508/3028 MS: 2 ChangeBit-EraseBytes-
#744976	REDUCE cov: 407 ft: 2715 corp: 572/208Kb lim: 3326 exec/s: 12015 rss: 602Mb L: 332/3028 MS: 2 PersAutoDict-EraseBytes- DE: "\001\000\001\000\001N\327q"-
#745906	REDUCE cov: 407 ft: 2715 corp: 572/208Kb lim: 3326 exec/s: 11839 rss: 602Mb L: 1743/3028 MS: 4 ChangeByte-CrossOver-ChangeASCIIInt-EraseBytes-
#748027	REDUCE cov: 407 ft: 2715 corp: 572/208Kb lim: 3337 exec/s: 11873 rss: 602Mb L: 144/3028 MS: 1 EraseBytes-
#748224	REDUCE cov: 407 ft: 2715 corp: 572/208Kb lim: 3337 exec/s: 11876 rss: 602Mb L: 821/3028 MS: 2 EraseBytes-CrossOver-
#750565	REDUCE cov: 407 ft: 2715 corp: 572/208Kb lim: 3359 exec/s: 11913 rss: 602Mb L: 266/3028 MS: 1 EraseBytes-
#751026	REDUCE cov: 407 ft: 2715 corp: 572/208Kb lim: 3359 exec/s: 11921 rss: 602Mb L: 125/3028 MS: 1 EraseBytes-
#751727	REDUCE cov: 407 ft: 2715 corp: 572/208Kb lim: 3359 exec/s: 11932 rss: 602Mb L: 1374/3028 MS: 1 EraseBytes-
#753356	REDUCE cov: 407 ft: 2715 corp: 572/208Kb lim: 3370 exec/s: 11771 rss: 602Mb L: 836/3028 MS: 1 EraseBytes-
#754522	REDUCE cov: 407 ft: 2715 corp: 572/208Kb lim: 3381 exec/s: 11789 rss: 602Mb L: 1627/3028 MS: 1 EraseBytes-
#755644	REDUCE cov: 407 ft: 2715 corp: 572/208Kb lim: 3392 exec/s: 11806 rss: 602Mb L: 429/3028 MS: 2 EraseBytes-InsertByte-
#757601	REDUCE cov: 407 ft: 2715 corp: 572/208Kb lim: 3403 exec/s: 11837 rss: 602Mb L: 626/3028 MS: 2 EraseBytes-InsertRepeatedBytes-
#758132	REDUCE cov: 407 ft: 2715 corp: 572/208Kb lim: 3403 exec/s: 11845 rss: 602Mb L: 2927/3021 MS: 1 EraseBytes-
#758594	REDUCE cov: 407 ft: 2715 corp: 572/208Kb lim: 3403 exec/s: 11853 rss: 602Mb L: 1606/3021 MS: 2 ChangeBit-EraseBytes-
#758961	REDUCE cov: 407 ft: 2715 corp: 572/208Kb lim: 3403 exec/s: 11858 rss: 602Mb L: 231/3021 MS: 2 PersAutoDict-EraseBytes- DE: "\005\000\000\000\000\000\000\000"-
#759971	REDUCE cov: 407 ft: 2716 corp: 573/209Kb lim: 3403 exec/s: 11874 rss: 602Mb L: 1412/3021 MS: 5 ShuffleBytes-ChangeByte-ChangeBit-InsertByte-CopyPart-
#764804	REDUCE cov: 407 ft: 2716 corp: 573/209Kb lim: 3447 exec/s: 11766 rss: 602Mb L: 669/3021 MS: 5 InsertByte-InsertRepeatedBytes-CMP-ChangeBit-EraseBytes- DE: "\377\377\377\377\377\377\377\002"-
#767564	REDUCE cov: 407 ft: 2716 corp: 573/209Kb lim: 3469 exec/s: 11808 rss: 602Mb L: 110/3021 MS: 5 InsertByte-InsertByte-CrossOver-EraseBytes-CopyPart-
#768129	RELOAD cov: 407 ft: 2722 corp: 575/212Kb lim: 3469 exec/s: 11817 rss: 602Mb
#768145	NEW    cov: 407 ft: 2723 corp: 576/214Kb lim: 3469 exec/s: 11817 rss: 602Mb L: 2580/3021 MS: 1 CrossOver-
#768484	REDUCE cov: 407 ft: 2723 corp: 576/214Kb lim: 3469 exec/s: 11822 rss: 602Mb L: 2288/3021 MS: 4 ShuffleBytes-InsertRepeatedBytes-ChangeByte-EraseBytes-
#768910	REDUCE cov: 407 ft: 2723 corp: 576/214Kb lim: 3469 exec/s: 11650 rss: 602Mb L: 1101/3021 MS: 1 EraseBytes-
#769227	REDUCE cov: 407 ft: 2723 corp: 576/214Kb lim: 3469 exec/s: 11654 rss: 602Mb L: 1229/3021 MS: 2 PersAutoDict-EraseBytes- DE: "\376+S\240\210\014\000\000"-
#769231	REDUCE cov: 407 ft: 2723 corp: 576/214Kb lim: 3469 exec/s: 11655 rss: 602Mb L: 1707/3021 MS: 4 ChangeByte-ChangeBinInt-ChangeByte-EraseBytes-
#770558	REDUCE cov: 407 ft: 2723 corp: 576/214Kb lim: 3480 exec/s: 11675 rss: 602Mb L: 1785/3021 MS: 2 CMP-EraseBytes- DE: "\001\000\000\000\000\000\000\003"-
#770559	REDUCE cov: 407 ft: 2723 corp: 576/214Kb lim: 3480 exec/s: 11675 rss: 602Mb L: 228/3021 MS: 1 EraseBytes-
#771570	REDUCE cov: 407 ft: 2724 corp: 577/215Kb lim: 3480 exec/s: 11690 rss: 602Mb L: 1442/3021 MS: 1 CrossOver-
#772837	REDUCE cov: 407 ft: 2724 corp: 577/215Kb lim: 3491 exec/s: 11709 rss: 602Mb L: 396/3021 MS: 2 ChangeBinInt-EraseBytes-
#772868	REDUCE cov: 407 ft: 2724 corp: 577/215Kb lim: 3491 exec/s: 11710 rss: 602Mb L: 73/3021 MS: 1 EraseBytes-
#773086	REDUCE cov: 407 ft: 2724 corp: 577/215Kb lim: 3491 exec/s: 11713 rss: 602Mb L: 2875/2927 MS: 3 PersAutoDict-EraseBytes-InsertByte- DE: "\000\000\000\200\001H\354\012"-
#773970	NEW    cov: 407 ft: 2727 corp: 578/217Kb lim: 3491 exec/s: 11726 rss: 602Mb L: 2461/2927 MS: 4 ShuffleBytes-InsertRepeatedBytes-CopyPart-CopyPart-
#774127	NEW    cov: 407 ft: 2730 corp: 579/220Kb lim: 3491 exec/s: 11729 rss: 602Mb L: 2260/2927 MS: 2 ChangeByte-CopyPart-
#774508	REDUCE cov: 407 ft: 2730 corp: 579/220Kb lim: 3491 exec/s: 11734 rss: 602Mb L: 281/2927 MS: 1 EraseBytes-
#775853	REDUCE cov: 407 ft: 2730 corp: 579/219Kb lim: 3502 exec/s: 11755 rss: 602Mb L: 1695/2927 MS: 2 InsertRepeatedBytes-EraseBytes-
#776409	REDUCE cov: 407 ft: 2730 corp: 579/219Kb lim: 3502 exec/s: 11588 rss: 602Mb L: 54/2927 MS: 1 EraseBytes-
#776686	REDUCE cov: 407 ft: 2730 corp: 579/219Kb lim: 3502 exec/s: 11592 rss: 602Mb L: 37/2927 MS: 2 ShuffleBytes-EraseBytes-
#778507	NEW    cov: 407 ft: 2740 corp: 580/222Kb lim: 3513 exec/s: 11619 rss: 602Mb L: 3481/3481 MS: 1 CopyPart-
#785778	REDUCE cov: 407 ft: 2740 corp: 580/222Kb lim: 3579 exec/s: 11555 rss: 602Mb L: 409/3481 MS: 1 EraseBytes-
#787105	REDUCE cov: 407 ft: 2740 corp: 580/222Kb lim: 3590 exec/s: 11575 rss: 602Mb L: 49/3481 MS: 2 EraseBytes-InsertByte-
#788094	NEW    cov: 407 ft: 2741 corp: 581/226Kb lim: 3590 exec/s: 11589 rss: 602Mb L: 3566/3566 MS: 4 CrossOver-ChangeBinInt-ChangeByte-InsertRepeatedBytes-
#788573	RELOAD cov: 407 ft: 2742 corp: 582/229Kb lim: 3590 exec/s: 11596 rss: 602Mb
#788699	REDUCE cov: 407 ft: 2742 corp: 582/229Kb lim: 3590 exec/s: 11598 rss: 602Mb L: 93/3566 MS: 1 EraseBytes-
#791245	REDUCE cov: 407 ft: 2742 corp: 582/229Kb lim: 3612 exec/s: 11467 rss: 602Mb L: 604/3566 MS: 1 EraseBytes-
#791737	REDUCE cov: 407 ft: 2742 corp: 582/229Kb lim: 3612 exec/s: 11474 rss: 602Mb L: 382/3566 MS: 2 ChangeBit-EraseBytes-
#792013	REDUCE cov: 407 ft: 2742 corp: 582/229Kb lim: 3612 exec/s: 11478 rss: 602Mb L: 265/3566 MS: 1 EraseBytes-
#792484	REDUCE cov: 407 ft: 2742 corp: 582/229Kb lim: 3612 exec/s: 11485 rss: 602Mb L: 1370/3566 MS: 1 EraseBytes-
#795107	REDUCE cov: 407 ft: 2742 corp: 582/229Kb lim: 3634 exec/s: 11523 rss: 602Mb L: 142/3566 MS: 3 CMP-EraseBytes-InsertByte- DE: "\001\000\000\000"-
#796714	REDUCE cov: 407 ft: 2742 corp: 582/229Kb lim: 3645 exec/s: 11381 rss: 602Mb L: 20/3566 MS: 2 ChangeBit-EraseBytes-
#797683	REDUCE cov: 407 ft: 2742 corp: 582/229Kb lim: 3645 exec/s: 11395 rss: 602Mb L: 1589/3566 MS: 4 PersAutoDict-CopyPart-CrossOver-EraseBytes- DE: "\001\000\000\000"-
#798024	REDUCE cov: 407 ft: 2742 corp: 582/229Kb lim: 3645 exec/s: 11400 rss: 602Mb L: 197/3566 MS: 1 EraseBytes-
#799282	REDUCE cov: 407 ft: 2742 corp: 582/229Kb lim: 3656 exec/s: 11418 rss: 602Mb L: 256/3566 MS: 3 ChangeByte-ShuffleBytes-EraseBytes-
#800378	REDUCE cov: 407 ft: 2742 corp: 582/229Kb lim: 3656 exec/s: 11433 rss: 602Mb L: 1705/3566 MS: 1 EraseBytes-
#801612	REDUCE cov: 407 ft: 2742 corp: 582/228Kb lim: 3667 exec/s: 11451 rss: 602Mb L: 2086/3566 MS: 4 CMP-ChangeASCIIInt-ChangeBinInt-EraseBytes- DE: "\377\377\377\377\377\377\377\377"-
#802892	RELOAD cov: 407 ft: 2744 corp: 583/230Kb lim: 3678 exec/s: 11308 rss: 602Mb
#806473	REDUCE cov: 407 ft: 2744 corp: 583/230Kb lim: 3711 exec/s: 11358 rss: 602Mb L: 1528/3566 MS: 1 EraseBytes-
#807904	REDUCE cov: 407 ft: 2744 corp: 583/230Kb lim: 3722 exec/s: 11378 rss: 602Mb L: 115/3566 MS: 1 EraseBytes-
#808094	REDUCE cov: 407 ft: 2744 corp: 583/230Kb lim: 3722 exec/s: 11381 rss: 602Mb L: 2236/3566 MS: 5 ChangeASCIIInt-ChangeBit-CMP-ShuffleBytes-EraseBytes- DE: "\000\000\000\000\000\000\000\000"-
#808742	REDUCE cov: 407 ft: 2744 corp: 583/230Kb lim: 3722 exec/s: 11390 rss: 602Mb L: 2360/3566 MS: 3 ChangeByte-ChangeASCIIInt-EraseBytes-
#808888	REDUCE cov: 407 ft: 2744 corp: 583/230Kb lim: 3722 exec/s: 11392 rss: 602Mb L: 631/3566 MS: 1 EraseBytes-
#809226	REDUCE cov: 407 ft: 2744 corp: 583/230Kb lim: 3722 exec/s: 11397 rss: 602Mb L: 1546/3566 MS: 3 ShuffleBytes-ChangeBit-EraseBytes-
#809490	REDUCE cov: 407 ft: 2744 corp: 583/230Kb lim: 3722 exec/s: 11242 rss: 602Mb L: 745/3566 MS: 1 EraseBytes-
#809901	REDUCE cov: 407 ft: 2744 corp: 583/229Kb lim: 3722 exec/s: 11248 rss: 602Mb L: 1492/3566 MS: 1 EraseBytes-
#810444	REDUCE cov: 407 ft: 2744 corp: 583/229Kb lim: 3722 exec/s: 11256 rss: 602Mb L: 2232/3566 MS: 3 ChangeBit-ChangeASCIIInt-EraseBytes-
#811789	REDUCE cov: 407 ft: 2744 corp: 583/229Kb lim: 3733 exec/s: 11274 rss: 602Mb L: 167/3566 MS: 5 ChangeBinInt-ChangeBit-ChangeBinInt-PersAutoDict-EraseBytes- DE: "\000\000\000\002"-
#812170	REDUCE cov: 407 ft: 2744 corp: 583/229Kb lim: 3733 exec/s: 11280 rss: 602Mb L: 1372/3566 MS: 1 EraseBytes-
#812271	REDUCE cov: 407 ft: 2744 corp: 583/229Kb lim: 3733 exec/s: 11281 rss: 602Mb L: 109/3566 MS: 1 EraseBytes-
#813309	REDUCE cov: 407 ft: 2744 corp: 583/229Kb lim: 3733 exec/s: 11295 rss: 602Mb L: 191/3566 MS: 3 InsertByte-ChangeBit-EraseBytes-
#813325	REDUCE cov: 407 ft: 2744 corp: 583/229Kb lim: 3733 exec/s: 11296 rss: 602Mb L: 69/3566 MS: 1 EraseBytes-
#813432	REDUCE cov: 407 ft: 2744 corp: 583/229Kb lim: 3733 exec/s: 11297 rss: 602Mb L: 1126/3566 MS: 2 ChangeByte-EraseBytes-
#813678	REDUCE cov: 407 ft: 2744 corp: 583/229Kb lim: 3733 exec/s: 11301 rss: 602Mb L: 45/3566 MS: 1 EraseBytes-
#813739	REDUCE cov: 407 ft: 2744 corp: 583/229Kb lim: 3733 exec/s: 11301 rss: 602Mb L: 176/3566 MS: 1 EraseBytes-
#816982	REDUCE cov: 407 ft: 2744 corp: 583/229Kb lim: 3755 exec/s: 11191 rss: 602Mb L: 1084/3566 MS: 3 ChangeBit-CMP-EraseBytes- DE: "\377\377\377\377"-
#817418	REDUCE cov: 407 ft: 2744 corp: 583/229Kb lim: 3755 exec/s: 11197 rss: 602Mb L: 1396/3566 MS: 1 EraseBytes-
#819195	REDUCE cov: 407 ft: 2744 corp: 583/229Kb lim: 3766 exec/s: 11221 rss: 602Mb L: 269/3566 MS: 2 ShuffleBytes-EraseBytes-
#820560	REDUCE cov: 407 ft: 2744 corp: 583/229Kb lim: 3777 exec/s: 11088 rss: 602Mb L: 1352/3566 MS: 1 EraseBytes-
#820968	REDUCE cov: 407 ft: 2744 corp: 583/229Kb lim: 3777 exec/s: 11094 rss: 602Mb L: 390/3566 MS: 3 ChangeBinInt-EraseBytes-CopyPart-
#821328	REDUCE cov: 407 ft: 2744 corp: 583/229Kb lim: 3777 exec/s: 11099 rss: 602Mb L: 633/3566 MS: 5 InsertByte-PersAutoDict-CrossOver-ChangeBit-EraseBytes- DE: "\001\000\000\000"-
#821780	REDUCE cov: 407 ft: 2744 corp: 583/229Kb lim: 3777 exec/s: 11105 rss: 602Mb L: 1378/3566 MS: 2 EraseBytes-InsertRepeatedBytes-
#823141	REDUCE cov: 407 ft: 2744 corp: 583/229Kb lim: 3788 exec/s: 11123 rss: 602Mb L: 293/3566 MS: 1 EraseBytes-
#824018	REDUCE cov: 407 ft: 2744 corp: 583/229Kb lim: 3788 exec/s: 11135 rss: 602Mb L: 1656/3566 MS: 2 EraseBytes-InsertByte-
#826472	REDUCE cov: 407 ft: 2744 corp: 583/229Kb lim: 3810 exec/s: 11019 rss: 602Mb L: 3494/3494 MS: 1 EraseBytes-
#828293	REDUCE cov: 407 ft: 2744 corp: 583/229Kb lim: 3821 exec/s: 11043 rss: 602Mb L: 3448/3481 MS: 1 EraseBytes-
#829054	REDUCE cov: 407 ft: 2744 corp: 583/229Kb lim: 3821 exec/s: 11054 rss: 602Mb L: 1381/3481 MS: 1 EraseBytes-
#830118	REDUCE cov: 407 ft: 2744 corp: 583/229Kb lim: 3821 exec/s: 11068 rss: 602Mb L: 510/3481 MS: 4 ChangeByte-ChangeBinInt-ChangeBinInt-EraseBytes-
#830890	REDUCE cov: 407 ft: 2744 corp: 583/229Kb lim: 3821 exec/s: 10932 rss: 602Mb L: 1312/3481 MS: 2 CopyPart-EraseBytes-
#832511	REDUCE cov: 407 ft: 2744 corp: 583/229Kb lim: 3832 exec/s: 10954 rss: 602Mb L: 249/3481 MS: 1 EraseBytes-
#833179	REDUCE cov: 407 ft: 2744 corp: 583/229Kb lim: 3832 exec/s: 10962 rss: 602Mb L: 865/3481 MS: 3 ChangeByte-ChangeBit-EraseBytes-
#833761	REDUCE cov: 407 ft: 2744 corp: 583/229Kb lim: 3832 exec/s: 10970 rss: 602Mb L: 1208/3481 MS: 2 ChangeBit-EraseBytes-
#834647	REDUCE cov: 407 ft: 2744 corp: 583/228Kb lim: 3832 exec/s: 10982 rss: 602Mb L: 609/3481 MS: 1 EraseBytes-
#835018	REDUCE cov: 407 ft: 2744 corp: 583/228Kb lim: 3832 exec/s: 10987 rss: 602Mb L: 3291/3481 MS: 1 EraseBytes-
#835444	REDUCE cov: 407 ft: 2744 corp: 583/228Kb lim: 3832 exec/s: 10992 rss: 602Mb L: 97/3481 MS: 1 EraseBytes-
#835452	REDUCE cov: 407 ft: 2744 corp: 583/228Kb lim: 3832 exec/s: 10992 rss: 602Mb L: 59/3481 MS: 3 ShuffleBytes-CopyPart-EraseBytes-
#836019	REDUCE cov: 407 ft: 2751 corp: 584/230Kb lim: 3832 exec/s: 11000 rss: 602Mb L: 1706/3481 MS: 2 ShuffleBytes-InsertByte-
#836240	REDUCE cov: 407 ft: 2751 corp: 584/230Kb lim: 3832 exec/s: 11003 rss: 602Mb L: 282/3481 MS: 1 EraseBytes-
#842645	REDUCE cov: 407 ft: 2751 corp: 584/230Kb lim: 3887 exec/s: 10803 rss: 602Mb L: 173/3481 MS: 2 ShuffleBytes-EraseBytes-
#844247	REDUCE cov: 407 ft: 2751 corp: 584/230Kb lim: 3898 exec/s: 10823 rss: 602Mb L: 157/3481 MS: 2 ChangeBit-EraseBytes-
#844685	REDUCE cov: 407 ft: 2751 corp: 584/230Kb lim: 3898 exec/s: 10829 rss: 602Mb L: 2816/3481 MS: 3 ChangeByte-ChangeBit-EraseBytes-
#847063	REDUCE cov: 407 ft: 2751 corp: 584/230Kb lim: 3920 exec/s: 10722 rss: 602Mb L: 2754/3481 MS: 3 ShuffleBytes-ShuffleBytes-EraseBytes-
#849751	REDUCE cov: 407 ft: 2751 corp: 584/230Kb lim: 3942 exec/s: 10756 rss: 602Mb L: 1251/3481 MS: 5 CopyPart-ChangeBinInt-CMP-ChangeBit-EraseBytes- DE: "@\361\3759\352\335Y\013"-
#851973	REDUCE cov: 407 ft: 2751 corp: 584/230Kb lim: 3964 exec/s: 10784 rss: 602Mb L: 587/3481 MS: 2 EraseBytes-ChangeByte-
#854301	REDUCE cov: 407 ft: 2751 corp: 584/230Kb lim: 3986 exec/s: 10678 rss: 602Mb L: 720/3481 MS: 1 EraseBytes-
#854313	REDUCE cov: 407 ft: 2751 corp: 584/230Kb lim: 3986 exec/s: 10678 rss: 602Mb L: 17/3481 MS: 2 CrossOver-EraseBytes-
#858665	REDUCE cov: 407 ft: 2751 corp: 584/230Kb lim: 4019 exec/s: 10733 rss: 602Mb L: 257/3481 MS: 2 ShuffleBytes-EraseBytes-
#860016	REDUCE cov: 407 ft: 2751 corp: 584/230Kb lim: 4030 exec/s: 10617 rss: 602Mb L: 1973/3481 MS: 1 EraseBytes-
#861832	REDUCE cov: 407 ft: 2751 corp: 584/230Kb lim: 4041 exec/s: 10639 rss: 602Mb L: 517/3481 MS: 1 EraseBytes-
#864248	REDUCE cov: 407 ft: 2751 corp: 584/230Kb lim: 4063 exec/s: 10669 rss: 602Mb L: 130/3481 MS: 1 EraseBytes-
#865092	REDUCE cov: 411 ft: 2755 corp: 585/232Kb lim: 4063 exec/s: 10549 rss: 602Mb L: 2137/3481 MS: 4 ShuffleBytes-CopyPart-ChangeBit-CrossOver-
#869132	REDUCE cov: 411 ft: 2755 corp: 585/232Kb lim: 4096 exec/s: 10599 rss: 602Mb L: 646/3481 MS: 5 CopyPart-InsertRepeatedBytes-CopyPart-CMP-EraseBytes- DE: "\000\000"-
#872163	REDUCE cov: 411 ft: 2755 corp: 585/232Kb lim: 4096 exec/s: 10507 rss: 602Mb L: 1033/3481 MS: 1 EraseBytes-
#872394	NEW    cov: 411 ft: 2757 corp: 586/234Kb lim: 4096 exec/s: 10510 rss: 602Mb L: 2137/3481 MS: 1 CrossOver-
#874267	REDUCE cov: 411 ft: 2757 corp: 586/233Kb lim: 4096 exec/s: 10533 rss: 602Mb L: 904/3481 MS: 1 EraseBytes-
#874368	REDUCE cov: 411 ft: 2757 corp: 586/233Kb lim: 4096 exec/s: 10534 rss: 602Mb L: 969/3481 MS: 1 EraseBytes-
#876195	NEW    cov: 411 ft: 2761 corp: 587/235Kb lim: 4096 exec/s: 10556 rss: 602Mb L: 2000/3481 MS: 2 ChangeBit-EraseBytes-
#876391	REDUCE cov: 411 ft: 2761 corp: 587/235Kb lim: 4096 exec/s: 10558 rss: 602Mb L: 1079/3481 MS: 1 EraseBytes-
#876682	REDUCE cov: 411 ft: 2761 corp: 587/235Kb lim: 4096 exec/s: 10562 rss: 602Mb L: 316/3481 MS: 1 EraseBytes-
#876833	NEW    cov: 411 ft: 2763 corp: 588/238Kb lim: 4096 exec/s: 10564 rss: 602Mb L: 3255/3481 MS: 1 CopyPart-
#877336	REDUCE cov: 411 ft: 2763 corp: 588/238Kb lim: 4096 exec/s: 10570 rss: 602Mb L: 1597/3481 MS: 3 ChangeByte-ChangeBinInt-EraseBytes-
#877369	REDUCE cov: 411 ft: 2763 corp: 588/238Kb lim: 4096 exec/s: 10570 rss: 602Mb L: 1052/3481 MS: 3 PersAutoDict-ShuffleBytes-EraseBytes- DE: "\000\000s\027X\012\220\200"-
#877935	NEW    cov: 411 ft: 2767 corp: 589/242Kb lim: 4096 exec/s: 10451 rss: 602Mb L: 3256/3481 MS: 1 InsertByte-
#878094	REDUCE cov: 411 ft: 2767 corp: 589/241Kb lim: 4096 exec/s: 10453 rss: 602Mb L: 1643/3481 MS: 4 ChangeBit-ShuffleBytes-ChangeBinInt-EraseBytes-
#878159	RELOAD cov: 411 ft: 2769 corp: 590/244Kb lim: 4096 exec/s: 10454 rss: 602Mb
#879133	REDUCE cov: 411 ft: 2769 corp: 590/244Kb lim: 4096 exec/s: 10465 rss: 602Mb L: 1079/3481 MS: 4 ChangeByte-ChangeByte-ChangeASCIIInt-EraseBytes-
#880820	NEW    cov: 411 ft: 2771 corp: 591/246Kb lim: 4096 exec/s: 10485 rss: 602Mb L: 2000/3481 MS: 2 ChangeASCIIInt-CopyPart-
#881724	REDUCE cov: 411 ft: 2772 corp: 592/249Kb lim: 4096 exec/s: 10496 rss: 602Mb L: 3726/3726 MS: 4 CMP-ChangeByte-EraseBytes-CrossOver- DE: "\001\000\000\000\000\000\000\272"-
#882473	REDUCE cov: 411 ft: 2772 corp: 592/249Kb lim: 4096 exec/s: 10382 rss: 602Mb L: 3172/3726 MS: 4 CrossOver-ChangeASCIIInt-InsertRepeatedBytes-EraseBytes-
#883109	REDUCE cov: 411 ft: 2772 corp: 592/249Kb lim: 4096 exec/s: 10389 rss: 602Mb L: 434/3726 MS: 1 EraseBytes-
#884120	REDUCE cov: 411 ft: 2772 corp: 592/249Kb lim: 4096 exec/s: 10401 rss: 602Mb L: 241/3726 MS: 1 EraseBytes-
#885426	REDUCE cov: 411 ft: 2772 corp: 592/249Kb lim: 4096 exec/s: 10295 rss: 602Mb L: 3251/3726 MS: 1 EraseBytes-
#885663	REDUCE cov: 411 ft: 2772 corp: 592/249Kb lim: 4096 exec/s: 10298 rss: 602Mb L: 649/3726 MS: 2 ChangeByte-EraseBytes-
#885763	REDUCE cov: 411 ft: 2772 corp: 592/249Kb lim: 4096 exec/s: 10299 rss: 602Mb L: 202/3726 MS: 5 ChangeBit-ShuffleBytes-InsertByte-InsertByte-EraseBytes-
#887062	REDUCE cov: 411 ft: 2772 corp: 592/249Kb lim: 4096 exec/s: 10314 rss: 602Mb L: 1358/3726 MS: 1 EraseBytes-
#887576	REDUCE cov: 411 ft: 2772 corp: 592/249Kb lim: 4096 exec/s: 10320 rss: 602Mb L: 940/3726 MS: 4 ShuffleBytes-ShuffleBytes-ChangeByte-EraseBytes-
#887843	REDUCE cov: 411 ft: 2772 corp: 592/248Kb lim: 4096 exec/s: 10323 rss: 602Mb L: 2677/3726 MS: 2 ChangeByte-EraseBytes-
#887924	REDUCE cov: 411 ft: 2772 corp: 592/248Kb lim: 4096 exec/s: 10324 rss: 602Mb L: 209/3726 MS: 1 EraseBytes-
#888985	REDUCE cov: 411 ft: 2772 corp: 592/248Kb lim: 4096 exec/s: 10337 rss: 602Mb L: 492/3726 MS: 1 EraseBytes-
#889852	REDUCE cov: 411 ft: 2772 corp: 592/248Kb lim: 4096 exec/s: 10347 rss: 602Mb L: 556/3726 MS: 2 PersAutoDict-EraseBytes- DE: "\000\000"-
#891833	REDUCE cov: 411 ft: 2772 corp: 592/248Kb lim: 4096 exec/s: 10250 rss: 602Mb L: 86/3726 MS: 1 EraseBytes-
#892010	REDUCE cov: 411 ft: 2772 corp: 592/248Kb lim: 4096 exec/s: 10252 rss: 602Mb L: 120/3726 MS: 2 PersAutoDict-EraseBytes- DE: "\000\000\000\200\001H\354\012"-
#892875	REDUCE cov: 411 ft: 2772 corp: 592/248Kb lim: 4096 exec/s: 10262 rss: 602Mb L: 616/3726 MS: 1 CrossOver-
#893229	REDUCE cov: 411 ft: 2772 corp: 592/248Kb lim: 4096 exec/s: 10267 rss: 602Mb L: 1459/3726 MS: 4 EraseBytes-ChangeByte-ChangeBinInt-CrossOver-
#895450	REDUCE cov: 411 ft: 2772 corp: 592/248Kb lim: 4096 exec/s: 10292 rss: 602Mb L: 131/3726 MS: 1 EraseBytes-
#895472	REDUCE cov: 411 ft: 2772 corp: 592/248Kb lim: 4096 exec/s: 10292 rss: 602Mb L: 3110/3726 MS: 2 ChangeASCIIInt-EraseBytes-
#895814	REDUCE cov: 411 ft: 2772 corp: 592/248Kb lim: 4096 exec/s: 10296 rss: 602Mb L: 476/3726 MS: 2 CMP-CrossOver- DE: "\377\377\377\377\377\377\377\224"-
#896481	REDUCE cov: 411 ft: 2772 corp: 592/248Kb lim: 4096 exec/s: 10304 rss: 602Mb L: 162/3726 MS: 2 CrossOver-EraseBytes-
#898127	REDUCE cov: 411 ft: 2772 corp: 592/248Kb lim: 4096 exec/s: 10205 rss: 602Mb L: 578/3726 MS: 1 EraseBytes-
#899183	REDUCE cov: 411 ft: 2772 corp: 592/248Kb lim: 4096 exec/s: 10217 rss: 602Mb L: 716/3726 MS: 2 PersAutoDict-EraseBytes- DE: "\377\377\377\377"-
#902610	REDUCE cov: 411 ft: 2772 corp: 592/248Kb lim: 4096 exec/s: 10256 rss: 602Mb L: 3024/3726 MS: 2 ChangeBit-EraseBytes-
#902922	REDUCE cov: 411 ft: 2772 corp: 592/248Kb lim: 4096 exec/s: 10260 rss: 602Mb L: 932/3726 MS: 2 ChangeASCIIInt-EraseBytes-
#903804	REDUCE cov: 411 ft: 2772 corp: 592/248Kb lim: 4096 exec/s: 10270 rss: 602Mb L: 1953/3726 MS: 2 ChangeByte-EraseBytes-
#904360	REDUCE cov: 411 ft: 2772 corp: 592/248Kb lim: 4096 exec/s: 10161 rss: 602Mb L: 1308/3726 MS: 1 EraseBytes-
#905092	REDUCE cov: 411 ft: 2772 corp: 592/248Kb lim: 4096 exec/s: 10169 rss: 602Mb L: 354/3726 MS: 2 PersAutoDict-EraseBytes- DE: "\001\000"-
#905888	REDUCE cov: 411 ft: 2772 corp: 592/248Kb lim: 4096 exec/s: 10178 rss: 602Mb L: 182/3726 MS: 1 EraseBytes-
#907040	REDUCE cov: 411 ft: 2772 corp: 592/248Kb lim: 4096 exec/s: 10191 rss: 602Mb L: 192/3726 MS: 2 ChangeByte-EraseBytes-
#907581	REDUCE cov: 411 ft: 2772 corp: 592/248Kb lim: 4096 exec/s: 10197 rss: 602Mb L: 1916/3726 MS: 1 EraseBytes-
#908812	REDUCE cov: 411 ft: 2772 corp: 592/248Kb lim: 4096 exec/s: 10211 rss: 602Mb L: 90/3726 MS: 1 EraseBytes-
#909268	REDUCE cov: 411 ft: 2772 corp: 592/247Kb lim: 4096 exec/s: 10102 rss: 602Mb L: 158/3726 MS: 1 EraseBytes-
#911318	REDUCE cov: 411 ft: 2772 corp: 592/247Kb lim: 4096 exec/s: 10125 rss: 602Mb L: 161/3726 MS: 1 EraseBytes-
#911414	REDUCE cov: 411 ft: 2772 corp: 592/247Kb lim: 4096 exec/s: 10126 rss: 602Mb L: 2301/3726 MS: 1 EraseBytes-
#911536	REDUCE cov: 411 ft: 2772 corp: 592/247Kb lim: 4096 exec/s: 10128 rss: 602Mb L: 251/3726 MS: 2 InsertRepeatedBytes-EraseBytes-
#912857	REDUCE cov: 411 ft: 2772 corp: 592/247Kb lim: 4096 exec/s: 10142 rss: 602Mb L: 1596/3726 MS: 1 EraseBytes-
#919192	REDUCE cov: 411 ft: 2772 corp: 592/247Kb lim: 4096 exec/s: 10101 rss: 602Mb L: 1016/3726 MS: 2 PersAutoDict-EraseBytes- DE: "\026\000\000\000\000\000\000\000"-
#923128	REDUCE cov: 411 ft: 2772 corp: 592/247Kb lim: 4096 exec/s: 10034 rss: 602Mb L: 204/3726 MS: 1 EraseBytes-
#923509	REDUCE cov: 411 ft: 2772 corp: 592/247Kb lim: 4096 exec/s: 10038 rss: 602Mb L: 343/3726 MS: 1 EraseBytes-
#923753	REDUCE cov: 411 ft: 2772 corp: 592/247Kb lim: 4096 exec/s: 10040 rss: 602Mb L: 454/3726 MS: 4 ChangeBit-InsertRepeatedBytes-ShuffleBytes-EraseBytes-
#926532	REDUCE cov: 411 ft: 2772 corp: 592/247Kb lim: 4096 exec/s: 10071 rss: 602Mb L: 2927/3726 MS: 1 EraseBytes-
#928248	NEW    cov: 411 ft: 2774 corp: 593/251Kb lim: 4096 exec/s: 10089 rss: 602Mb L: 3954/3954 MS: 1 CopyPart-
#929157	REDUCE cov: 411 ft: 2774 corp: 593/251Kb lim: 4096 exec/s: 9990 rss: 602Mb L: 2630/3954 MS: 4 ShuffleBytes-ChangeASCIIInt-CopyPart-EraseBytes-
#930158	REDUCE cov: 411 ft: 2774 corp: 593/251Kb lim: 4096 exec/s: 10001 rss: 602Mb L: 3115/3954 MS: 1 EraseBytes-
#935842	REDUCE cov: 411 ft: 2774 corp: 593/251Kb lim: 4096 exec/s: 9955 rss: 602Mb L: 1865/3954 MS: 4 ShuffleBytes-ChangeASCIIInt-ChangeByte-EraseBytes-
#936968	REDUCE cov: 411 ft: 2774 corp: 593/251Kb lim: 4096 exec/s: 9967 rss: 602Mb L: 3311/3954 MS: 1 EraseBytes-
#938719	REDUCE cov: 411 ft: 2774 corp: 593/251Kb lim: 4096 exec/s: 9986 rss: 602Mb L: 608/3954 MS: 1 EraseBytes-
#939175	REDUCE cov: 411 ft: 2774 corp: 593/250Kb lim: 4096 exec/s: 9991 rss: 602Mb L: 1193/3954 MS: 1 EraseBytes-
#939717	REDUCE cov: 411 ft: 2774 corp: 593/250Kb lim: 4096 exec/s: 9891 rss: 602Mb L: 2284/3954 MS: 2 ShuffleBytes-EraseBytes-
#939744	REDUCE cov: 411 ft: 2774 corp: 593/250Kb lim: 4096 exec/s: 9892 rss: 602Mb L: 920/3954 MS: 2 PersAutoDict-EraseBytes- DE: "\000\000\000\000\000\000\006\220"-
#941245	REDUCE cov: 411 ft: 2774 corp: 593/250Kb lim: 4096 exec/s: 9907 rss: 602Mb L: 1503/3954 MS: 1 EraseBytes-
#942270	REDUCE cov: 411 ft: 2774 corp: 593/250Kb lim: 4096 exec/s: 9918 rss: 602Mb L: 895/3954 MS: 2 EraseBytes-InsertByte-
#942403	REDUCE cov: 411 ft: 2774 corp: 593/250Kb lim: 4096 exec/s: 9920 rss: 602Mb L: 460/3954 MS: 3 ChangeASCIIInt-EraseBytes-InsertByte-
#942531	REDUCE cov: 411 ft: 2774 corp: 593/250Kb lim: 4096 exec/s: 9921 rss: 602Mb L: 2876/3954 MS: 3 ChangeBit-PersAutoDict-EraseBytes- DE: "\001\000\001\000\001N\327q"-
#942607	REDUCE cov: 411 ft: 2774 corp: 593/250Kb lim: 4096 exec/s: 9922 rss: 602Mb L: 1503/3954 MS: 1 EraseBytes-
#944619	REDUCE cov: 411 ft: 2774 corp: 593/250Kb lim: 4096 exec/s: 9943 rss: 602Mb L: 399/3954 MS: 2 ChangeByte-EraseBytes-
#947102	REDUCE cov: 411 ft: 2774 corp: 593/250Kb lim: 4096 exec/s: 9865 rss: 602Mb L: 1647/3954 MS: 3 ChangeBit-ShuffleBytes-EraseBytes-
#947501	REDUCE cov: 411 ft: 2774 corp: 593/250Kb lim: 4096 exec/s: 9869 rss: 602Mb L: 119/3954 MS: 4 ChangeBinInt-InsertByte-InsertByte-EraseBytes-
#950884	RELOAD cov: 411 ft: 2775 corp: 594/253Kb lim: 4096 exec/s: 9802 rss: 602Mb
#951345	NEW    cov: 411 ft: 2777 corp: 595/256Kb lim: 4096 exec/s: 9807 rss: 602Mb L: 3072/3954 MS: 1 CopyPart-
#955284	REDUCE cov: 411 ft: 2777 corp: 595/256Kb lim: 4096 exec/s: 9747 rss: 602Mb L: 1142/3954 MS: 5 ChangeBinInt-CMP-ChangeBinInt-ChangeASCIIInt-EraseBytes- DE: "\027Mg'\203\343\015\300"-
#958776	REDUCE cov: 411 ft: 2777 corp: 595/256Kb lim: 4096 exec/s: 9783 rss: 602Mb L: 470/3954 MS: 2 PersAutoDict-EraseBytes- DE: "\001\000\000\000\000\000\000\000"-
#961902	REDUCE cov: 411 ft: 2777 corp: 595/256Kb lim: 4096 exec/s: 9716 rss: 602Mb L: 57/3954 MS: 1 EraseBytes-
#964359	REDUCE cov: 411 ft: 2777 corp: 595/256Kb lim: 4096 exec/s: 9741 rss: 602Mb L: 1037/3954 MS: 1 EraseBytes-
#964808	REDUCE cov: 411 ft: 2777 corp: 595/256Kb lim: 4096 exec/s: 9745 rss: 602Mb L: 109/3954 MS: 4 EraseBytes-ShuffleBytes-CopyPart-CopyPart-
#967942	REDUCE cov: 411 ft: 2777 corp: 595/256Kb lim: 4096 exec/s: 9679 rss: 602Mb L: 3883/3883 MS: 4 ShuffleBytes-ShuffleBytes-ShuffleBytes-EraseBytes-
#969673	REDUCE cov: 411 ft: 2777 corp: 595/256Kb lim: 4096 exec/s: 9696 rss: 602Mb L: 60/3883 MS: 1 EraseBytes-
#970319	REDUCE cov: 411 ft: 2777 corp: 595/256Kb lim: 4096 exec/s: 9703 rss: 602Mb L: 199/3883 MS: 1 EraseBytes-
#972386	REDUCE cov: 411 ft: 2777 corp: 595/256Kb lim: 4096 exec/s: 9627 rss: 602Mb L: 172/3883 MS: 1 EraseBytes-
#973068	REDUCE cov: 411 ft: 2777 corp: 595/255Kb lim: 4096 exec/s: 9634 rss: 602Mb L: 2424/3883 MS: 2 ChangeBinInt-CrossOver-
#973764	REDUCE cov: 411 ft: 2777 corp: 595/255Kb lim: 4096 exec/s: 9641 rss: 602Mb L: 2857/3883 MS: 1 EraseBytes-
#975075	REDUCE cov: 411 ft: 2777 corp: 595/255Kb lim: 4096 exec/s: 9654 rss: 602Mb L: 850/3883 MS: 1 EraseBytes-
#976371	REDUCE cov: 411 ft: 2777 corp: 595/255Kb lim: 4096 exec/s: 9572 rss: 602Mb L: 1249/3883 MS: 1 EraseBytes-
#978731	REDUCE cov: 411 ft: 2777 corp: 595/255Kb lim: 4096 exec/s: 9595 rss: 602Mb L: 251/3883 MS: 3 CMP-ChangeASCIIInt-EraseBytes- DE: "\000\000\000\000\000\000\000\000"-
#979492	REDUCE cov: 411 ft: 2777 corp: 595/255Kb lim: 4096 exec/s: 9602 rss: 602Mb L: 951/3883 MS: 1 EraseBytes-
#980494	REDUCE cov: 411 ft: 2777 corp: 595/255Kb lim: 4096 exec/s: 9612 rss: 602Mb L: 2489/3883 MS: 2 InsertRepeatedBytes-EraseBytes-
#980781	REDUCE cov: 411 ft: 2777 corp: 595/255Kb lim: 4096 exec/s: 9615 rss: 602Mb L: 213/3883 MS: 2 ShuffleBytes-EraseBytes-
#981387	REDUCE cov: 411 ft: 2777 corp: 595/255Kb lim: 4096 exec/s: 9621 rss: 602Mb L: 3664/3883 MS: 1 EraseBytes-
#982223	REDUCE cov: 411 ft: 2778 corp: 596/259Kb lim: 4096 exec/s: 9629 rss: 602Mb L: 3883/3883 MS: 1 CopyPart-
#982640	REDUCE cov: 411 ft: 2778 corp: 596/259Kb lim: 4096 exec/s: 9633 rss: 602Mb L: 315/3883 MS: 2 ShuffleBytes-EraseBytes-
#983441	REDUCE cov: 411 ft: 2778 corp: 596/259Kb lim: 4096 exec/s: 9547 rss: 602Mb L: 635/3883 MS: 1 EraseBytes-
#984368	REDUCE cov: 411 ft: 2778 corp: 596/259Kb lim: 4096 exec/s: 9556 rss: 602Mb L: 286/3883 MS: 2 EraseBytes-CopyPart-
#984659	REDUCE cov: 411 ft: 2778 corp: 596/259Kb lim: 4096 exec/s: 9559 rss: 602Mb L: 416/3883 MS: 1 EraseBytes-
#986095	REDUCE cov: 411 ft: 2778 corp: 596/259Kb lim: 4096 exec/s: 9573 rss: 602Mb L: 3264/3883 MS: 1 EraseBytes-
#986896	REDUCE cov: 411 ft: 2778 corp: 596/259Kb lim: 4096 exec/s: 9581 rss: 602Mb L: 434/3883 MS: 1 EraseBytes-
#989573	REDUCE cov: 411 ft: 2778 corp: 596/258Kb lim: 4096 exec/s: 9515 rss: 602Mb L: 2199/3883 MS: 2 ShuffleBytes-EraseBytes-
#989575	REDUCE cov: 411 ft: 2778 corp: 596/258Kb lim: 4096 exec/s: 9515 rss: 602Mb L: 556/3883 MS: 2 ChangeBinInt-EraseBytes-
#991298	REDUCE cov: 411 ft: 2778 corp: 596/258Kb lim: 4096 exec/s: 9531 rss: 602Mb L: 126/3883 MS: 2 PersAutoDict-EraseBytes- DE: ":\000\000\000\000\000\000\000"-
#992149	REDUCE cov: 411 ft: 2778 corp: 596/258Kb lim: 4096 exec/s: 9539 rss: 602Mb L: 1894/3883 MS: 1 EraseBytes-
#993865	REDUCE cov: 411 ft: 2778 corp: 596/258Kb lim: 4096 exec/s: 9556 rss: 602Mb L: 364/3883 MS: 1 EraseBytes-
#995367	REDUCE cov: 411 ft: 2778 corp: 596/258Kb lim: 4096 exec/s: 9479 rss: 602Mb L: 1066/3883 MS: 2 ChangeASCIIInt-EraseBytes-
#995888	REDUCE cov: 411 ft: 2778 corp: 596/258Kb lim: 4096 exec/s: 9484 rss: 602Mb L: 165/3883 MS: 1 EraseBytes-
#996999	REDUCE cov: 411 ft: 2778 corp: 596/258Kb lim: 4096 exec/s: 9495 rss: 602Mb L: 207/3883 MS: 1 EraseBytes-
#998377	NEW    cov: 412 ft: 2779 corp: 597/261Kb lim: 4096 exec/s: 9508 rss: 602Mb L: 3072/3883 MS: 1 CopyPart-
#999928	REDUCE cov: 412 ft: 2779 corp: 597/261Kb lim: 4096 exec/s: 9523 rss: 602Mb L: 391/3883 MS: 1 EraseBytes-
#1001528	REDUCE cov: 412 ft: 2779 corp: 597/261Kb lim: 4096 exec/s: 9448 rss: 602Mb L: 2071/3883 MS: 5 ChangeBinInt-ChangeASCIIInt-ChangeASCIIInt-ChangeBinInt-EraseBytes-
#1002474	REDUCE cov: 412 ft: 2779 corp: 597/261Kb lim: 4096 exec/s: 9457 rss: 602Mb L: 1057/3883 MS: 1 EraseBytes-
#1003490	REDUCE cov: 412 ft: 2779 corp: 597/261Kb lim: 4096 exec/s: 9466 rss: 602Mb L: 447/3883 MS: 1 EraseBytes-
#1003671	REDUCE cov: 412 ft: 2779 corp: 597/261Kb lim: 4096 exec/s: 9468 rss: 602Mb L: 1489/3883 MS: 1 EraseBytes-
#1005220	REDUCE cov: 412 ft: 2779 corp: 597/260Kb lim: 4096 exec/s: 9483 rss: 602Mb L: 2203/3883 MS: 2 ChangeByte-EraseBytes-
#1005246	REDUCE cov: 412 ft: 2779 corp: 597/260Kb lim: 4096 exec/s: 9483 rss: 602Mb L: 3556/3883 MS: 1 EraseBytes-
#1005577	REDUCE cov: 412 ft: 2779 corp: 597/260Kb lim: 4096 exec/s: 9486 rss: 602Mb L: 97/3883 MS: 1 EraseBytes-
#1006113	REDUCE cov: 412 ft: 2779 corp: 597/260Kb lim: 4096 exec/s: 9491 rss: 602Mb L: 1427/3883 MS: 1 EraseBytes-
#1009169	REDUCE cov: 412 ft: 2779 corp: 597/260Kb lim: 4096 exec/s: 9431 rss: 602Mb L: 1086/3883 MS: 1 EraseBytes-
#1013267	REDUCE cov: 412 ft: 2779 corp: 597/260Kb lim: 4096 exec/s: 9382 rss: 602Mb L: 544/3883 MS: 3 ChangeASCIIInt-ShuffleBytes-EraseBytes-
#1014496	REDUCE cov: 412 ft: 2779 corp: 597/260Kb lim: 4096 exec/s: 9393 rss: 602Mb L: 467/3883 MS: 2 ChangeBit-EraseBytes-
#1017665	REDUCE cov: 412 ft: 2779 corp: 597/260Kb lim: 4096 exec/s: 9336 rss: 602Mb L: 445/3883 MS: 4 ChangeASCIIInt-ChangeASCIIInt-EraseBytes-CrossOver-
#1022135	REDUCE cov: 412 ft: 2779 corp: 597/259Kb lim: 4096 exec/s: 9292 rss: 602Mb L: 3040/3883 MS: 1 EraseBytes-
#1022179	REDUCE cov: 412 ft: 2779 corp: 597/259Kb lim: 4096 exec/s: 9292 rss: 602Mb L: 217/3883 MS: 4 CopyPart-ChangeBit-CopyPart-EraseBytes-
#1023453	REDUCE cov: 412 ft: 2779 corp: 597/259Kb lim: 4096 exec/s: 9304 rss: 602Mb L: 186/3883 MS: 1 EraseBytes-
#1023524	REDUCE cov: 412 ft: 2779 corp: 597/259Kb lim: 4096 exec/s: 9304 rss: 602Mb L: 754/3883 MS: 1 EraseBytes-
#1024913	REDUCE cov: 412 ft: 2779 corp: 597/259Kb lim: 4096 exec/s: 9317 rss: 602Mb L: 195/3883 MS: 4 ShuffleBytes-ChangeByte-EraseBytes-InsertByte-
#1027151	RELOAD cov: 413 ft: 2782 corp: 599/266Kb lim: 4096 exec/s: 9253 rss: 602Mb
#1029612	REDUCE cov: 413 ft: 2782 corp: 599/266Kb lim: 4096 exec/s: 9192 rss: 602Mb L: 2757/3896 MS: 1 EraseBytes-
#1029929	REDUCE cov: 413 ft: 2782 corp: 599/266Kb lim: 4096 exec/s: 9195 rss: 602Mb L: 1071/3896 MS: 2 ChangeASCIIInt-EraseBytes-
#1031034	REDUCE cov: 413 ft: 2782 corp: 599/266Kb lim: 4096 exec/s: 9205 rss: 602Mb L: 14/3896 MS: 5 ChangeBinInt-ChangeBinInt-EraseBytes-InsertByte-CopyPart-
#1031583	RELOAD cov: 413 ft: 2783 corp: 600/268Kb lim: 4096 exec/s: 9210 rss: 602Mb
#1032279	REDUCE cov: 413 ft: 2783 corp: 600/268Kb lim: 4096 exec/s: 9216 rss: 602Mb L: 267/3896 MS: 1 EraseBytes-
#1032396	REDUCE cov: 413 ft: 2783 corp: 600/268Kb lim: 4096 exec/s: 9217 rss: 602Mb L: 285/3896 MS: 2 InsertByte-EraseBytes-
#1033152	REDUCE cov: 413 ft: 2783 corp: 600/268Kb lim: 4096 exec/s: 9224 rss: 602Mb L: 82/3896 MS: 1 EraseBytes-
#1033809	REDUCE cov: 413 ft: 2783 corp: 600/268Kb lim: 4096 exec/s: 9230 rss: 602Mb L: 184/3896 MS: 2 ChangeASCIIInt-EraseBytes-
#1036155	REDUCE cov: 413 ft: 2783 corp: 600/268Kb lim: 4096 exec/s: 9169 rss: 602Mb L: 3739/3883 MS: 1 EraseBytes-
#1036458	REDUCE cov: 413 ft: 2784 corp: 601/272Kb lim: 4096 exec/s: 9172 rss: 602Mb L: 3860/3883 MS: 3 PersAutoDict-InsertRepeatedBytes-InsertByte- DE: "\001\000\000\000\000\000\000\003"-
#1036954	REDUCE cov: 413 ft: 2785 corp: 602/276Kb lim: 4096 exec/s: 9176 rss: 602Mb L: 3747/3883 MS: 1 PersAutoDict- DE: "\377\377\377\377\377\377\377\017"-
#1038095	REDUCE cov: 413 ft: 2785 corp: 602/276Kb lim: 4096 exec/s: 9186 rss: 602Mb L: 558/3883 MS: 4 ChangeBit-ChangeBit-EraseBytes-InsertByte-
#1044646	NEW    cov: 413 ft: 2786 corp: 603/279Kb lim: 4096 exec/s: 9083 rss: 602Mb L: 3725/3883 MS: 2 InsertRepeatedBytes-EraseBytes-
#1044730	REDUCE cov: 413 ft: 2786 corp: 603/279Kb lim: 4096 exec/s: 9084 rss: 602Mb L: 3469/3883 MS: 4 ShuffleBytes-ChangeByte-ShuffleBytes-EraseBytes-
#1045512	NEW    cov: 413 ft: 2787 corp: 604/283Kb lim: 4096 exec/s: 9091 rss: 602Mb L: 4078/4078 MS: 2 CrossOver-CrossOver-
#1046533	REDUCE cov: 413 ft: 2787 corp: 604/283Kb lim: 4096 exec/s: 9100 rss: 602Mb L: 589/4078 MS: 1 EraseBytes-
#1047430	REDUCE cov: 413 ft: 2787 corp: 604/283Kb lim: 4096 exec/s: 9108 rss: 602Mb L: 1319/4078 MS: 4 PersAutoDict-PersAutoDict-ChangeBinInt-CrossOver- DE: "\000\000\000\000\000\000\000 "-"\027Mg'\203\343\015\300"-
#1047994	REDUCE cov: 413 ft: 2787 corp: 604/283Kb lim: 4096 exec/s: 9112 rss: 602Mb L: 179/4078 MS: 4 CopyPart-ShuffleBytes-ChangeBit-EraseBytes-
#1048351	REDUCE cov: 413 ft: 2787 corp: 604/283Kb lim: 4096 exec/s: 9116 rss: 602Mb L: 823/4078 MS: 2 ChangeBit-EraseBytes-
#1048576	pulse  cov: 413 ft: 2787 corp: 604/283Kb lim: 4096 exec/s: 9118 rss: 602Mb
#1050189	REDUCE cov: 413 ft: 2787 corp: 604/283Kb lim: 4096 exec/s: 9053 rss: 602Mb L: 956/4078 MS: 3 CopyPart-ChangeASCIIInt-EraseBytes-
#1050496	REDUCE cov: 413 ft: 2787 corp: 604/283Kb lim: 4096 exec/s: 9056 rss: 602Mb L: 353/4078 MS: 2 CopyPart-EraseBytes-
#1050715	NEW    cov: 413 ft: 2788 corp: 605/286Kb lim: 4096 exec/s: 9057 rss: 602Mb L: 3749/4078 MS: 4 CopyPart-PersAutoDict-CopyPart-PersAutoDict- DE: "\377\377\377\377\377\377\377\377"-"\377\377"-
#1051589	REDUCE cov: 413 ft: 2788 corp: 605/286Kb lim: 4096 exec/s: 9065 rss: 602Mb L: 333/4078 MS: 4 ShuffleBytes-EraseBytes-ChangeByte-CMP- DE: "\005\000\000\000"-
#1051698	REDUCE cov: 413 ft: 2788 corp: 605/286Kb lim: 4096 exec/s: 9066 rss: 602Mb L: 96/4078 MS: 4 EraseBytes-CopyPart-InsertByte-InsertByte-
#1053257	REDUCE cov: 413 ft: 2788 corp: 605/286Kb lim: 4096 exec/s: 9079 rss: 602Mb L: 407/4078 MS: 1 EraseBytes-
#1055573	NEW    cov: 413 ft: 2789 corp: 606/290Kb lim: 4096 exec/s: 9021 rss: 602Mb L: 3992/4078 MS: 1 CopyPart-
#1056555	REDUCE cov: 413 ft: 2790 corp: 607/294Kb lim: 4096 exec/s: 9030 rss: 602Mb L: 3587/4078 MS: 2 ChangeByte-EraseBytes-
#1058044	REDUCE cov: 413 ft: 2790 corp: 607/294Kb lim: 4096 exec/s: 9043 rss: 602Mb L: 770/4078 MS: 1 EraseBytes-
#1058455	REDUCE cov: 413 ft: 2790 corp: 607/294Kb lim: 4096 exec/s: 9046 rss: 602Mb L: 2081/4078 MS: 1 EraseBytes-
#1060971	REDUCE cov: 413 ft: 2790 corp: 607/293Kb lim: 4096 exec/s: 8991 rss: 602Mb L: 2287/4078 MS: 1 EraseBytes-
#1062731	RELOAD cov: 413 ft: 2791 corp: 608/297Kb lim: 4096 exec/s: 9006 rss: 602Mb
#1065224	REDUCE cov: 413 ft: 2791 corp: 608/297Kb lim: 4096 exec/s: 8951 rss: 602Mb L: 120/4078 MS: 3 ChangeBinInt-EraseBytes-InsertByte-
#1066055	REDUCE cov: 413 ft: 2791 corp: 608/296Kb lim: 4096 exec/s: 8958 rss: 602Mb L: 2441/4078 MS: 1 EraseBytes-
#1066154	REDUCE cov: 413 ft: 2791 corp: 608/295Kb lim: 4096 exec/s: 8959 rss: 602Mb L: 3349/4078 MS: 4 ChangeBinInt-EraseBytes-ChangeByte-InsertByte-
#1066970	REDUCE cov: 413 ft: 2791 corp: 608/295Kb lim: 4096 exec/s: 8966 rss: 602Mb L: 1066/4078 MS: 1 EraseBytes-
#1067031	REDUCE cov: 413 ft: 2791 corp: 608/295Kb lim: 4096 exec/s: 8966 rss: 602Mb L: 1493/4078 MS: 1 EraseBytes-
#1067277	REDUCE cov: 413 ft: 2792 corp: 609/298Kb lim: 4096 exec/s: 8968 rss: 602Mb L: 3349/4078 MS: 1 CopyPart-
#1067849	REDUCE cov: 413 ft: 2792 corp: 609/298Kb lim: 4096 exec/s: 8973 rss: 602Mb L: 3926/3992 MS: 2 ChangeByte-EraseBytes-
#1069339	NEW    cov: 413 ft: 2793 corp: 610/302Kb lim: 4096 exec/s: 8986 rss: 602Mb L: 3672/3992 MS: 1 CopyPart-
#1069360	REDUCE cov: 413 ft: 2793 corp: 610/302Kb lim: 4096 exec/s: 8986 rss: 602Mb L: 229/3992 MS: 1 EraseBytes-
#1069435	REDUCE cov: 413 ft: 2793 corp: 610/302Kb lim: 4096 exec/s: 8986 rss: 602Mb L: 461/3992 MS: 5 ChangeASCIIInt-CopyPart-EraseBytes-InsertByte-EraseBytes-
#1070592	REDUCE cov: 413 ft: 2793 corp: 610/302Kb lim: 4096 exec/s: 8921 rss: 602Mb L: 676/3992 MS: 2 ShuffleBytes-EraseBytes-
#1071418	REDUCE cov: 413 ft: 2793 corp: 610/301Kb lim: 4096 exec/s: 8928 rss: 602Mb L: 2293/3992 MS: 1 EraseBytes-
#1071500	REDUCE cov: 413 ft: 2793 corp: 610/301Kb lim: 4096 exec/s: 8929 rss: 602Mb L: 331/3992 MS: 2 ChangeBit-EraseBytes-
#1072006	REDUCE cov: 413 ft: 2793 corp: 610/301Kb lim: 4096 exec/s: 8933 rss: 602Mb L: 3487/3992 MS: 1 EraseBytes-
#1072633	REDUCE cov: 413 ft: 2793 corp: 610/301Kb lim: 4096 exec/s: 8938 rss: 602Mb L: 173/3992 MS: 2 EraseBytes-ShuffleBytes-
#1073806	REDUCE cov: 413 ft: 2793 corp: 610/301Kb lim: 4096 exec/s: 8948 rss: 602Mb L: 141/3992 MS: 1 EraseBytes-
#1078787	RELOAD cov: 413 ft: 2794 corp: 611/303Kb lim: 4096 exec/s: 8915 rss: 602Mb
#1078903	REDUCE cov: 413 ft: 2794 corp: 611/303Kb lim: 4096 exec/s: 8916 rss: 602Mb L: 3869/3926 MS: 1 EraseBytes-
#1079944	REDUCE cov: 413 ft: 2794 corp: 611/303Kb lim: 4096 exec/s: 8925 rss: 602Mb L: 174/3926 MS: 1 EraseBytes-
#1080091	REDUCE cov: 413 ft: 2794 corp: 611/303Kb lim: 4096 exec/s: 8926 rss: 602Mb L: 1297/3926 MS: 2 ChangeBit-EraseBytes-
#1080757	REDUCE cov: 413 ft: 2794 corp: 611/303Kb lim: 4096 exec/s: 8858 rss: 602Mb L: 1579/3926 MS: 1 EraseBytes-
#1084147	REDUCE cov: 413 ft: 2794 corp: 611/303Kb lim: 4096 exec/s: 8886 rss: 602Mb L: 1536/3926 MS: 5 CopyPart-InsertByte-CMP-ChangeByte-EraseBytes- DE: "\377\001"-
#1086342	REDUCE cov: 413 ft: 2794 corp: 611/303Kb lim: 4096 exec/s: 8832 rss: 602Mb L: 282/3926 MS: 5 ChangeByte-ChangeByte-InsertByte-EraseBytes-EraseBytes-
#1087098	REDUCE cov: 413 ft: 2794 corp: 611/303Kb lim: 4096 exec/s: 8838 rss: 602Mb L: 1951/3926 MS: 1 EraseBytes-
#1089291	REDUCE cov: 413 ft: 2794 corp: 611/302Kb lim: 4096 exec/s: 8856 rss: 602Mb L: 2420/3926 MS: 3 ChangeByte-ShuffleBytes-EraseBytes-
#1092472	REDUCE cov: 413 ft: 2794 corp: 611/302Kb lim: 4096 exec/s: 8810 rss: 602Mb L: 53/3926 MS: 1 EraseBytes-
#1092760	REDUCE cov: 413 ft: 2794 corp: 611/302Kb lim: 4096 exec/s: 8812 rss: 602Mb L: 3373/3926 MS: 3 ShuffleBytes-PersAutoDict-EraseBytes- DE: "\000\000"-
#1093820	REDUCE cov: 413 ft: 2794 corp: 611/302Kb lim: 4096 exec/s: 8750 rss: 602Mb L: 257/3926 MS: 5 ShuffleBytes-ChangeASCIIInt-InsertByte-CrossOver-EraseBytes-
#1098048	REDUCE cov: 413 ft: 2794 corp: 611/302Kb lim: 4096 exec/s: 8714 rss: 602Mb L: 1697/3926 MS: 2 ShuffleBytes-EraseBytes-
#1100181	REDUCE cov: 413 ft: 2794 corp: 611/302Kb lim: 4096 exec/s: 8662 rss: 602Mb L: 608/3926 MS: 3 ChangeBinInt-ChangeBinInt-EraseBytes-
#1100472	REDUCE cov: 413 ft: 2794 corp: 611/302Kb lim: 4096 exec/s: 8665 rss: 602Mb L: 20/3926 MS: 1 EraseBytes-
#1102188	REDUCE cov: 413 ft: 2794 corp: 611/302Kb lim: 4096 exec/s: 8678 rss: 602Mb L: 728/3926 MS: 1 EraseBytes-
#1104762	REDUCE cov: 413 ft: 2794 corp: 611/301Kb lim: 4096 exec/s: 8630 rss: 602Mb L: 1530/3926 MS: 2 ChangeBinInt-EraseBytes-
#1105201	REDUCE cov: 413 ft: 2794 corp: 611/301Kb lim: 4096 exec/s: 8634 rss: 602Mb L: 3282/3926 MS: 4 CopyPart-ShuffleBytes-PersAutoDict-EraseBytes- DE: "\001\000\000\000\000\000\000\272"-
#1106943	REDUCE cov: 413 ft: 2794 corp: 611/301Kb lim: 4096 exec/s: 8647 rss: 602Mb L: 576/3926 MS: 2 ChangeBit-EraseBytes-
#1108424	REDUCE cov: 413 ft: 2794 corp: 611/301Kb lim: 4096 exec/s: 8659 rss: 602Mb L: 3450/3926 MS: 4 CopyPart-PersAutoDict-ShuffleBytes-EraseBytes- DE: ":\000\000\000\000\000\000\000"-
#1108611	NEW    cov: 413 ft: 2795 corp: 612/305Kb lim: 4096 exec/s: 8661 rss: 602Mb L: 3981/3981 MS: 2 InsertRepeatedBytes-ChangeASCIIInt-
#1109327	REDUCE cov: 413 ft: 2795 corp: 612/305Kb lim: 4096 exec/s: 8599 rss: 602Mb L: 182/3981 MS: 1 EraseBytes-
#1109342	REDUCE cov: 413 ft: 2795 corp: 612/305Kb lim: 4096 exec/s: 8599 rss: 602Mb L: 191/3981 MS: 5 ChangeByte-ShuffleBytes-ChangeByte-ShuffleBytes-EraseBytes-
#1110655	REDUCE cov: 413 ft: 2795 corp: 612/305Kb lim: 4096 exec/s: 8609 rss: 602Mb L: 195/3981 MS: 3 ShuffleBytes-ChangeBit-EraseBytes-
#1111163	REDUCE cov: 413 ft: 2795 corp: 612/305Kb lim: 4096 exec/s: 8613 rss: 602Mb L: 135/3981 MS: 3 ChangeBinInt-ChangeBinInt-EraseBytes-
#1113234	REDUCE cov: 413 ft: 2795 corp: 612/305Kb lim: 4096 exec/s: 8629 rss: 602Mb L: 134/3981 MS: 2 CopyPart-EraseBytes-
#1114322	REDUCE cov: 413 ft: 2795 corp: 612/305Kb lim: 4096 exec/s: 8571 rss: 602Mb L: 1056/3981 MS: 3 ChangeByte-ChangeByte-EraseBytes-
#1117943	REDUCE cov: 413 ft: 2795 corp: 612/305Kb lim: 4096 exec/s: 8599 rss: 602Mb L: 322/3981 MS: 1 EraseBytes-
#1120251	REDUCE cov: 413 ft: 2795 corp: 612/305Kb lim: 4096 exec/s: 8551 rss: 602Mb L: 3343/3981 MS: 1 EraseBytes-
#1121910	REDUCE cov: 413 ft: 2795 corp: 612/305Kb lim: 4096 exec/s: 8564 rss: 602Mb L: 989/3981 MS: 4 ChangeByte-ChangeByte-ShuffleBytes-EraseBytes-
#1124156	REDUCE cov: 413 ft: 2795 corp: 612/305Kb lim: 4096 exec/s: 8581 rss: 602Mb L: 10/3981 MS: 2 ShuffleBytes-EraseBytes-
#1126998	REDUCE cov: 413 ft: 2795 corp: 612/305Kb lim: 4096 exec/s: 8537 rss: 602Mb L: 101/3981 MS: 2 ShuffleBytes-EraseBytes-
#1127718	REDUCE cov: 413 ft: 2795 corp: 612/305Kb lim: 4096 exec/s: 8543 rss: 602Mb L: 162/3981 MS: 5 InsertByte-ShuffleBytes-InsertByte-InsertByte-EraseBytes-
#1128630	REDUCE cov: 413 ft: 2795 corp: 612/305Kb lim: 4096 exec/s: 8550 rss: 602Mb L: 2623/3981 MS: 4 ChangeBit-CMP-ChangeASCIIInt-EraseBytes- DE: "\003\000\000\000\000\000\000\000"-
#1129199	REDUCE cov: 413 ft: 2795 corp: 612/305Kb lim: 4096 exec/s: 8554 rss: 602Mb L: 133/3981 MS: 4 CopyPart-CMP-ChangeBit-EraseBytes- DE: "\001\000"-
#1129514	REDUCE cov: 413 ft: 2795 corp: 612/305Kb lim: 4096 exec/s: 8556 rss: 602Mb L: 241/3981 MS: 5 ChangeBit-PersAutoDict-ChangeByte-ChangeByte-EraseBytes- DE: "@\356DM\251\000b\352"-
#1130070	REDUCE cov: 413 ft: 2795 corp: 612/304Kb lim: 4096 exec/s: 8496 rss: 602Mb L: 3418/3981 MS: 1 EraseBytes-
#1130676	REDUCE cov: 413 ft: 2795 corp: 612/304Kb lim: 4096 exec/s: 8501 rss: 602Mb L: 789/3981 MS: 1 EraseBytes-
#1131203	REDUCE cov: 413 ft: 2795 corp: 612/304Kb lim: 4096 exec/s: 8505 rss: 602Mb L: 226/3981 MS: 2 CopyPart-EraseBytes-
#1132648	REDUCE cov: 413 ft: 2795 corp: 612/304Kb lim: 4096 exec/s: 8516 rss: 602Mb L: 106/3981 MS: 5 ShuffleBytes-CMP-EraseBytes-ChangeByte-InsertByte- DE: "\003\000\000\000\000\000\000\000"-
#1133611	REDUCE cov: 413 ft: 2795 corp: 612/304Kb lim: 4096 exec/s: 8523 rss: 602Mb L: 166/3981 MS: 3 ShuffleBytes-CopyPart-EraseBytes-
#1134517	REDUCE cov: 413 ft: 2795 corp: 612/304Kb lim: 4096 exec/s: 8530 rss: 602Mb L: 377/3981 MS: 1 EraseBytes-
#1135038	REDUCE cov: 413 ft: 2795 corp: 612/304Kb lim: 4096 exec/s: 8534 rss: 602Mb L: 229/3981 MS: 1 EraseBytes-
#1137059	REDUCE cov: 413 ft: 2795 corp: 612/304Kb lim: 4096 exec/s: 8485 rss: 602Mb L: 1733/3981 MS: 1 EraseBytes-
#1137960	REDUCE cov: 413 ft: 2795 corp: 612/304Kb lim: 4096 exec/s: 8492 rss: 602Mb L: 2813/3981 MS: 1 EraseBytes-
#1138765	REDUCE cov: 413 ft: 2795 corp: 612/304Kb lim: 4096 exec/s: 8498 rss: 602Mb L: 130/3981 MS: 5 InsertRepeatedBytes-InsertByte-PersAutoDict-ChangeByte-EraseBytes- DE: "\000\000\000\000\000\000\000\003"-
#1139511	REDUCE cov: 413 ft: 2795 corp: 612/304Kb lim: 4096 exec/s: 8503 rss: 602Mb L: 2074/3981 MS: 1 EraseBytes-
#1140190	REDUCE cov: 413 ft: 2795 corp: 612/304Kb lim: 4096 exec/s: 8508 rss: 602Mb L: 2160/3981 MS: 1 EraseBytes-
#1141042	REDUCE cov: 413 ft: 2795 corp: 612/304Kb lim: 4096 exec/s: 8452 rss: 602Mb L: 2197/3981 MS: 2 InsertByte-EraseBytes-
#1144020	REDUCE cov: 413 ft: 2795 corp: 612/303Kb lim: 4096 exec/s: 8474 rss: 602Mb L: 3512/3981 MS: 3 ShuffleBytes-PersAutoDict-EraseBytes- DE: "\000\000\000\002"-
#1144588	REDUCE cov: 413 ft: 2795 corp: 612/303Kb lim: 4096 exec/s: 8478 rss: 602Mb L: 273/3981 MS: 3 CMP-ChangeBit-EraseBytes- DE: "\000\000\000\000\000\000\000\003"-
#1145454	REDUCE cov: 413 ft: 2795 corp: 612/303Kb lim: 4096 exec/s: 8484 rss: 602Mb L: 229/3981 MS: 1 EraseBytes-
#1146789	REDUCE cov: 413 ft: 2795 corp: 612/303Kb lim: 4096 exec/s: 8494 rss: 602Mb L: 537/3981 MS: 1 EraseBytes-
#1147806	REDUCE cov: 413 ft: 2795 corp: 612/303Kb lim: 4096 exec/s: 8439 rss: 602Mb L: 3213/3981 MS: 2 ChangeBinInt-EraseBytes-
#1148647	REDUCE cov: 413 ft: 2795 corp: 612/302Kb lim: 4096 exec/s: 8445 rss: 602Mb L: 3515/3981 MS: 1 EraseBytes-
#1150418	REDUCE cov: 413 ft: 2795 corp: 612/302Kb lim: 4096 exec/s: 8458 rss: 602Mb L: 587/3981 MS: 1 EraseBytes-
#1150839	REDUCE cov: 413 ft: 2795 corp: 612/302Kb lim: 4096 exec/s: 8462 rss: 602Mb L: 2759/3981 MS: 1 EraseBytes-
#1151604	REDUCE cov: 413 ft: 2795 corp: 612/302Kb lim: 4096 exec/s: 8467 rss: 602Mb L: 403/3981 MS: 2 PersAutoDict-EraseBytes- DE: "@\356DM\251\000b\352"-
#1152911	REDUCE cov: 413 ft: 2795 corp: 612/302Kb lim: 4096 exec/s: 8415 rss: 602Mb L: 92/3981 MS: 2 ChangeBinInt-EraseBytes-
#1153412	REDUCE cov: 413 ft: 2795 corp: 612/302Kb lim: 4096 exec/s: 8419 rss: 602Mb L: 1900/3981 MS: 1 EraseBytes-
#1156795	REDUCE cov: 413 ft: 2795 corp: 612/302Kb lim: 4096 exec/s: 8443 rss: 602Mb L: 1303/3981 MS: 3 ChangeByte-EraseBytes-CopyPart-
#1157178	REDUCE cov: 413 ft: 2795 corp: 612/302Kb lim: 4096 exec/s: 8446 rss: 602Mb L: 3189/3981 MS: 1 EraseBytes-
#1158745	REDUCE cov: 413 ft: 2795 corp: 612/301Kb lim: 4096 exec/s: 8396 rss: 602Mb L: 3546/3981 MS: 2 ShuffleBytes-EraseBytes-
#1160843	REDUCE cov: 413 ft: 2795 corp: 612/301Kb lim: 4096 exec/s: 8411 rss: 602Mb L: 1638/3981 MS: 3 ShuffleBytes-ShuffleBytes-EraseBytes-
#1161732	REDUCE cov: 413 ft: 2795 corp: 612/301Kb lim: 4096 exec/s: 8418 rss: 602Mb L: 165/3981 MS: 4 CopyPart-ChangeBinInt-PersAutoDict-EraseBytes- DE: "\377\377\377\000"-
#1164103	REDUCE cov: 413 ft: 2795 corp: 612/301Kb lim: 4096 exec/s: 8374 rss: 602Mb L: 1216/3981 MS: 1 EraseBytes-
#1167309	REDUCE cov: 413 ft: 2795 corp: 612/301Kb lim: 4096 exec/s: 8397 rss: 602Mb L: 3575/3981 MS: 2 InsertByte-EraseBytes-
#1170271	REDUCE cov: 413 ft: 2797 corp: 613/304Kb lim: 4096 exec/s: 8359 rss: 602Mb L: 3418/3981 MS: 2 CopyPart-CopyPart-
#1170863	REDUCE cov: 413 ft: 2798 corp: 614/308Kb lim: 4096 exec/s: 8363 rss: 602Mb L: 3305/3981 MS: 2 ChangeBinInt-CopyPart-
#1174462	REDUCE cov: 413 ft: 2798 corp: 614/307Kb lim: 4096 exec/s: 8329 rss: 602Mb L: 855/3981 MS: 1 EraseBytes-
#1174618	REDUCE cov: 413 ft: 2798 corp: 614/307Kb lim: 4096 exec/s: 8330 rss: 602Mb L: 206/3981 MS: 1 EraseBytes-
#1174860	REDUCE cov: 413 ft: 2798 corp: 614/307Kb lim: 4096 exec/s: 8332 rss: 602Mb L: 181/3981 MS: 2 ChangeBinInt-EraseBytes-
#1175711	REDUCE cov: 413 ft: 2798 corp: 614/307Kb lim: 4096 exec/s: 8338 rss: 602Mb L: 2572/3981 MS: 1 EraseBytes-
#1175853	REDUCE cov: 413 ft: 2798 corp: 614/307Kb lim: 4096 exec/s: 8339 rss: 602Mb L: 463/3981 MS: 2 ShuffleBytes-EraseBytes-
#1176944	REDUCE cov: 413 ft: 2798 corp: 614/307Kb lim: 4096 exec/s: 8347 rss: 602Mb L: 66/3981 MS: 1 EraseBytes-
#1179148	REDUCE cov: 413 ft: 2798 corp: 614/307Kb lim: 4096 exec/s: 8303 rss: 602Mb L: 3392/3981 MS: 2 ChangeBit-EraseBytes-
#1179984	REDUCE cov: 413 ft: 2798 corp: 614/307Kb lim: 4096 exec/s: 8309 rss: 602Mb L: 2707/3981 MS: 1 EraseBytes-
#1180530	REDUCE cov: 413 ft: 2798 corp: 614/307Kb lim: 4096 exec/s: 8313 rss: 602Mb L: 856/3981 MS: 1 EraseBytes-
#1180847	REDUCE cov: 413 ft: 2798 corp: 614/307Kb lim: 4096 exec/s: 8315 rss: 602Mb L: 1043/3981 MS: 2 ChangeByte-EraseBytes-
#1182071	REDUCE cov: 413 ft: 2798 corp: 614/307Kb lim: 4096 exec/s: 8324 rss: 602Mb L: 107/3981 MS: 4 ChangeASCIIInt-PersAutoDict-ShuffleBytes-EraseBytes- DE: "\000\000\000\000\000\000\000\000"-
#1183504	REDUCE cov: 413 ft: 2798 corp: 614/307Kb lim: 4096 exec/s: 8276 rss: 602Mb L: 200/3981 MS: 1 EraseBytes-
#1184215	REDUCE cov: 413 ft: 2798 corp: 614/307Kb lim: 4096 exec/s: 8281 rss: 602Mb L: 630/3981 MS: 1 EraseBytes-
#1184882	REDUCE cov: 413 ft: 2798 corp: 614/307Kb lim: 4096 exec/s: 8285 rss: 602Mb L: 409/3981 MS: 2 ChangeBit-EraseBytes-
#1186471	REDUCE cov: 413 ft: 2798 corp: 614/307Kb lim: 4096 exec/s: 8297 rss: 602Mb L: 362/3981 MS: 4 ChangeBit-ChangeBit-ChangeBit-EraseBytes-
#1187374	RELOAD cov: 413 ft: 2800 corp: 615/310Kb lim: 4096 exec/s: 8303 rss: 602Mb
#1189235	REDUCE cov: 413 ft: 2800 corp: 615/310Kb lim: 4096 exec/s: 8258 rss: 602Mb L: 2983/3981 MS: 1 EraseBytes-
#1190174	REDUCE cov: 413 ft: 2800 corp: 615/310Kb lim: 4096 exec/s: 8265 rss: 602Mb L: 1171/3981 MS: 4 CrossOver-EraseBytes-ChangeASCIIInt-InsertByte-
#1194083	REDUCE cov: 413 ft: 2800 corp: 615/310Kb lim: 4096 exec/s: 8235 rss: 602Mb L: 1000/3981 MS: 2 ShuffleBytes-EraseBytes-
#1195665	REDUCE cov: 413 ft: 2800 corp: 615/310Kb lim: 4096 exec/s: 8245 rss: 602Mb L: 140/3981 MS: 2 ChangeByte-EraseBytes-
#1196156	REDUCE cov: 413 ft: 2800 corp: 615/310Kb lim: 4096 exec/s: 8249 rss: 602Mb L: 631/3981 MS: 1 EraseBytes-
#1196790	REDUCE cov: 413 ft: 2800 corp: 615/310Kb lim: 4096 exec/s: 8253 rss: 602Mb L: 696/3981 MS: 1 EraseBytes-
#1196807	REDUCE cov: 413 ft: 2800 corp: 615/310Kb lim: 4096 exec/s: 8253 rss: 602Mb L: 3166/3981 MS: 2 ChangeByte-EraseBytes-
#1202910	REDUCE cov: 413 ft: 2800 corp: 615/310Kb lim: 4096 exec/s: 8183 rss: 602Mb L: 1848/3981 MS: 1 EraseBytes-
#1203547	REDUCE cov: 413 ft: 2800 corp: 615/310Kb lim: 4096 exec/s: 8187 rss: 602Mb L: 216/3981 MS: 2 ShuffleBytes-EraseBytes-
#1204008	REDUCE cov: 413 ft: 2800 corp: 615/310Kb lim: 4096 exec/s: 8190 rss: 602Mb L: 1574/3981 MS: 1 EraseBytes-
#1205128	REDUCE cov: 413 ft: 2800 corp: 615/310Kb lim: 4096 exec/s: 8198 rss: 602Mb L: 411/3981 MS: 5 ChangeBinInt-ChangeByte-ChangeBit-PersAutoDict-EraseBytes- DE: "\003\000\000\000\000\000\000\000"-
#1206479	REDUCE cov: 413 ft: 2800 corp: 615/310Kb lim: 4096 exec/s: 8207 rss: 602Mb L: 3374/3981 MS: 1 EraseBytes-
#1207228	REDUCE cov: 413 ft: 2800 corp: 615/310Kb lim: 4096 exec/s: 8156 rss: 602Mb L: 561/3981 MS: 3 ChangeBinInt-ChangeBit-EraseBytes-
#1208474	REDUCE cov: 413 ft: 2800 corp: 615/310Kb lim: 4096 exec/s: 8165 rss: 602Mb L: 1012/3981 MS: 1 EraseBytes-
#1208881	REDUCE cov: 413 ft: 2800 corp: 615/309Kb lim: 4096 exec/s: 8168 rss: 602Mb L: 2863/3981 MS: 2 ChangeBinInt-EraseBytes-
#1208989	REDUCE cov: 413 ft: 2800 corp: 615/309Kb lim: 4096 exec/s: 8168 rss: 602Mb L: 49/3981 MS: 3 CopyPart-ChangeBit-EraseBytes-
#1211586	REDUCE cov: 413 ft: 2800 corp: 615/309Kb lim: 4096 exec/s: 8131 rss: 602Mb L: 1681/3981 MS: 1 EraseBytes-
#1212686	REDUCE cov: 413 ft: 2800 corp: 615/309Kb lim: 4096 exec/s: 8138 rss: 602Mb L: 1008/3981 MS: 2 ChangeByte-EraseBytes-
#1213560	REDUCE cov: 413 ft: 2802 corp: 616/313Kb lim: 4096 exec/s: 8090 rss: 602Mb L: 3383/3981 MS: 4 ChangeASCIIInt-InsertByte-ChangeBit-PersAutoDict- DE: "\000\000\000\000\000\000\0019"-
#1218590	REDUCE cov: 413 ft: 2802 corp: 616/313Kb lim: 4096 exec/s: 8070 rss: 602Mb L: 3334/3981 MS: 5 ChangeASCIIInt-InsertByte-ChangeBinInt-ShuffleBytes-EraseBytes-
#1225790	REDUCE cov: 413 ft: 2802 corp: 616/312Kb lim: 4096 exec/s: 7959 rss: 602Mb L: 3021/3981 MS: 2 ShuffleBytes-CrossOver-
#1226467	REDUCE cov: 413 ft: 2802 corp: 616/312Kb lim: 4096 exec/s: 7964 rss: 602Mb L: 117/3981 MS: 2 ChangeBit-EraseBytes-
#1227788	REDUCE cov: 413 ft: 2802 corp: 616/312Kb lim: 4096 exec/s: 7972 rss: 602Mb L: 2645/3981 MS: 1 EraseBytes-
#1229920	REDUCE cov: 413 ft: 2802 corp: 616/312Kb lim: 4096 exec/s: 7934 rss: 602Mb L: 3294/3981 MS: 1 EraseBytes-
#1231308	REDUCE cov: 413 ft: 2802 corp: 616/312Kb lim: 4096 exec/s: 7943 rss: 602Mb L: 1567/3981 MS: 3 EraseBytes-CopyPart-InsertByte-
#1233222	REDUCE cov: 413 ft: 2802 corp: 616/311Kb lim: 4096 exec/s: 7905 rss: 602Mb L: 3581/3883 MS: 3 CMP-ShuffleBytes-EraseBytes- DE: "\001\000\000\000"-
#1234518	REDUCE cov: 413 ft: 2802 corp: 616/311Kb lim: 4096 exec/s: 7913 rss: 602Mb L: 2184/3883 MS: 1 EraseBytes-
#1239268	REDUCE cov: 413 ft: 2802 corp: 616/311Kb lim: 4096 exec/s: 7843 rss: 602Mb L: 3459/3883 MS: 3 InsertByte-ChangeASCIIInt-EraseBytes-
#1240066	REDUCE cov: 413 ft: 2802 corp: 616/311Kb lim: 4096 exec/s: 7848 rss: 602Mb L: 1013/3883 MS: 3 PersAutoDict-ChangeBit-EraseBytes- DE: "\000\000"-
#1241857	REDUCE cov: 413 ft: 2802 corp: 616/311Kb lim: 4096 exec/s: 7859 rss: 602Mb L: 270/3883 MS: 1 EraseBytes-
#1244731	REDUCE cov: 413 ft: 2802 corp: 616/311Kb lim: 4096 exec/s: 7828 rss: 602Mb L: 1539/3883 MS: 3 ChangeBit-ChangeBit-EraseBytes-
#1251674	REDUCE cov: 413 ft: 2802 corp: 616/311Kb lim: 4096 exec/s: 7774 rss: 602Mb L: 41/3883 MS: 1 EraseBytes-
#1251850	REDUCE cov: 413 ft: 2802 corp: 616/311Kb lim: 4096 exec/s: 7775 rss: 602Mb L: 251/3883 MS: 1 EraseBytes-
#1255041	REDUCE cov: 413 ft: 2802 corp: 616/311Kb lim: 4096 exec/s: 7747 rss: 602Mb L: 90/3883 MS: 2 ShuffleBytes-EraseBytes-
#1256437	REDUCE cov: 413 ft: 2802 corp: 616/311Kb lim: 4096 exec/s: 7755 rss: 602Mb L: 1310/3883 MS: 1 EraseBytes-
#1256441	REDUCE cov: 413 ft: 2802 corp: 616/311Kb lim: 4096 exec/s: 7755 rss: 602Mb L: 3304/3883 MS: 4 ChangeASCIIInt-ChangeBit-PersAutoDict-EraseBytes- DE: "\377\377\377\377\377\377\377\002"-
#1258041	REDUCE cov: 413 ft: 2802 corp: 616/311Kb lim: 4096 exec/s: 7718 rss: 602Mb L: 2517/3883 MS: 1 EraseBytes-
#1258180	REDUCE cov: 413 ft: 2802 corp: 616/310Kb lim: 4096 exec/s: 7718 rss: 602Mb L: 1658/3883 MS: 4 ShuffleBytes-ChangeByte-ChangeByte-EraseBytes-
#1260569	REDUCE cov: 413 ft: 2802 corp: 616/310Kb lim: 4096 exec/s: 7686 rss: 602Mb L: 2220/3883 MS: 2 EraseBytes-PersAutoDict- DE: "\000\000\000\000\000\000\000\000"-
#1260605	REDUCE cov: 413 ft: 2802 corp: 616/310Kb lim: 4096 exec/s: 7686 rss: 602Mb L: 1553/3883 MS: 1 EraseBytes-
#1260976	REDUCE cov: 413 ft: 2802 corp: 616/310Kb lim: 4096 exec/s: 7688 rss: 602Mb L: 508/3883 MS: 1 EraseBytes-
#1264402	REDUCE cov: 413 ft: 2802 corp: 616/310Kb lim: 4096 exec/s: 7663 rss: 602Mb L: 293/3883 MS: 2 ShuffleBytes-EraseBytes-
#1267825	REDUCE cov: 413 ft: 2802 corp: 616/310Kb lim: 4096 exec/s: 7637 rss: 602Mb L: 1547/3883 MS: 1 EraseBytes-
#1268645	REDUCE cov: 413 ft: 2802 corp: 616/309Kb lim: 4096 exec/s: 7596 rss: 602Mb L: 1979/3883 MS: 3 CopyPart-ShuffleBytes-EraseBytes-
#1270256	REDUCE cov: 413 ft: 2802 corp: 616/309Kb lim: 4096 exec/s: 7606 rss: 602Mb L: 2509/3883 MS: 1 EraseBytes-
#1270714	REDUCE cov: 413 ft: 2802 corp: 616/308Kb lim: 4096 exec/s: 7563 rss: 602Mb L: 2662/3883 MS: 3 ChangeByte-InsertRepeatedBytes-EraseBytes-
#1270795	REDUCE cov: 413 ft: 2802 corp: 616/308Kb lim: 4096 exec/s: 7564 rss: 602Mb L: 80/3883 MS: 1 EraseBytes-
#1270876	REDUCE cov: 413 ft: 2802 corp: 616/308Kb lim: 4096 exec/s: 7564 rss: 602Mb L: 1128/3883 MS: 1 EraseBytes-
#1272365	REDUCE cov: 413 ft: 2802 corp: 616/308Kb lim: 4096 exec/s: 7573 rss: 602Mb L: 288/3883 MS: 1 EraseBytes-
#1273991	REDUCE cov: 413 ft: 2802 corp: 616/308Kb lim: 4096 exec/s: 7538 rss: 602Mb L: 450/3883 MS: 1 EraseBytes-
#1274973	REDUCE cov: 413 ft: 2802 corp: 616/308Kb lim: 4096 exec/s: 7544 rss: 602Mb L: 387/3883 MS: 2 ChangeByte-EraseBytes-
#1277129	REDUCE cov: 413 ft: 2802 corp: 616/308Kb lim: 4096 exec/s: 7512 rss: 602Mb L: 3278/3883 MS: 1 EraseBytes-
#1280937	REDUCE cov: 413 ft: 2802 corp: 616/308Kb lim: 4096 exec/s: 7490 rss: 602Mb L: 2752/3883 MS: 2 CopyPart-EraseBytes-
#1281158	REDUCE cov: 413 ft: 2802 corp: 616/308Kb lim: 4096 exec/s: 7492 rss: 602Mb L: 1747/3883 MS: 1 EraseBytes-
#1281985	REDUCE cov: 413 ft: 2802 corp: 616/308Kb lim: 4096 exec/s: 7496 rss: 602Mb L: 267/3883 MS: 1 EraseBytes-
#1283803	REDUCE cov: 413 ft: 2804 corp: 617/311Kb lim: 4096 exec/s: 7463 rss: 602Mb L: 3388/3883 MS: 2 ChangeByte-CopyPart-
#1285881	REDUCE cov: 413 ft: 2804 corp: 617/311Kb lim: 4096 exec/s: 7432 rss: 602Mb L: 141/3883 MS: 3 ChangeBinInt-ChangeByte-EraseBytes-
#1286150	REDUCE cov: 413 ft: 2804 corp: 617/311Kb lim: 4096 exec/s: 7434 rss: 602Mb L: 52/3883 MS: 4 InsertRepeatedBytes-ChangeBit-ChangeByte-EraseBytes-
#1288185	REDUCE cov: 413 ft: 2804 corp: 617/311Kb lim: 4096 exec/s: 7446 rss: 602Mb L: 701/3883 MS: 4 ChangeBinInt-CMP-EraseBytes-EraseBytes- DE: "K\210l\004\342-\342?"-
#1290491	REDUCE cov: 413 ft: 2804 corp: 617/311Kb lim: 4096 exec/s: 7416 rss: 602Mb L: 1760/3883 MS: 1 EraseBytes-
#1291072	REDUCE cov: 413 ft: 2804 corp: 617/311Kb lim: 4096 exec/s: 7419 rss: 602Mb L: 211/3883 MS: 1 EraseBytes-
#1293190	REDUCE cov: 413 ft: 2804 corp: 617/310Kb lim: 4096 exec/s: 7389 rss: 602Mb L: 3084/3883 MS: 5 CMP-ChangeByte-PersAutoDict-ChangeBit-EraseBytes- DE: "\005\000"-"\377\377\377\377"-
#1294671	REDUCE cov: 413 ft: 2804 corp: 617/310Kb lim: 4096 exec/s: 7356 rss: 602Mb L: 243/3883 MS: 1 EraseBytes-
#1295218	REDUCE cov: 413 ft: 2804 corp: 617/310Kb lim: 4096 exec/s: 7359 rss: 602Mb L: 27/3883 MS: 2 InsertByte-EraseBytes-
#1295304	REDUCE cov: 413 ft: 2804 corp: 617/310Kb lim: 4096 exec/s: 7359 rss: 602Mb L: 2224/3883 MS: 1 EraseBytes-
#1295453	REDUCE cov: 413 ft: 2804 corp: 617/310Kb lim: 4096 exec/s: 7360 rss: 602Mb L: 231/3883 MS: 4 InsertByte-ShuffleBytes-ChangeBinInt-EraseBytes-
#1296620	REDUCE cov: 413 ft: 2804 corp: 617/310Kb lim: 4096 exec/s: 7367 rss: 602Mb L: 983/3883 MS: 2 ShuffleBytes-EraseBytes-
#1301960	NEW    cov: 413 ft: 2805 corp: 618/313Kb lim: 4096 exec/s: 7314 rss: 602Mb L: 3246/3883 MS: 1 ShuffleBytes-
#1303104	REDUCE cov: 413 ft: 2805 corp: 618/313Kb lim: 4096 exec/s: 7320 rss: 602Mb L: 909/3883 MS: 4 PersAutoDict-ChangeByte-ChangeBit-EraseBytes- DE: "\377\001"-
#1304095	REDUCE cov: 413 ft: 2805 corp: 618/313Kb lim: 4096 exec/s: 7285 rss: 602Mb L: 985/3883 MS: 1 EraseBytes-
#1307783	REDUCE cov: 413 ft: 2805 corp: 618/313Kb lim: 4096 exec/s: 7265 rss: 602Mb L: 1534/3883 MS: 5 PersAutoDict-EraseBytes-ChangeASCIIInt-ChangeByte-InsertByte- DE: "\000\000\000\000\000\000\000 "-
#1308399	REDUCE cov: 413 ft: 2805 corp: 618/313Kb lim: 4096 exec/s: 7268 rss: 602Mb L: 1024/3883 MS: 1 EraseBytes-
#1308563	REDUCE cov: 413 ft: 2805 corp: 618/313Kb lim: 4096 exec/s: 7269 rss: 602Mb L: 1612/3883 MS: 4 ChangeByte-ChangeASCIIInt-EraseBytes-CopyPart-
#1310679	REDUCE cov: 413 ft: 2805 corp: 618/313Kb lim: 4096 exec/s: 7241 rss: 602Mb L: 3223/3883 MS: 1 EraseBytes-
#1313378	REDUCE cov: 413 ft: 2805 corp: 618/313Kb lim: 4096 exec/s: 7216 rss: 602Mb L: 2351/3883 MS: 1 EraseBytes-
#1314583	REDUCE cov: 413 ft: 2805 corp: 618/313Kb lim: 4096 exec/s: 7222 rss: 602Mb L: 1521/3883 MS: 3 CopyPart-ChangeBit-EraseBytes-
#1315649	REDUCE cov: 413 ft: 2805 corp: 618/313Kb lim: 4096 exec/s: 7189 rss: 602Mb L: 976/3883 MS: 1 EraseBytes-
#1317601	REDUCE cov: 413 ft: 2805 corp: 618/313Kb lim: 4096 exec/s: 7200 rss: 602Mb L: 571/3883 MS: 2 ChangeBit-EraseBytes-
#1319212	REDUCE cov: 413 ft: 2805 corp: 618/313Kb lim: 4096 exec/s: 7169 rss: 602Mb L: 1451/3883 MS: 1 EraseBytes-
#1319865	REDUCE cov: 413 ft: 2805 corp: 618/313Kb lim: 4096 exec/s: 7173 rss: 602Mb L: 1882/3883 MS: 1 EraseBytes-
#1319920	REDUCE cov: 413 ft: 2805 corp: 618/313Kb lim: 4096 exec/s: 7173 rss: 602Mb L: 173/3883 MS: 5 ChangeByte-ChangeBit-ChangeBinInt-CopyPart-EraseBytes-
#1319973	REDUCE cov: 413 ft: 2805 corp: 618/313Kb lim: 4096 exec/s: 7173 rss: 602Mb L: 2746/3883 MS: 3 ChangeByte-CMP-EraseBytes- DE: "\000\004"-
#1322894	REDUCE cov: 413 ft: 2805 corp: 618/313Kb lim: 4096 exec/s: 7150 rss: 602Mb L: 2043/3883 MS: 1 EraseBytes-
#1325516	REDUCE cov: 413 ft: 2805 corp: 618/313Kb lim: 4096 exec/s: 7126 rss: 602Mb L: 272/3883 MS: 1 EraseBytes-
#1328258	REDUCE cov: 413 ft: 2805 corp: 618/313Kb lim: 4096 exec/s: 7065 rss: 602Mb L: 45/3883 MS: 2 ShuffleBytes-EraseBytes-
#1328540	REDUCE cov: 413 ft: 2805 corp: 618/312Kb lim: 4096 exec/s: 7066 rss: 602Mb L: 936/3883 MS: 2 ShuffleBytes-EraseBytes-
#1330180	REDUCE cov: 413 ft: 2805 corp: 618/312Kb lim: 4096 exec/s: 7075 rss: 602Mb L: 840/3883 MS: 5 InsertRepeatedBytes-CopyPart-CrossOver-EraseBytes-EraseBytes-
#1330866	REDUCE cov: 413 ft: 2805 corp: 618/312Kb lim: 4096 exec/s: 7079 rss: 602Mb L: 173/3883 MS: 1 EraseBytes-
#1330988	REDUCE cov: 413 ft: 2805 corp: 618/312Kb lim: 4096 exec/s: 7042 rss: 602Mb L: 2187/3883 MS: 2 ShuffleBytes-EraseBytes-
#1334138	REDUCE cov: 413 ft: 2805 corp: 618/312Kb lim: 4096 exec/s: 7021 rss: 602Mb L: 1858/3883 MS: 3 ChangeByte-ChangeBinInt-EraseBytes-
#1337942	REDUCE cov: 413 ft: 2805 corp: 618/312Kb lim: 4096 exec/s: 7004 rss: 602Mb L: 696/3883 MS: 2 ShuffleBytes-EraseBytes-
#1338578	REDUCE cov: 413 ft: 2805 corp: 618/312Kb lim: 4096 exec/s: 7008 rss: 602Mb L: 2013/3883 MS: 1 EraseBytes-
#1338654	REDUCE cov: 413 ft: 2805 corp: 618/312Kb lim: 4096 exec/s: 7008 rss: 602Mb L: 200/3883 MS: 1 EraseBytes-
#1338705	REDUCE cov: 413 ft: 2805 corp: 618/312Kb lim: 4096 exec/s: 7008 rss: 602Mb L: 3387/3883 MS: 1 EraseBytes-
#1340906	REDUCE cov: 413 ft: 2805 corp: 618/312Kb lim: 4096 exec/s: 6983 rss: 602Mb L: 2834/3883 MS: 4 PersAutoDict-ChangeByte-PersAutoDict-EraseBytes- DE: "\001\000\000\000\000\000\000\003"-"\377\377\377\377\377\377\377\017"-
#1341172	REDUCE cov: 413 ft: 2805 corp: 618/312Kb lim: 4096 exec/s: 6985 rss: 602Mb L: 188/3883 MS: 1 EraseBytes-
#1341258	REDUCE cov: 413 ft: 2805 corp: 618/312Kb lim: 4096 exec/s: 6985 rss: 602Mb L: 262/3883 MS: 1 EraseBytes-
#1343607	REDUCE cov: 413 ft: 2805 corp: 618/312Kb lim: 4096 exec/s: 6961 rss: 602Mb L: 535/3883 MS: 2 CrossOver-EraseBytes-
#1343719	REDUCE cov: 413 ft: 2805 corp: 618/312Kb lim: 4096 exec/s: 6962 rss: 602Mb L: 1416/3883 MS: 2 ChangeByte-EraseBytes-
#1344060	REDUCE cov: 413 ft: 2805 corp: 618/312Kb lim: 4096 exec/s: 6964 rss: 602Mb L: 1767/3883 MS: 1 EraseBytes-
#1344617	REDUCE cov: 413 ft: 2805 corp: 618/312Kb lim: 4096 exec/s: 6931 rss: 602Mb L: 357/3883 MS: 2 ChangeBinInt-EraseBytes-
#1345554	REDUCE cov: 413 ft: 2805 corp: 618/312Kb lim: 4096 exec/s: 6935 rss: 602Mb L: 388/3883 MS: 2 ChangeByte-EraseBytes-
#1346725	REDUCE cov: 413 ft: 2805 corp: 618/312Kb lim: 4096 exec/s: 6906 rss: 602Mb L: 291/3883 MS: 1 EraseBytes-
#1347077	REDUCE cov: 413 ft: 2805 corp: 618/312Kb lim: 4096 exec/s: 6908 rss: 602Mb L: 255/3883 MS: 2 ChangeBinInt-EraseBytes-
#1347855	REDUCE cov: 413 ft: 2805 corp: 618/312Kb lim: 4096 exec/s: 6912 rss: 602Mb L: 459/3883 MS: 3 PersAutoDict-EraseBytes-InsertByte- DE: "\005\000\000\000\000\000\000\000"-
#1349966	REDUCE cov: 413 ft: 2805 corp: 618/312Kb lim: 4096 exec/s: 6887 rss: 602Mb L: 2686/3883 MS: 2 ChangeASCIIInt-EraseBytes-
#1353501	REDUCE cov: 413 ft: 2805 corp: 618/312Kb lim: 4096 exec/s: 6870 rss: 602Mb L: 2686/3883 MS: 2 ChangeBit-EraseBytes-
#1353697	REDUCE cov: 413 ft: 2805 corp: 618/312Kb lim: 4096 exec/s: 6871 rss: 602Mb L: 619/3883 MS: 1 EraseBytes-
#1357587	REDUCE cov: 413 ft: 2805 corp: 618/311Kb lim: 4096 exec/s: 6822 rss: 602Mb L: 2967/3883 MS: 1 EraseBytes-
#1358693	REDUCE cov: 413 ft: 2805 corp: 618/311Kb lim: 4096 exec/s: 6827 rss: 602Mb L: 1899/3883 MS: 1 EraseBytes-
#1358834	REDUCE cov: 413 ft: 2805 corp: 618/311Kb lim: 4096 exec/s: 6794 rss: 602Mb L: 421/3883 MS: 1 EraseBytes-
#1360750	REDUCE cov: 413 ft: 2805 corp: 618/311Kb lim: 4096 exec/s: 6803 rss: 602Mb L: 799/3883 MS: 1 EraseBytes-
#1362677	REDUCE cov: 413 ft: 2805 corp: 618/311Kb lim: 4096 exec/s: 6779 rss: 602Mb L: 3273/3883 MS: 1 EraseBytes-
#1362923	REDUCE cov: 413 ft: 2805 corp: 618/311Kb lim: 4096 exec/s: 6780 rss: 602Mb L: 3107/3883 MS: 1 EraseBytes-
#1362949	REDUCE cov: 413 ft: 2805 corp: 618/311Kb lim: 4096 exec/s: 6780 rss: 602Mb L: 1304/3883 MS: 1 EraseBytes-
#1364018	REDUCE cov: 413 ft: 2805 corp: 618/311Kb lim: 4096 exec/s: 6786 rss: 602Mb L: 602/3883 MS: 3 ShuffleBytes-PersAutoDict-EraseBytes- DE: "\013\000\000\000\000\000\000\000"-
#1367515	REDUCE cov: 413 ft: 2805 corp: 618/310Kb lim: 4096 exec/s: 6769 rss: 602Mb L: 629/3883 MS: 2 ChangeASCIIInt-EraseBytes-
#1367813	REDUCE cov: 413 ft: 2805 corp: 618/310Kb lim: 4096 exec/s: 6737 rss: 602Mb L: 2457/3883 MS: 3 EraseBytes-ChangeBinInt-ChangeASCIIInt-
#1368889	REDUCE cov: 413 ft: 2805 corp: 618/310Kb lim: 4096 exec/s: 6743 rss: 602Mb L: 199/3883 MS: 1 EraseBytes-
#1370742	REDUCE cov: 413 ft: 2805 corp: 618/310Kb lim: 4096 exec/s: 6719 rss: 602Mb L: 486/3883 MS: 4 InsertRepeatedBytes-ChangeByte-ChangeByte-EraseBytes-
#1372849	REDUCE cov: 413 ft: 2805 corp: 618/310Kb lim: 4096 exec/s: 6729 rss: 602Mb L: 625/3883 MS: 1 EraseBytes-
#1377785	REDUCE cov: 413 ft: 2805 corp: 618/310Kb lim: 4096 exec/s: 6688 rss: 602Mb L: 511/3883 MS: 1 EraseBytes-
#1378853	REDUCE cov: 413 ft: 2805 corp: 618/310Kb lim: 4096 exec/s: 6693 rss: 602Mb L: 791/3883 MS: 1 EraseBytes-
#1380639	REDUCE cov: 413 ft: 2805 corp: 618/310Kb lim: 4096 exec/s: 6669 rss: 602Mb L: 143/3883 MS: 1 EraseBytes-
#1382617	REDUCE cov: 413 ft: 2805 corp: 618/310Kb lim: 4096 exec/s: 6647 rss: 602Mb L: 1091/3883 MS: 1 EraseBytes-
#1383503	REDUCE cov: 413 ft: 2805 corp: 618/310Kb lim: 4096 exec/s: 6651 rss: 602Mb L: 130/3883 MS: 1 EraseBytes-
#1387820	REDUCE cov: 413 ft: 2805 corp: 618/310Kb lim: 4096 exec/s: 6640 rss: 602Mb L: 738/3883 MS: 1 EraseBytes-
#1388713	REDUCE cov: 413 ft: 2805 corp: 618/310Kb lim: 4096 exec/s: 6644 rss: 602Mb L: 1130/3883 MS: 1 EraseBytes-
#1388787	REDUCE cov: 413 ft: 2805 corp: 618/309Kb lim: 4096 exec/s: 6644 rss: 602Mb L: 2779/3883 MS: 4 PersAutoDict-EraseBytes-ChangeBit-CopyPart- DE: "U(\225\001\020\001\000\000"-
#1389600	REDUCE cov: 413 ft: 2805 corp: 618/309Kb lim: 4096 exec/s: 6617 rss: 602Mb L: 1493/3883 MS: 3 ChangeBinInt-CMP-EraseBytes- DE: "\377\377\377\377\377\377\377\007"-
#1391402	REDUCE cov: 413 ft: 2805 corp: 618/309Kb lim: 4096 exec/s: 6625 rss: 602Mb L: 1026/3883 MS: 2 ShuffleBytes-EraseBytes-
#1392902	REDUCE cov: 413 ft: 2805 corp: 618/309Kb lim: 4096 exec/s: 6601 rss: 602Mb L: 1022/3883 MS: 4 ChangeByte-ShuffleBytes-ShuffleBytes-EraseBytes-
#1397877	REDUCE cov: 413 ft: 2805 corp: 618/309Kb lim: 4096 exec/s: 6593 rss: 602Mb L: 2162/3883 MS: 4 ChangeByte-ChangeByte-ChangeBit-EraseBytes-
#1399564	REDUCE cov: 413 ft: 2805 corp: 618/309Kb lim: 4096 exec/s: 6570 rss: 602Mb L: 2127/3883 MS: 1 EraseBytes-
#1405193	REDUCE cov: 413 ft: 2805 corp: 618/309Kb lim: 4096 exec/s: 6566 rss: 602Mb L: 309/3883 MS: 3 ChangeByte-InsertByte-EraseBytes-
#1405261	REDUCE cov: 413 ft: 2805 corp: 618/309Kb lim: 4096 exec/s: 6566 rss: 602Mb L: 2042/3883 MS: 2 ChangeBit-EraseBytes-
#1406360	REDUCE cov: 413 ft: 2805 corp: 618/309Kb lim: 4096 exec/s: 6541 rss: 602Mb L: 477/3883 MS: 4 ChangeByte-CopyPart-ShuffleBytes-EraseBytes-
#1407139	REDUCE cov: 413 ft: 2805 corp: 618/309Kb lim: 4096 exec/s: 6544 rss: 602Mb L: 846/3883 MS: 4 ChangeByte-PersAutoDict-PersAutoDict-EraseBytes- DE: "\000\000\000\000\000\000\000("-"\027Mg'\203\343\015\300"-
#1407777	REDUCE cov: 413 ft: 2805 corp: 618/309Kb lim: 4096 exec/s: 6547 rss: 602Mb L: 203/3883 MS: 3 EraseBytes-ChangeBinInt-InsertByte-
#1408547	REDUCE cov: 413 ft: 2805 corp: 618/309Kb lim: 4096 exec/s: 6551 rss: 602Mb L: 2537/3883 MS: 1 CrossOver-
#1414015	REDUCE cov: 413 ft: 2805 corp: 618/309Kb lim: 4096 exec/s: 6486 rss: 602Mb L: 33/3883 MS: 2 EraseBytes-CopyPart-
#1414595	REDUCE cov: 413 ft: 2805 corp: 618/309Kb lim: 4096 exec/s: 6488 rss: 602Mb L: 65/3883 MS: 5 ShuffleBytes-ChangeByte-EraseBytes-ChangeByte-CopyPart-
#1415273	REDUCE cov: 413 ft: 2805 corp: 618/309Kb lim: 4096 exec/s: 6492 rss: 602Mb L: 869/3883 MS: 3 PersAutoDict-ChangeBinInt-EraseBytes- DE: "\011\000\000\000\000\000\000\000"-
#1415526	REDUCE cov: 413 ft: 2805 corp: 618/309Kb lim: 4096 exec/s: 6493 rss: 602Mb L: 2637/3883 MS: 3 EraseBytes-ChangeBit-InsertByte-
#1416123	REDUCE cov: 413 ft: 2805 corp: 618/309Kb lim: 4096 exec/s: 6466 rss: 602Mb L: 387/3883 MS: 3 ShuffleBytes-ShuffleBytes-EraseBytes-
#1419149	REDUCE cov: 413 ft: 2805 corp: 618/309Kb lim: 4096 exec/s: 6450 rss: 602Mb L: 464/3883 MS: 3 ChangeByte-EraseBytes-InsertByte-
#1419192	REDUCE cov: 413 ft: 2805 corp: 618/309Kb lim: 4096 exec/s: 6450 rss: 602Mb L: 671/3883 MS: 3 ChangeBit-ChangeBit-EraseBytes-
#1420096	REDUCE cov: 413 ft: 2805 corp: 618/309Kb lim: 4096 exec/s: 6454 rss: 602Mb L: 3258/3883 MS: 3 CrossOver-InsertByte-EraseBytes-
#1420662	REDUCE cov: 413 ft: 2805 corp: 618/309Kb lim: 4096 exec/s: 6428 rss: 602Mb L: 2121/3883 MS: 1 EraseBytes-
#1423412	REDUCE cov: 413 ft: 2805 corp: 618/308Kb lim: 4096 exec/s: 6411 rss: 602Mb L: 2996/3883 MS: 1 EraseBytes-
#1425253	REDUCE cov: 413 ft: 2805 corp: 618/308Kb lim: 4096 exec/s: 6420 rss: 602Mb L: 1500/3883 MS: 5 PersAutoDict-ChangeASCIIInt-CopyPart-ChangeBinInt-EraseBytes- DE: "\377\377\377\000"-
#1428184	REDUCE cov: 413 ft: 2805 corp: 618/308Kb lim: 4096 exec/s: 6375 rss: 602Mb L: 171/3883 MS: 1 EraseBytes-
#1428500	REDUCE cov: 413 ft: 2805 corp: 618/308Kb lim: 4096 exec/s: 6377 rss: 602Mb L: 2704/3883 MS: 1 EraseBytes-
#1428651	REDUCE cov: 413 ft: 2805 corp: 618/308Kb lim: 4096 exec/s: 6377 rss: 602Mb L: 1281/3883 MS: 1 EraseBytes-
#1429107	REDUCE cov: 413 ft: 2805 corp: 618/308Kb lim: 4096 exec/s: 6379 rss: 602Mb L: 1490/3883 MS: 1 EraseBytes-
#1430773	REDUCE cov: 413 ft: 2805 corp: 618/308Kb lim: 4096 exec/s: 6358 rss: 602Mb L: 2615/3883 MS: 1 EraseBytes-
#1431029	REDUCE cov: 413 ft: 2805 corp: 618/308Kb lim: 4096 exec/s: 6360 rss: 602Mb L: 2413/3883 MS: 1 EraseBytes-
#1432459	REDUCE cov: 413 ft: 2805 corp: 618/308Kb lim: 4096 exec/s: 6338 rss: 602Mb L: 2575/3883 MS: 2 ChangeByte-EraseBytes-
#1436989	REDUCE cov: 413 ft: 2805 corp: 618/308Kb lim: 4096 exec/s: 6302 rss: 602Mb L: 72/3883 MS: 1 EraseBytes-
#1440928	REDUCE cov: 413 ft: 2805 corp: 618/308Kb lim: 4096 exec/s: 6264 rss: 602Mb L: 255/3883 MS: 1 EraseBytes-
#1441045	REDUCE cov: 413 ft: 2805 corp: 618/308Kb lim: 4096 exec/s: 6265 rss: 602Mb L: 116/3883 MS: 2 InsertByte-EraseBytes-
#1441686	REDUCE cov: 413 ft: 2805 corp: 618/307Kb lim: 4096 exec/s: 6268 rss: 602Mb L: 2014/3883 MS: 1 EraseBytes-
#1444423	REDUCE cov: 413 ft: 2805 corp: 618/307Kb lim: 4096 exec/s: 6225 rss: 602Mb L: 1007/3883 MS: 4 InsertRepeatedBytes-ShuffleBytes-CopyPart-EraseBytes-
#1448936	REDUCE cov: 413 ft: 2805 corp: 618/307Kb lim: 4096 exec/s: 6192 rss: 602Mb L: 360/3883 MS: 1 EraseBytes-
#1452679	REDUCE cov: 413 ft: 2805 corp: 618/307Kb lim: 4096 exec/s: 6155 rss: 602Mb L: 2013/3883 MS: 3 ChangeBit-ChangeASCIIInt-EraseBytes-
#1452775	REDUCE cov: 413 ft: 2805 corp: 618/307Kb lim: 4096 exec/s: 6155 rss: 602Mb L: 383/3883 MS: 1 EraseBytes-
#1453133	REDUCE cov: 413 ft: 2805 corp: 618/307Kb lim: 4096 exec/s: 6157 rss: 602Mb L: 2010/3883 MS: 3 ChangeBinInt-ChangeASCIIInt-EraseBytes-
#1453680	REDUCE cov: 413 ft: 2805 corp: 618/307Kb lim: 4096 exec/s: 6133 rss: 602Mb L: 2536/3883 MS: 1 EraseBytes-
#1453976	REDUCE cov: 413 ft: 2805 corp: 618/307Kb lim: 4096 exec/s: 6134 rss: 602Mb L: 230/3883 MS: 1 EraseBytes-
#1453977	REDUCE cov: 413 ft: 2806 corp: 619/309Kb lim: 4096 exec/s: 6134 rss: 602Mb L: 1490/3883 MS: 1 ChangeBit-
#1454019	NEW    cov: 413 ft: 2807 corp: 620/310Kb lim: 4096 exec/s: 6135 rss: 602Mb L: 1491/3883 MS: 2 ShuffleBytes-InsertByte-
#1455165	NEW    cov: 413 ft: 2808 corp: 621/312Kb lim: 4096 exec/s: 6139 rss: 602Mb L: 1499/3883 MS: 1 PersAutoDict- DE: "\001\000\000\000\000\000\000\004"-
#1457115	REDUCE cov: 413 ft: 2808 corp: 621/312Kb lim: 4096 exec/s: 6096 rss: 602Mb L: 1808/3883 MS: 1 EraseBytes-
#1457368	REDUCE cov: 413 ft: 2808 corp: 621/311Kb lim: 4096 exec/s: 6097 rss: 602Mb L: 1149/3883 MS: 3 CMP-ChangeBit-EraseBytes- DE: "\000\000\000\000"-
#1459784	REDUCE cov: 413 ft: 2808 corp: 621/311Kb lim: 4096 exec/s: 6082 rss: 602Mb L: 2437/3883 MS: 3 ChangeByte-ChangeByte-EraseBytes-
#1464382	REDUCE cov: 413 ft: 2808 corp: 621/311Kb lim: 4096 exec/s: 6051 rss: 602Mb L: 95/3883 MS: 2 CMP-EraseBytes- DE: "\000\002"-
#1465476	RELOAD cov: 413 ft: 2809 corp: 622/314Kb lim: 4096 exec/s: 6030 rss: 602Mb
#1465827	REDUCE cov: 413 ft: 2809 corp: 622/314Kb lim: 4096 exec/s: 6032 rss: 602Mb L: 295/3883 MS: 1 EraseBytes-
#1467637	REDUCE cov: 413 ft: 2809 corp: 622/314Kb lim: 4096 exec/s: 6014 rss: 602Mb L: 888/3883 MS: 3 InsertRepeatedBytes-CMP-EraseBytes- DE: "\377\377\377\377\377\377\377\002"-
#1468108	REDUCE cov: 413 ft: 2809 corp: 622/314Kb lim: 4096 exec/s: 6016 rss: 602Mb L: 1389/3883 MS: 1 EraseBytes-
#1472360	RELOAD cov: 413 ft: 2810 corp: 623/314Kb lim: 4096 exec/s: 5985 rss: 602Mb
#1475721	REDUCE cov: 413 ft: 2810 corp: 623/314Kb lim: 4096 exec/s: 5950 rss: 602Mb L: 851/3883 MS: 1 EraseBytes-
#1480096	REDUCE cov: 413 ft: 2810 corp: 623/314Kb lim: 4096 exec/s: 5920 rss: 602Mb L: 1122/3883 MS: 3 PersAutoDict-ChangeBit-EraseBytes- DE: "\027Mg'\203\343\015\300"-
#1480103	REDUCE cov: 413 ft: 2810 corp: 623/314Kb lim: 4096 exec/s: 5920 rss: 602Mb L: 152/3883 MS: 2 CMP-EraseBytes- DE: "\001\000\000\000\000\000\000\000"-
#1481844	REDUCE cov: 413 ft: 2810 corp: 623/314Kb lim: 4096 exec/s: 5903 rss: 602Mb L: 1429/3883 MS: 1 EraseBytes-
#1483568	REDUCE cov: 413 ft: 2810 corp: 623/314Kb lim: 4096 exec/s: 5910 rss: 602Mb L: 162/3883 MS: 1 EraseBytes-
#1484366	REDUCE cov: 413 ft: 2810 corp: 623/314Kb lim: 4096 exec/s: 5890 rss: 602Mb L: 763/3883 MS: 3 ChangeBit-ShuffleBytes-EraseBytes-
#1485099	REDUCE cov: 413 ft: 2810 corp: 623/314Kb lim: 4096 exec/s: 5893 rss: 602Mb L: 1361/3883 MS: 3 ShuffleBytes-ChangeASCIIInt-EraseBytes-
#1485920	REDUCE cov: 413 ft: 2810 corp: 623/314Kb lim: 4096 exec/s: 5873 rss: 602Mb L: 2897/3883 MS: 1 EraseBytes-
#1486959	REDUCE cov: 413 ft: 2810 corp: 623/314Kb lim: 4096 exec/s: 5877 rss: 602Mb L: 790/3883 MS: 1 EraseBytes-
#1487526	REDUCE cov: 413 ft: 2810 corp: 623/314Kb lim: 4096 exec/s: 5879 rss: 602Mb L: 1039/3883 MS: 2 ShuffleBytes-EraseBytes-
#1488378	REDUCE cov: 413 ft: 2810 corp: 623/314Kb lim: 4096 exec/s: 5859 rss: 602Mb L: 1292/3883 MS: 2 ShuffleBytes-EraseBytes-
#1488499	REDUCE cov: 413 ft: 2810 corp: 623/314Kb lim: 4096 exec/s: 5860 rss: 602Mb L: 223/3883 MS: 1 EraseBytes-
#1492885	REDUCE cov: 413 ft: 2810 corp: 623/314Kb lim: 4096 exec/s: 5854 rss: 602Mb L: 1210/3883 MS: 1 EraseBytes-
#1494779	REDUCE cov: 413 ft: 2810 corp: 623/314Kb lim: 4096 exec/s: 5838 rss: 602Mb L: 1316/3883 MS: 3 ShuffleBytes-CopyPart-EraseBytes-
#1495846	REDUCE cov: 413 ft: 2810 corp: 623/314Kb lim: 4096 exec/s: 5820 rss: 602Mb L: 87/3883 MS: 2 CopyPart-EraseBytes-
#1495998	REDUCE cov: 413 ft: 2810 corp: 623/314Kb lim: 4096 exec/s: 5821 rss: 602Mb L: 1420/3883 MS: 2 ChangeASCIIInt-EraseBytes-
#1496454	REDUCE cov: 413 ft: 2810 corp: 623/313Kb lim: 4096 exec/s: 5822 rss: 602Mb L: 1941/3883 MS: 1 EraseBytes-
#1496780	REDUCE cov: 413 ft: 2810 corp: 623/313Kb lim: 4096 exec/s: 5824 rss: 602Mb L: 1241/3883 MS: 1 EraseBytes-
#1497193	REDUCE cov: 413 ft: 2810 corp: 623/313Kb lim: 4096 exec/s: 5825 rss: 602Mb L: 2472/3883 MS: 1 EraseBytes-
#1497549	REDUCE cov: 413 ft: 2810 corp: 623/313Kb lim: 4096 exec/s: 5827 rss: 602Mb L: 250/3883 MS: 1 EraseBytes-
#1498670	REDUCE cov: 413 ft: 2810 corp: 623/313Kb lim: 4096 exec/s: 5808 rss: 602Mb L: 890/3883 MS: 1 EraseBytes-
#1500193	REDUCE cov: 413 ft: 2810 corp: 623/313Kb lim: 4096 exec/s: 5814 rss: 602Mb L: 1234/3883 MS: 1 EraseBytes-
#1505765	REDUCE cov: 413 ft: 2810 corp: 623/313Kb lim: 4096 exec/s: 5769 rss: 602Mb L: 1816/3883 MS: 2 PersAutoDict-EraseBytes- DE: "\377\377\377\377\377\377\377\017"-
#1511912	REDUCE cov: 413 ft: 2810 corp: 623/313Kb lim: 4096 exec/s: 5726 rss: 602Mb L: 2037/3883 MS: 2 CopyPart-EraseBytes-
#1512193	REDUCE cov: 413 ft: 2810 corp: 623/313Kb lim: 4096 exec/s: 5728 rss: 602Mb L: 961/3883 MS: 1 EraseBytes-
#1517262	REDUCE cov: 413 ft: 2810 corp: 623/313Kb lim: 4096 exec/s: 5703 rss: 602Mb L: 2510/3883 MS: 2 ChangeByte-EraseBytes-
#1517534	REDUCE cov: 413 ft: 2810 corp: 623/313Kb lim: 4096 exec/s: 5705 rss: 602Mb L: 2233/3883 MS: 2 ChangeBit-EraseBytes-
#1518760	REDUCE cov: 413 ft: 2810 corp: 623/312Kb lim: 4096 exec/s: 5688 rss: 602Mb L: 1266/3883 MS: 1 EraseBytes-
#1519947	REDUCE cov: 413 ft: 2810 corp: 623/312Kb lim: 4096 exec/s: 5671 rss: 602Mb L: 2417/3883 MS: 2 InsertRepeatedBytes-EraseBytes-
#1521025	REDUCE cov: 413 ft: 2810 corp: 623/312Kb lim: 4096 exec/s: 5675 rss: 602Mb L: 805/3883 MS: 1 EraseBytes-
#1521094	REDUCE cov: 413 ft: 2810 corp: 623/312Kb lim: 4096 exec/s: 5675 rss: 602Mb L: 1141/3883 MS: 4 ShuffleBytes-ChangeBit-InsertByte-EraseBytes-
#1522550	REDUCE cov: 413 ft: 2810 corp: 623/312Kb lim: 4096 exec/s: 5660 rss: 602Mb L: 790/3883 MS: 1 EraseBytes-
#1523011	REDUCE cov: 413 ft: 2810 corp: 623/312Kb lim: 4096 exec/s: 5661 rss: 602Mb L: 1218/3883 MS: 2 ShuffleBytes-EraseBytes-
#1523454	REDUCE cov: 413 ft: 2810 corp: 623/312Kb lim: 4096 exec/s: 5663 rss: 602Mb L: 1082/3883 MS: 3 InsertByte-ChangeASCIIInt-EraseBytes-
#1523487	REDUCE cov: 413 ft: 2810 corp: 623/312Kb lim: 4096 exec/s: 5663 rss: 602Mb L: 1780/3883 MS: 3 CopyPart-ChangeByte-EraseBytes-
#1524733	REDUCE cov: 413 ft: 2810 corp: 623/312Kb lim: 4096 exec/s: 5647 rss: 602Mb L: 788/3883 MS: 1 EraseBytes-
#1528615	REDUCE cov: 413 ft: 2810 corp: 623/312Kb lim: 4096 exec/s: 5578 rss: 602Mb L: 1833/3883 MS: 1 EraseBytes-
#1529704	REDUCE cov: 413 ft: 2810 corp: 623/312Kb lim: 4096 exec/s: 5562 rss: 602Mb L: 1197/3883 MS: 1 EraseBytes-
#1530922	REDUCE cov: 413 ft: 2810 corp: 623/312Kb lim: 4096 exec/s: 5546 rss: 602Mb L: 769/3883 MS: 2 PersAutoDict-EraseBytes- DE: "K\210l\004\342-\342?"-
#1536226	REDUCE cov: 413 ft: 2810 corp: 623/311Kb lim: 4096 exec/s: 5506 rss: 602Mb L: 2120/3883 MS: 2 ChangeByte-EraseBytes-
#1536278	REDUCE cov: 413 ft: 2810 corp: 623/311Kb lim: 4096 exec/s: 5506 rss: 602Mb L: 283/3883 MS: 2 InsertRepeatedBytes-EraseBytes-
#1538651	REDUCE cov: 413 ft: 2810 corp: 623/311Kb lim: 4096 exec/s: 5456 rss: 602Mb L: 1550/3883 MS: 4 ChangeBit-InsertRepeatedBytes-ChangeBinInt-EraseBytes-
#1538995	REDUCE cov: 413 ft: 2810 corp: 623/311Kb lim: 4096 exec/s: 5457 rss: 602Mb L: 1435/3883 MS: 4 ShuffleBytes-InsertByte-InsertRepeatedBytes-EraseBytes-
#1549936	REDUCE cov: 413 ft: 2810 corp: 623/311Kb lim: 4096 exec/s: 5381 rss: 602Mb L: 819/3883 MS: 3 PersAutoDict-EraseBytes-CMP- DE: "\001\000\000\000"-"\377\377\377\377"-
#1551243	REDUCE cov: 413 ft: 2810 corp: 623/311Kb lim: 4096 exec/s: 5386 rss: 602Mb L: 761/3883 MS: 2 ChangeBit-EraseBytes-
#1557027	REDUCE cov: 413 ft: 2810 corp: 623/311Kb lim: 4096 exec/s: 5350 rss: 602Mb L: 191/3883 MS: 5 ChangeByte-ShuffleBytes-EraseBytes-CopyPart-PersAutoDict- DE: "\004\000\000\000\000\000\000\000"-
#1560173	REDUCE cov: 413 ft: 2810 corp: 623/311Kb lim: 4096 exec/s: 5324 rss: 602Mb L: 1798/3883 MS: 1 EraseBytes-
#1560220	REDUCE cov: 413 ft: 2810 corp: 623/311Kb lim: 4096 exec/s: 5324 rss: 602Mb L: 2277/3883 MS: 2 ShuffleBytes-EraseBytes-
#1560762	REDUCE cov: 413 ft: 2810 corp: 623/311Kb lim: 4096 exec/s: 5326 rss: 602Mb L: 2084/3883 MS: 2 ChangeBinInt-EraseBytes-
#1563198	REDUCE cov: 413 ft: 2810 corp: 623/311Kb lim: 4096 exec/s: 5317 rss: 602Mb L: 2217/3883 MS: 1 EraseBytes-
#1564927	REDUCE cov: 413 ft: 2810 corp: 623/311Kb lim: 4096 exec/s: 5304 rss: 602Mb L: 363/3883 MS: 4 EraseBytes-CopyPart-InsertByte-InsertByte-
#1565439	REDUCE cov: 413 ft: 2810 corp: 623/311Kb lim: 4096 exec/s: 5306 rss: 602Mb L: 3368/3883 MS: 1 EraseBytes-
#1573552	REDUCE cov: 413 ft: 2810 corp: 623/310Kb lim: 4096 exec/s: 5280 rss: 602Mb L: 1404/3883 MS: 2 ChangeByte-EraseBytes-
#1573989	REDUCE cov: 413 ft: 2810 corp: 623/310Kb lim: 4096 exec/s: 5281 rss: 602Mb L: 489/3883 MS: 2 ChangeBinInt-EraseBytes-
#1580129	REDUCE cov: 413 ft: 2810 corp: 623/310Kb lim: 4096 exec/s: 5249 rss: 602Mb L: 2182/3883 MS: 1 EraseBytes-
#1587354	REDUCE cov: 413 ft: 2810 corp: 623/310Kb lim: 4096 exec/s: 5221 rss: 602Mb L: 371/3883 MS: 1 EraseBytes-
#1587360	REDUCE cov: 413 ft: 2810 corp: 623/310Kb lim: 4096 exec/s: 5221 rss: 602Mb L: 2320/3883 MS: 1 EraseBytes-
#1592705	REDUCE cov: 413 ft: 2810 corp: 623/310Kb lim: 4096 exec/s: 5187 rss: 602Mb L: 876/3883 MS: 1 EraseBytes-
#1592882	REDUCE cov: 413 ft: 2810 corp: 623/310Kb lim: 4096 exec/s: 5188 rss: 602Mb L: 2004/3883 MS: 2 ChangeASCIIInt-EraseBytes-
#1595287	REDUCE cov: 413 ft: 2810 corp: 623/310Kb lim: 4096 exec/s: 5179 rss: 602Mb L: 334/3883 MS: 3 ShuffleBytes-EraseBytes-CopyPart-
#1596866	REDUCE cov: 413 ft: 2810 corp: 623/310Kb lim: 4096 exec/s: 5167 rss: 602Mb L: 1778/3883 MS: 3 ChangeBit-InsertByte-EraseBytes-
#1597203	REDUCE cov: 413 ft: 2810 corp: 623/310Kb lim: 4096 exec/s: 5168 rss: 602Mb L: 2876/3883 MS: 2 ChangeASCIIInt-EraseBytes-
#1597575	REDUCE cov: 413 ft: 2810 corp: 623/310Kb lim: 4096 exec/s: 5170 rss: 602Mb L: 1164/3883 MS: 2 ChangeByte-EraseBytes-
#1598419	REDUCE cov: 413 ft: 2810 corp: 623/310Kb lim: 4096 exec/s: 5156 rss: 602Mb L: 109/3883 MS: 2 ChangeBit-EraseBytes-
#1600400	REDUCE cov: 413 ft: 2810 corp: 623/310Kb lim: 4096 exec/s: 5145 rss: 602Mb L: 453/3883 MS: 1 EraseBytes-
#1600951	REDUCE cov: 413 ft: 2810 corp: 623/310Kb lim: 4096 exec/s: 5147 rss: 602Mb L: 505/3883 MS: 4 ChangeByte-InsertByte-ChangeBit-EraseBytes-
#1602108	REDUCE cov: 413 ft: 2810 corp: 623/310Kb lim: 4096 exec/s: 5151 rss: 602Mb L: 2260/3883 MS: 2 ShuffleBytes-EraseBytes-
#1602544	REDUCE cov: 413 ft: 2810 corp: 623/310Kb lim: 4096 exec/s: 5136 rss: 602Mb L: 2826/3883 MS: 1 EraseBytes-
#1604732	REDUCE cov: 413 ft: 2810 corp: 623/310Kb lim: 4096 exec/s: 5126 rss: 602Mb L: 69/3883 MS: 1 EraseBytes-
#1606142	REDUCE cov: 413 ft: 2810 corp: 623/310Kb lim: 4096 exec/s: 5131 rss: 602Mb L: 356/3883 MS: 5 InsertByte-CopyPart-EraseBytes-CopyPart-CopyPart-
#1614486	REDUCE cov: 413 ft: 2810 corp: 623/310Kb lim: 4096 exec/s: 5077 rss: 602Mb L: 2417/3883 MS: 3 ChangeBinInt-ShuffleBytes-EraseBytes-
#1616491	REDUCE cov: 413 ft: 2810 corp: 623/310Kb lim: 4096 exec/s: 5067 rss: 602Mb L: 1102/3883 MS: 1 EraseBytes-
#1621237	REDUCE cov: 413 ft: 2810 corp: 623/310Kb lim: 4096 exec/s: 5050 rss: 602Mb L: 808/3883 MS: 1 EraseBytes-
#1624089	REDUCE cov: 413 ft: 2810 corp: 623/310Kb lim: 4096 exec/s: 5028 rss: 602Mb L: 1406/3883 MS: 1 EraseBytes-
#1624885	REDUCE cov: 413 ft: 2810 corp: 623/310Kb lim: 4096 exec/s: 5030 rss: 602Mb L: 974/3883 MS: 1 EraseBytes-
#1626036	REDUCE cov: 413 ft: 2810 corp: 623/310Kb lim: 4096 exec/s: 5034 rss: 602Mb L: 1744/3883 MS: 1 EraseBytes-
#1632145	REDUCE cov: 413 ft: 2810 corp: 623/309Kb lim: 4096 exec/s: 4991 rss: 602Mb L: 1626/3883 MS: 1 EraseBytes-
#1633163	REDUCE cov: 413 ft: 2810 corp: 623/309Kb lim: 4096 exec/s: 4994 rss: 602Mb L: 1804/3883 MS: 1 EraseBytes-
#1635212	REDUCE cov: 413 ft: 2810 corp: 623/309Kb lim: 4096 exec/s: 4985 rss: 602Mb L: 1397/3883 MS: 2 ShuffleBytes-EraseBytes-
#1636618	REDUCE cov: 413 ft: 2810 corp: 623/309Kb lim: 4096 exec/s: 4974 rss: 602Mb L: 3255/3883 MS: 4 ChangeByte-ShuffleBytes-ChangeBit-EraseBytes-
#1645123	REDUCE cov: 413 ft: 2810 corp: 623/309Kb lim: 4096 exec/s: 4940 rss: 602Mb L: 1095/3883 MS: 1 EraseBytes-
#1654926	REDUCE cov: 413 ft: 2810 corp: 623/309Kb lim: 4096 exec/s: 4896 rss: 602Mb L: 691/3883 MS: 5 ChangeByte-InsertByte-PersAutoDict-ChangeBinInt-EraseBytes- DE: "\377\377\377\377\377\377\377\001"-
#1655692	REDUCE cov: 413 ft: 2810 corp: 623/309Kb lim: 4096 exec/s: 4884 rss: 602Mb L: 1420/3883 MS: 1 EraseBytes-
#1656204	REDUCE cov: 413 ft: 2810 corp: 623/309Kb lim: 4096 exec/s: 4885 rss: 602Mb L: 2401/3883 MS: 2 ChangeBinInt-EraseBytes-
#1656385	REDUCE cov: 413 ft: 2810 corp: 623/308Kb lim: 4096 exec/s: 4886 rss: 602Mb L: 1464/3883 MS: 1 EraseBytes-
#1656925	REDUCE cov: 413 ft: 2810 corp: 623/308Kb lim: 4096 exec/s: 4887 rss: 602Mb L: 1793/3883 MS: 4 CMP-ChangeBit-ChangeBinInt-EraseBytes- DE: "t\005\000\000\000\000\000\000"-
#1659316	REDUCE cov: 413 ft: 2810 corp: 623/308Kb lim: 4096 exec/s: 4880 rss: 602Mb L: 2280/3883 MS: 1 EraseBytes-
#1662675	REDUCE cov: 413 ft: 2810 corp: 623/308Kb lim: 4096 exec/s: 4861 rss: 602Mb L: 2222/3883 MS: 4 ChangeASCIIInt-ChangeBinInt-CMP-EraseBytes- DE: "\001\000\000\000"-
#1665459	REDUCE cov: 413 ft: 2810 corp: 623/308Kb lim: 4096 exec/s: 4855 rss: 602Mb L: 866/3883 MS: 1 EraseBytes-
#1665482	REDUCE cov: 413 ft: 2810 corp: 623/308Kb lim: 4096 exec/s: 4855 rss: 602Mb L: 2016/3883 MS: 3 ChangeBit-ChangeByte-EraseBytes-
#1667454	REDUCE cov: 413 ft: 2810 corp: 623/308Kb lim: 4096 exec/s: 4847 rss: 602Mb L: 98/3883 MS: 2 ChangeBit-EraseBytes-
#1668938	REDUCE cov: 413 ft: 2810 corp: 623/308Kb lim: 4096 exec/s: 4837 rss: 602Mb L: 414/3883 MS: 1 EraseBytes-
#1669480	REDUCE cov: 413 ft: 2810 corp: 623/308Kb lim: 4096 exec/s: 4825 rss: 602Mb L: 3219/3883 MS: 2 ChangeBit-EraseBytes-
#1670786	REDUCE cov: 413 ft: 2810 corp: 623/308Kb lim: 4096 exec/s: 4828 rss: 602Mb L: 83/3883 MS: 1 EraseBytes-
#1672696	RELOAD cov: 415 ft: 2812 corp: 624/311Kb lim: 4096 exec/s: 4820 rss: 602Mb
#1673384	REDUCE cov: 415 ft: 2812 corp: 624/311Kb lim: 4096 exec/s: 4822 rss: 602Mb L: 3504/3883 MS: 3 EraseBytes-ChangeASCIIInt-ChangeByte-
#1674780	REDUCE cov: 415 ft: 2812 corp: 624/311Kb lim: 4096 exec/s: 4812 rss: 602Mb L: 1588/3883 MS: 4 ChangeByte-ChangeASCIIInt-ShuffleBytes-EraseBytes-
#1675457	REDUCE cov: 415 ft: 2812 corp: 624/311Kb lim: 4096 exec/s: 4800 rss: 602Mb L: 2204/3883 MS: 2 ChangeASCIIInt-EraseBytes-
#1676513	REDUCE cov: 415 ft: 2812 corp: 624/311Kb lim: 4096 exec/s: 4803 rss: 602Mb L: 3802/3802 MS: 1 EraseBytes-
#1677871	REDUCE cov: 415 ft: 2812 corp: 624/311Kb lim: 4096 exec/s: 4793 rss: 602Mb L: 3032/3802 MS: 1 EraseBytes-
#1678247	REDUCE cov: 415 ft: 2812 corp: 624/311Kb lim: 4096 exec/s: 4794 rss: 602Mb L: 858/3802 MS: 1 EraseBytes-
#1680150	REDUCE cov: 415 ft: 2812 corp: 624/310Kb lim: 4096 exec/s: 4786 rss: 602Mb L: 2023/3802 MS: 1 EraseBytes-
#1682872	REDUCE cov: 415 ft: 2812 corp: 624/310Kb lim: 4096 exec/s: 4780 rss: 602Mb L: 2095/3802 MS: 1 EraseBytes-
#1683063	REDUCE cov: 415 ft: 2812 corp: 624/310Kb lim: 4096 exec/s: 4781 rss: 602Mb L: 2353/3802 MS: 1 EraseBytes-
#1683901	REDUCE cov: 415 ft: 2812 corp: 624/310Kb lim: 4096 exec/s: 4783 rss: 602Mb L: 454/3802 MS: 1 EraseBytes-
#1683912	REDUCE cov: 415 ft: 2812 corp: 624/310Kb lim: 4096 exec/s: 4783 rss: 602Mb L: 507/3802 MS: 1 EraseBytes-
#1692816	REDUCE cov: 415 ft: 2812 corp: 624/310Kb lim: 4096 exec/s: 4741 rss: 602Mb L: 1963/3802 MS: 5 ChangeByte-ChangeByte-ChangeBinInt-ChangeBit-EraseBytes-
#1694228	REDUCE cov: 415 ft: 2812 corp: 624/310Kb lim: 4096 exec/s: 4732 rss: 602Mb L: 1606/3802 MS: 1 EraseBytes-
#1694780	REDUCE cov: 415 ft: 2812 corp: 624/310Kb lim: 4096 exec/s: 4734 rss: 602Mb L: 1817/3802 MS: 2 ChangeByte-EraseBytes-
#1698043	RELOAD cov: 415 ft: 2814 corp: 625/313Kb lim: 4096 exec/s: 4729 rss: 602Mb
#1700370	REDUCE cov: 415 ft: 2814 corp: 625/313Kb lim: 4096 exec/s: 4710 rss: 602Mb L: 740/3802 MS: 1 EraseBytes-
#1704320	REDUCE cov: 415 ft: 2814 corp: 625/313Kb lim: 4096 exec/s: 4695 rss: 602Mb L: 797/3802 MS: 1 EraseBytes-
#1708202	REDUCE cov: 415 ft: 2814 corp: 625/313Kb lim: 4096 exec/s: 4692 rss: 602Mb L: 683/3802 MS: 2 ShuffleBytes-EraseBytes-
#1712516	REDUCE cov: 415 ft: 2814 corp: 625/313Kb lim: 4096 exec/s: 4679 rss: 602Mb L: 850/3802 MS: 2 ChangeByte-EraseBytes-
#1712517	REDUCE cov: 415 ft: 2814 corp: 625/313Kb lim: 4096 exec/s: 4679 rss: 602Mb L: 1382/3802 MS: 1 EraseBytes-
#1715300	REDUCE cov: 415 ft: 2814 corp: 625/313Kb lim: 4096 exec/s: 4661 rss: 602Mb L: 1888/3802 MS: 1 EraseBytes-
#1716086	REDUCE cov: 415 ft: 2814 corp: 625/313Kb lim: 4096 exec/s: 4663 rss: 602Mb L: 3158/3802 MS: 1 EraseBytes-
#1718589	REDUCE cov: 415 ft: 2814 corp: 625/313Kb lim: 4096 exec/s: 4657 rss: 602Mb L: 1608/3802 MS: 1 EraseBytes-
#1718661	REDUCE cov: 415 ft: 2814 corp: 625/312Kb lim: 4096 exec/s: 4657 rss: 602Mb L: 1959/3802 MS: 2 EraseBytes-CopyPart-
#1718835	REDUCE cov: 415 ft: 2814 corp: 625/312Kb lim: 4096 exec/s: 4658 rss: 602Mb L: 1974/3802 MS: 2 EraseBytes-PersAutoDict- DE: "\377\377\377\377\377\377\377\377"-
#1720369	REDUCE cov: 415 ft: 2814 corp: 625/312Kb lim: 4096 exec/s: 4649 rss: 602Mb L: 843/3802 MS: 4 ChangeBit-ShuffleBytes-ChangeByte-EraseBytes-
#1721637	REDUCE cov: 415 ft: 2814 corp: 625/312Kb lim: 4096 exec/s: 4640 rss: 602Mb L: 1377/3802 MS: 1 EraseBytes-
#1721988	REDUCE cov: 415 ft: 2814 corp: 625/312Kb lim: 4096 exec/s: 4641 rss: 602Mb L: 1377/3802 MS: 1 EraseBytes-
#1722761	REDUCE cov: 415 ft: 2814 corp: 625/312Kb lim: 4096 exec/s: 4643 rss: 602Mb L: 2624/3802 MS: 3 ChangeByte-ChangeBinInt-EraseBytes-
#1727088	REDUCE cov: 415 ft: 2814 corp: 625/312Kb lim: 4096 exec/s: 4630 rss: 602Mb L: 849/3802 MS: 1 EraseBytes-
#1727665	REDUCE cov: 415 ft: 2814 corp: 625/311Kb lim: 4096 exec/s: 4619 rss: 602Mb L: 2843/3802 MS: 1 EraseBytes-
#1728792	REDUCE cov: 415 ft: 2814 corp: 625/311Kb lim: 4096 exec/s: 4622 rss: 602Mb L: 699/3802 MS: 2 ShuffleBytes-EraseBytes-
#1731701	REDUCE cov: 415 ft: 2814 corp: 625/311Kb lim: 4096 exec/s: 4605 rss: 602Mb L: 1939/3802 MS: 3 ShuffleBytes-ChangeBinInt-EraseBytes-
#1734601	REDUCE cov: 415 ft: 2814 corp: 625/311Kb lim: 4096 exec/s: 4601 rss: 602Mb L: 217/3802 MS: 2 PersAutoDict-EraseBytes- DE: "K\210l\004\342-\342?"-
#1738859	REDUCE cov: 415 ft: 2814 corp: 625/311Kb lim: 4096 exec/s: 4588 rss: 602Mb L: 1888/3802 MS: 2 ChangeASCIIInt-EraseBytes-
#1743952	REDUCE cov: 415 ft: 2814 corp: 625/311Kb lim: 4096 exec/s: 4565 rss: 602Mb L: 1965/3802 MS: 1 EraseBytes-
#1749293	REDUCE cov: 415 ft: 2814 corp: 625/311Kb lim: 4096 exec/s: 4555 rss: 602Mb L: 3368/3802 MS: 1 EraseBytes-
#1751582	REDUCE cov: 415 ft: 2814 corp: 625/311Kb lim: 4096 exec/s: 4549 rss: 602Mb L: 1593/3802 MS: 2 ChangeByte-EraseBytes-
#1754618	REDUCE cov: 415 ft: 2814 corp: 625/311Kb lim: 4096 exec/s: 4533 rss: 602Mb L: 1905/3802 MS: 5 ChangeBit-ChangeByte-PersAutoDict-ChangeBinInt-EraseBytes- DE: "\377\377\012\270\240uz\220"-
#1756881	REDUCE cov: 415 ft: 2814 corp: 625/311Kb lim: 4096 exec/s: 4528 rss: 602Mb L: 1351/3802 MS: 1 EraseBytes-
#1760763	REDUCE cov: 415 ft: 2814 corp: 625/311Kb lim: 4096 exec/s: 4514 rss: 602Mb L: 908/3802 MS: 1 EraseBytes-
#1761204	REDUCE cov: 415 ft: 2814 corp: 625/311Kb lim: 4096 exec/s: 4504 rss: 602Mb L: 500/3802 MS: 1 EraseBytes-
#1768202	REDUCE cov: 415 ft: 2814 corp: 625/311Kb lim: 4096 exec/s: 4487 rss: 602Mb L: 1105/3802 MS: 2 PersAutoDict-EraseBytes- DE: "\377\377"-
#1772905	REDUCE cov: 415 ft: 2814 corp: 625/311Kb lim: 4096 exec/s: 4465 rss: 602Mb L: 1211/3802 MS: 2 EraseBytes-InsertByte-
#1773626	REDUCE cov: 415 ft: 2814 corp: 625/311Kb lim: 4096 exec/s: 4456 rss: 602Mb L: 54/3802 MS: 1 EraseBytes-
#1773822	REDUCE cov: 415 ft: 2814 corp: 625/311Kb lim: 4096 exec/s: 4456 rss: 602Mb L: 1698/3802 MS: 1 EraseBytes-
#1775505	REDUCE cov: 415 ft: 2814 corp: 625/311Kb lim: 4096 exec/s: 4461 rss: 602Mb L: 2616/3802 MS: 1 EraseBytes-
#1777958	REDUCE cov: 415 ft: 2814 corp: 625/311Kb lim: 4096 exec/s: 4444 rss: 602Mb L: 726/3802 MS: 1 EraseBytes-
#1780079	REDUCE cov: 415 ft: 2814 corp: 625/311Kb lim: 4096 exec/s: 4439 rss: 602Mb L: 1884/3802 MS: 2 ChangeBit-EraseBytes-
#1783789	REDUCE cov: 415 ft: 2814 corp: 625/310Kb lim: 4096 exec/s: 4426 rss: 602Mb L: 2774/3802 MS: 1 EraseBytes-
#1784151	REDUCE cov: 415 ft: 2814 corp: 625/310Kb lim: 4096 exec/s: 4427 rss: 602Mb L: 1681/3802 MS: 2 PersAutoDict-EraseBytes- DE: "\377\377\377\000"-
#1785725	REDUCE cov: 415 ft: 2814 corp: 625/310Kb lim: 4096 exec/s: 4420 rss: 602Mb L: 3273/3802 MS: 2 ShuffleBytes-EraseBytes-
#1789371	REDUCE cov: 415 ft: 2814 corp: 625/310Kb lim: 4096 exec/s: 4407 rss: 602Mb L: 2297/3802 MS: 1 EraseBytes-
#1790175	REDUCE cov: 415 ft: 2814 corp: 625/310Kb lim: 4096 exec/s: 4409 rss: 602Mb L: 1244/3802 MS: 1 EraseBytes-
#1790360	REDUCE cov: 415 ft: 2814 corp: 625/310Kb lim: 4096 exec/s: 4409 rss: 602Mb L: 1225/3802 MS: 5 ShuffleBytes-ShuffleBytes-ChangeBit-ChangeByte-EraseBytes-
==25286== libFuzzer: run interrupted; exiting
Int-ShuffleBytes-CopyPart-EraseBytes-
#5375932	REDUCE cov: 309 ft: 1516 corp: 348/91Kb lim: 4096 exec/s: 23172 rss: 599Mb L: 431/4066 MS: 1 EraseBytes-
#5376058	REDUCE cov: 309 ft: 1516 corp: 348/91Kb lim: 4096 exec/s: 23172 rss: 599Mb L: 47/4066 MS: 1 EraseBytes-
#5376840	REDUCE cov: 309 ft: 1516 corp: 348/91Kb lim: 4096 exec/s: 23176 rss: 599Mb L: 508/4066 MS: 2 ChangeASCIIInt-EraseBytes-
#5380211	REDUCE cov: 309 ft: 1516 corp: 348/91Kb lim: 4096 exec/s: 23190 rss: 599Mb L: 994/4066 MS: 1 EraseBytes-
#5392498	REDUCE cov: 309 ft: 1516 corp: 348/91Kb lim: 4096 exec/s: 23143 rss: 599Mb L: 426/4066 MS: 2 ChangeBit-EraseBytes-
#5404293	REDUCE cov: 309 ft: 1516 corp: 348/91Kb lim: 4096 exec/s: 23194 rss: 599Mb L: 1379/4066 MS: 2 ChangeBit-EraseBytes-
#5407984	REDUCE cov: 309 ft: 1516 corp: 348/91Kb lim: 4096 exec/s: 23210 rss: 599Mb L: 44/4066 MS: 1 EraseBytes-
#5412036	REDUCE cov: 309 ft: 1517 corp: 349/95Kb lim: 4096 exec/s: 23128 rss: 599Mb L: 3972/4066 MS: 2 ChangeBinInt-CopyPart-
#5413612	REDUCE cov: 309 ft: 1517 corp: 349/95Kb lim: 4096 exec/s: 23135 rss: 599Mb L: 798/4066 MS: 1 EraseBytes-
#5414403	REDUCE cov: 309 ft: 1517 corp: 349/95Kb lim: 4096 exec/s: 23138 rss: 599Mb L: 260/4066 MS: 1 EraseBytes-
#5419517	REDUCE cov: 309 ft: 1517 corp: 349/95Kb lim: 4096 exec/s: 23160 rss: 599Mb L: 1377/4066 MS: 1 EraseBytes-
#5419854	REDUCE cov: 309 ft: 1517 corp: 349/95Kb lim: 4096 exec/s: 23161 rss: 599Mb L: 1337/4066 MS: 2 ShuffleBytes-EraseBytes-
#5428551	REDUCE cov: 309 ft: 1517 corp: 349/95Kb lim: 4096 exec/s: 23198 rss: 599Mb L: 802/4066 MS: 2 ChangeByte-EraseBytes-
#5436954	REDUCE cov: 309 ft: 1517 corp: 349/95Kb lim: 4096 exec/s: 23234 rss: 599Mb L: 527/4066 MS: 3 ShuffleBytes-ChangeBinInt-EraseBytes-
#5450685	REDUCE cov: 309 ft: 1517 corp: 349/95Kb lim: 4096 exec/s: 23194 rss: 599Mb L: 83/4066 MS: 1 EraseBytes-
#5468414	REDUCE cov: 309 ft: 1517 corp: 349/95Kb lim: 4096 exec/s: 23269 rss: 599Mb L: 759/4066 MS: 1 EraseBytes-
#5488208	REDUCE cov: 309 ft: 1517 corp: 349/95Kb lim: 4096 exec/s: 23255 rss: 599Mb L: 156/4066 MS: 1 EraseBytes-
#5519419	REDUCE cov: 309 ft: 1517 corp: 349/95Kb lim: 4096 exec/s: 23288 rss: 599Mb L: 681/4066 MS: 1 EraseBytes-
#5531945	REDUCE cov: 309 ft: 1517 corp: 349/95Kb lim: 4096 exec/s: 23243 rss: 599Mb L: 1332/4066 MS: 1 EraseBytes-
#5542261	REDUCE cov: 309 ft: 1517 corp: 349/95Kb lim: 4096 exec/s: 23286 rss: 599Mb L: 133/4066 MS: 1 EraseBytes-
#5545786	REDUCE cov: 309 ft: 1517 corp: 349/95Kb lim: 4096 exec/s: 23301 rss: 599Mb L: 90/4066 MS: 5 ChangeASCIIInt-EraseBytes-ShuffleBytes-InsertByte-CMP- DE: "&\000\000\000\000\000\000\000"-
#5546951	REDUCE cov: 309 ft: 1517 corp: 349/95Kb lim: 4096 exec/s: 23306 rss: 599Mb L: 671/4066 MS: 5 InsertRepeatedBytes-ShuffleBytes-ChangeBit-ChangeBinInt-EraseBytes-
#5551167	REDUCE cov: 309 ft: 1517 corp: 349/95Kb lim: 4096 exec/s: 23226 rss: 599Mb L: 41/4066 MS: 1 EraseBytes-
#5553789	REDUCE cov: 309 ft: 1517 corp: 349/95Kb lim: 4096 exec/s: 23237 rss: 599Mb L: 40/4066 MS: 2 ShuffleBytes-EraseBytes-
#5567928	REDUCE cov: 309 ft: 1517 corp: 349/95Kb lim: 4096 exec/s: 23296 rss: 599Mb L: 1322/4066 MS: 2 ChangeASCIIInt-EraseBytes-
#5581729	REDUCE cov: 309 ft: 1517 corp: 349/95Kb lim: 4096 exec/s: 23257 rss: 599Mb L: 212/4066 MS: 1 EraseBytes-
#5595079	REDUCE cov: 309 ft: 1517 corp: 349/95Kb lim: 4096 exec/s: 23312 rss: 599Mb L: 156/4066 MS: 1 EraseBytes-
#5601276	REDUCE cov: 309 ft: 1517 corp: 349/95Kb lim: 4096 exec/s: 23338 rss: 599Mb L: 116/4066 MS: 2 CrossOver-EraseBytes-
#5647118	REDUCE cov: 309 ft: 1517 corp: 349/95Kb lim: 4096 exec/s: 23335 rss: 599Mb L: 523/4066 MS: 2 ChangeByte-EraseBytes-
#5649009	REDUCE cov: 309 ft: 1517 corp: 349/94Kb lim: 4096 exec/s: 23343 rss: 599Mb L: 475/4066 MS: 1 EraseBytes-
#5656435	REDUCE cov: 309 ft: 1517 corp: 349/94Kb lim: 4096 exec/s: 23373 rss: 599Mb L: 410/4066 MS: 2 CopyPart-EraseBytes-
#5659481	REDUCE cov: 309 ft: 1517 corp: 349/94Kb lim: 4096 exec/s: 23386 rss: 599Mb L: 81/4066 MS: 1 EraseBytes-
#5687333	REDUCE cov: 309 ft: 1517 corp: 349/94Kb lim: 4096 exec/s: 23404 rss: 599Mb L: 495/4066 MS: 2 ChangeBinInt-EraseBytes-
#5696819	REDUCE cov: 309 ft: 1517 corp: 349/94Kb lim: 4096 exec/s: 23347 rss: 599Mb L: 1404/4066 MS: 1 EraseBytes-
#5697215	REDUCE cov: 309 ft: 1517 corp: 349/94Kb lim: 4096 exec/s: 23349 rss: 599Mb L: 208/4066 MS: 1 EraseBytes-
#5698746	REDUCE cov: 309 ft: 1517 corp: 349/94Kb lim: 4096 exec/s: 23355 rss: 599Mb L: 206/4066 MS: 1 EraseBytes-
#5715997	REDUCE cov: 309 ft: 1517 corp: 349/94Kb lim: 4096 exec/s: 23330 rss: 599Mb L: 2675/4066 MS: 1 EraseBytes-
#5732419	REDUCE cov: 309 ft: 1517 corp: 349/94Kb lim: 4096 exec/s: 23397 rss: 599Mb L: 417/4066 MS: 2 InsertByte-EraseBytes-
#5741915	REDUCE cov: 309 ft: 1517 corp: 349/94Kb lim: 4096 exec/s: 23341 rss: 599Mb L: 402/4066 MS: 1 EraseBytes-
#5751383	REDUCE cov: 309 ft: 1517 corp: 349/94Kb lim: 4096 exec/s: 23379 rss: 599Mb L: 1010/4066 MS: 2 ShuffleBytes-EraseBytes-
#5780149	REDUCE cov: 309 ft: 1517 corp: 349/94Kb lim: 4096 exec/s: 23401 rss: 599Mb L: 222/4066 MS: 1 EraseBytes-
#5781150	REDUCE cov: 309 ft: 1517 corp: 349/94Kb lim: 4096 exec/s: 23405 rss: 599Mb L: 417/4066 MS: 1 EraseBytes-
#5800876	REDUCE cov: 309 ft: 1517 corp: 349/94Kb lim: 4096 exec/s: 23390 rss: 599Mb L: 500/4066 MS: 1 EraseBytes-
#5804389	REDUCE cov: 309 ft: 1517 corp: 349/94Kb lim: 4096 exec/s: 23404 rss: 599Mb L: 201/4066 MS: 2 ChangeBinInt-EraseBytes-
#5827060	REDUCE cov: 309 ft: 1517 corp: 349/94Kb lim: 4096 exec/s: 23401 rss: 599Mb L: 923/4066 MS: 1 EraseBytes-
#5834015	REDUCE cov: 309 ft: 1517 corp: 349/94Kb lim: 4096 exec/s: 23429 rss: 599Mb L: 670/4066 MS: 2 InsertRepeatedBytes-EraseBytes-
#5841308	REDUCE cov: 309 ft: 1517 corp: 349/94Kb lim: 4096 exec/s: 23459 rss: 599Mb L: 485/4066 MS: 3 ChangeByte-ChangeBinInt-EraseBytes-
#5852350	REDUCE cov: 309 ft: 1517 corp: 349/94Kb lim: 4096 exec/s: 23409 rss: 599Mb L: 477/4066 MS: 2 CopyPart-EraseBytes-
#5852571	REDUCE cov: 309 ft: 1517 corp: 349/94Kb lim: 4096 exec/s: 23410 rss: 599Mb L: 188/4066 MS: 1 EraseBytes-
#5854732	REDUCE cov: 309 ft: 1517 corp: 349/94Kb lim: 4096 exec/s: 23418 rss: 599Mb L: 998/4066 MS: 1 EraseBytes-
#5859520	REDUCE cov: 309 ft: 1517 corp: 349/94Kb lim: 4096 exec/s: 23438 rss: 599Mb L: 1306/4066 MS: 1 EraseBytes-
#5861536	REDUCE cov: 309 ft: 1517 corp: 349/94Kb lim: 4096 exec/s: 23446 rss: 599Mb L: 145/4066 MS: 1 EraseBytes-
#5885748	REDUCE cov: 309 ft: 1517 corp: 349/94Kb lim: 4096 exec/s: 23449 rss: 599Mb L: 88/4066 MS: 2 ChangeBit-EraseBytes-
#5900624	REDUCE cov: 309 ft: 1517 corp: 349/94Kb lim: 4096 exec/s: 23415 rss: 599Mb L: 413/4066 MS: 1 EraseBytes-
#5901426	REDUCE cov: 309 ft: 1517 corp: 349/94Kb lim: 4096 exec/s: 23418 rss: 599Mb L: 45/4066 MS: 2 CopyPart-EraseBytes-
#5904442	REDUCE cov: 309 ft: 1517 corp: 349/94Kb lim: 4096 exec/s: 23430 rss: 599Mb L: 1051/4066 MS: 1 EraseBytes-
#5905353	REDUCE cov: 309 ft: 1517 corp: 349/94Kb lim: 4096 exec/s: 23433 rss: 599Mb L: 1719/4066 MS: 1 EraseBytes-
#5909267	REDUCE cov: 309 ft: 1517 corp: 349/94Kb lim: 4096 exec/s: 23449 rss: 599Mb L: 656/4066 MS: 4 ShuffleBytes-InsertByte-CopyPart-EraseBytes-
#5915425	REDUCE cov: 309 ft: 1517 corp: 349/94Kb lim: 4096 exec/s: 23473 rss: 599Mb L: 176/4066 MS: 1 EraseBytes-
#5921389	REDUCE cov: 309 ft: 1517 corp: 349/94Kb lim: 4096 exec/s: 23497 rss: 599Mb L: 856/4066 MS: 4 PersAutoDict-ChangeByte-ChangeByte-EraseBytes- DE: "\000\000u\374\345\350\347\200"-
#5939255	REDUCE cov: 309 ft: 1517 corp: 349/94Kb lim: 4096 exec/s: 23475 rss: 599Mb L: 640/4066 MS: 1 EraseBytes-
#5969275	REDUCE cov: 309 ft: 1517 corp: 349/94Kb lim: 4096 exec/s: 23501 rss: 599Mb L: 164/4066 MS: 2 ShuffleBytes-EraseBytes-
#5970807	REDUCE cov: 309 ft: 1517 corp: 349/94Kb lim: 4096 exec/s: 23507 rss: 599Mb L: 180/4066 MS: 2 ChangeBit-EraseBytes-
#5996158	REDUCE cov: 309 ft: 1517 corp: 349/94Kb lim: 4096 exec/s: 23514 rss: 599Mb L: 77/4066 MS: 1 EraseBytes-
#6001067	REDUCE cov: 309 ft: 1517 corp: 349/94Kb lim: 4096 exec/s: 23533 rss: 599Mb L: 853/4066 MS: 2 InsertByte-EraseBytes-
#6006146	REDUCE cov: 309 ft: 1517 corp: 349/94Kb lim: 4096 exec/s: 23553 rss: 599Mb L: 152/4066 MS: 4 PersAutoDict-ChangeByte-PersAutoDict-EraseBytes- DE: "\005@\020\022"-"\000\000\000\000\000\000\000\002"-
#6017962	REDUCE cov: 309 ft: 1517 corp: 349/94Kb lim: 4096 exec/s: 23507 rss: 599Mb L: 409/4066 MS: 1 EraseBytes-
#6026843	RELOAD cov: 309 ft: 1518 corp: 350/94Kb lim: 4096 exec/s: 23542 rss: 599Mb
#6050269	REDUCE cov: 309 ft: 1518 corp: 350/94Kb lim: 4096 exec/s: 23541 rss: 599Mb L: 2841/4066 MS: 1 EraseBytes-
#6060890	REDUCE cov: 309 ft: 1518 corp: 350/94Kb lim: 4096 exec/s: 23583 rss: 599Mb L: 850/4066 MS: 1 EraseBytes-
#6067396	REDUCE cov: 309 ft: 1518 corp: 350/94Kb lim: 4096 exec/s: 23517 rss: 599Mb L: 848/4066 MS: 1 EraseBytes-
#6105227	REDUCE cov: 309 ft: 1518 corp: 350/94Kb lim: 4096 exec/s: 23572 rss: 599Mb L: 320/4066 MS: 1 EraseBytes-
#6106058	REDUCE cov: 309 ft: 1518 corp: 350/94Kb lim: 4096 exec/s: 23575 rss: 599Mb L: 470/4066 MS: 1 EraseBytes-
#6119931	REDUCE cov: 309 ft: 1518 corp: 350/94Kb lim: 4096 exec/s: 23629 rss: 599Mb L: 421/4066 MS: 2 ChangeByte-EraseBytes-
#6123764	REDUCE cov: 309 ft: 1518 corp: 350/94Kb lim: 4096 exec/s: 23552 rss: 599Mb L: 897/4066 MS: 3 ShuffleBytes-ChangeBinInt-EraseBytes-
#6127135	REDUCE cov: 309 ft: 1518 corp: 350/94Kb lim: 4096 exec/s: 23565 rss: 599Mb L: 416/4066 MS: 1 EraseBytes-
#6148925	REDUCE cov: 309 ft: 1518 corp: 350/94Kb lim: 4096 exec/s: 23559 rss: 599Mb L: 2308/4066 MS: 1 EraseBytes-
#6152112	REDUCE cov: 309 ft: 1518 corp: 350/94Kb lim: 4096 exec/s: 23571 rss: 599Mb L: 677/4066 MS: 2 ShuffleBytes-EraseBytes-
#6154244	REDUCE cov: 309 ft: 1518 corp: 350/94Kb lim: 4096 exec/s: 23579 rss: 599Mb L: 756/4066 MS: 2 ChangeByte-EraseBytes-
#6164075	REDUCE cov: 309 ft: 1518 corp: 350/94Kb lim: 4096 exec/s: 23617 rss: 599Mb L: 402/4066 MS: 1 EraseBytes-
#6189977	REDUCE cov: 309 ft: 1518 corp: 350/94Kb lim: 4096 exec/s: 23625 rss: 599Mb L: 327/4066 MS: 4 ChangeByte-ChangeBinInt-ShuffleBytes-EraseBytes-
#6199768	REDUCE cov: 309 ft: 1518 corp: 350/94Kb lim: 4096 exec/s: 23663 rss: 599Mb L: 514/4066 MS: 1 EraseBytes-
#6231989	REDUCE cov: 309 ft: 1518 corp: 350/94Kb lim: 4096 exec/s: 23606 rss: 599Mb L: 2297/4066 MS: 1 EraseBytes-
#6233530	REDUCE cov: 309 ft: 1518 corp: 350/94Kb lim: 4096 exec/s: 23611 rss: 599Mb L: 794/4066 MS: 1 EraseBytes-
#6248666	REDUCE cov: 309 ft: 1518 corp: 350/94Kb lim: 4096 exec/s: 23669 rss: 599Mb L: 18/4066 MS: 2 EraseBytes-ShuffleBytes-
#6260277	REDUCE cov: 309 ft: 1518 corp: 350/94Kb lim: 4096 exec/s: 23623 rss: 599Mb L: 1400/4066 MS: 1 EraseBytes-
#6271410	REDUCE cov: 309 ft: 1518 corp: 350/94Kb lim: 4096 exec/s: 23665 rss: 599Mb L: 97/4066 MS: 1 EraseBytes-
#6276756	REDUCE cov: 309 ft: 1518 corp: 350/94Kb lim: 4096 exec/s: 23685 rss: 599Mb L: 36/4066 MS: 1 EraseBytes-
#6304238	REDUCE cov: 309 ft: 1518 corp: 350/94Kb lim: 4096 exec/s: 23700 rss: 599Mb L: 112/4066 MS: 3 ChangeBinInt-CrossOver-EraseBytes-
#6322266	REDUCE cov: 309 ft: 1518 corp: 350/94Kb lim: 4096 exec/s: 23678 rss: 599Mb L: 15/4066 MS: 3 EraseBytes-ChangeBinInt-EraseBytes-
#6348863	REDUCE cov: 309 ft: 1518 corp: 350/94Kb lim: 4096 exec/s: 23689 rss: 599Mb L: 1282/4066 MS: 1 EraseBytes-
#6387572	REDUCE cov: 309 ft: 1518 corp: 350/94Kb lim: 4096 exec/s: 23657 rss: 599Mb L: 34/4066 MS: 1 EraseBytes-
#6395126	REDUCE cov: 309 ft: 1518 corp: 350/94Kb lim: 4096 exec/s: 23598 rss: 599Mb L: 409/4066 MS: 1 EraseBytes-
#6400277	REDUCE cov: 309 ft: 1518 corp: 350/94Kb lim: 4096 exec/s: 23617 rss: 599Mb L: 747/4066 MS: 1 EraseBytes-
#6400989	RELOAD cov: 309 ft: 1522 corp: 351/97Kb lim: 4096 exec/s: 23619 rss: 599Mb
#6410130	REDUCE cov: 309 ft: 1522 corp: 351/97Kb lim: 4096 exec/s: 23566 rss: 599Mb L: 655/4066 MS: 1 EraseBytes-
#6440457	REDUCE cov: 309 ft: 1522 corp: 351/97Kb lim: 4096 exec/s: 23419 rss: 599Mb L: 59/4066 MS: 1 EraseBytes-
#6455043	REDUCE cov: 309 ft: 1522 corp: 351/97Kb lim: 4096 exec/s: 23387 rss: 599Mb L: 2192/4066 MS: 2 ChangeByte-EraseBytes-
#6456714	REDUCE cov: 309 ft: 1522 corp: 351/97Kb lim: 4096 exec/s: 23393 rss: 599Mb L: 1704/4066 MS: 1 EraseBytes-
#6466440	REDUCE cov: 309 ft: 1522 corp: 351/97Kb lim: 4096 exec/s: 23429 rss: 599Mb L: 1139/4066 MS: 1 EraseBytes-
#6470697	REDUCE cov: 309 ft: 1522 corp: 351/97Kb lim: 4096 exec/s: 23359 rss: 599Mb L: 2142/4066 MS: 3 InsertByte-CopyPart-EraseBytes-
#6470967	REDUCE cov: 309 ft: 1522 corp: 351/97Kb lim: 4096 exec/s: 23360 rss: 599Mb L: 738/4066 MS: 5 CopyPart-ShuffleBytes-ChangeByte-ChangeByte-EraseBytes-
#6481291	REDUCE cov: 309 ft: 1522 corp: 351/97Kb lim: 4096 exec/s: 23398 rss: 599Mb L: 469/4066 MS: 2 ChangeBit-EraseBytes-
#6508148	REDUCE cov: 309 ft: 1522 corp: 351/97Kb lim: 4096 exec/s: 23326 rss: 599Mb L: 1009/4066 MS: 4 ChangeBit-ChangeBit-CopyPart-EraseBytes-
#6517873	REDUCE cov: 309 ft: 1522 corp: 351/97Kb lim: 4096 exec/s: 23278 rss: 599Mb L: 713/4066 MS: 2 ChangeASCIIInt-EraseBytes-
#6525038	REDUCE cov: 309 ft: 1522 corp: 351/97Kb lim: 4096 exec/s: 23303 rss: 599Mb L: 2136/4066 MS: 1 EraseBytes-
#6525049	REDUCE cov: 309 ft: 1522 corp: 351/97Kb lim: 4096 exec/s: 23303 rss: 599Mb L: 84/4066 MS: 1 EraseBytes-
#6526470	REDUCE cov: 309 ft: 1522 corp: 351/97Kb lim: 4096 exec/s: 23225 rss: 599Mb L: 2134/4066 MS: 1 EraseBytes-
#6541334	REDUCE cov: 309 ft: 1522 corp: 351/97Kb lim: 4096 exec/s: 23196 rss: 599Mb L: 889/4066 MS: 1 EraseBytes-
#6542950	REDUCE cov: 309 ft: 1522 corp: 351/97Kb lim: 4096 exec/s: 23201 rss: 599Mb L: 687/4066 MS: 1 EraseBytes-
#6547302	REDUCE cov: 309 ft: 1522 corp: 351/97Kb lim: 4096 exec/s: 23217 rss: 599Mb L: 1968/4066 MS: 2 PersAutoDict-EraseBytes- DE: "\001\000\000\000\000\000\000("-
#6547643	REDUCE cov: 309 ft: 1522 corp: 351/97Kb lim: 4096 exec/s: 23218 rss: 599Mb L: 683/4066 MS: 1 EraseBytes-
#6573840	REDUCE cov: 309 ft: 1522 corp: 351/97Kb lim: 4096 exec/s: 23147 rss: 599Mb L: 323/4066 MS: 2 ChangeBit-EraseBytes-
#6613319	REDUCE cov: 309 ft: 1522 corp: 351/97Kb lim: 4096 exec/s: 23204 rss: 599Mb L: 278/4066 MS: 3 ChangeByte-ChangeBit-EraseBytes-
#6644576	REDUCE cov: 309 ft: 1522 corp: 351/97Kb lim: 4096 exec/s: 23151 rss: 599Mb L: 67/4066 MS: 2 ChangeASCIIInt-EraseBytes-
#6644732	REDUCE cov: 309 ft: 1522 corp: 351/97Kb lim: 4096 exec/s: 23152 rss: 599Mb L: 673/4066 MS: 1 EraseBytes-
#6657958	REDUCE cov: 309 ft: 1522 corp: 351/97Kb lim: 4096 exec/s: 23198 rss: 599Mb L: 679/4066 MS: 1 EraseBytes-
#6688560	REDUCE cov: 309 ft: 1522 corp: 351/97Kb lim: 4096 exec/s: 23224 rss: 599Mb L: 1384/4066 MS: 1 EraseBytes-
#6691394	REDUCE cov: 309 ft: 1522 corp: 351/97Kb lim: 4096 exec/s: 23234 rss: 599Mb L: 1892/4066 MS: 4 PersAutoDict-ChangeBinInt-ChangeBit-EraseBytes- DE: "\033\000\000\000"-
#6692191	REDUCE cov: 309 ft: 1522 corp: 351/96Kb lim: 4096 exec/s: 23236 rss: 599Mb L: 2254/4066 MS: 2 ShuffleBytes-EraseBytes-
#6697364	REDUCE cov: 309 ft: 1522 corp: 351/96Kb lim: 4096 exec/s: 23174 rss: 599Mb L: 168/4066 MS: 1 EraseBytes-
#6698990	REDUCE cov: 309 ft: 1522 corp: 351/96Kb lim: 4096 exec/s: 23179 rss: 599Mb L: 1254/4066 MS: 1 EraseBytes-
#6705803	REDUCE cov: 309 ft: 1522 corp: 351/96Kb lim: 4096 exec/s: 23203 rss: 599Mb L: 142/4066 MS: 3 ChangeByte-ChangeByte-EraseBytes-
#6717584	REDUCE cov: 309 ft: 1522 corp: 351/96Kb lim: 4096 exec/s: 23244 rss: 599Mb L: 68/4066 MS: 1 EraseBytes-
#6718122	REDUCE cov: 309 ft: 1522 corp: 351/96Kb lim: 4096 exec/s: 23246 rss: 599Mb L: 1152/4066 MS: 3 CrossOver-EraseBytes-InsertByte-
#6720001	REDUCE cov: 309 ft: 1522 corp: 351/96Kb lim: 4096 exec/s: 23172 rss: 599Mb L: 2088/4066 MS: 1 EraseBytes-
#6720567	REDUCE cov: 309 ft: 1522 corp: 351/96Kb lim: 4096 exec/s: 23174 rss: 599Mb L: 1185/4066 MS: 1 EraseBytes-
#6728129	REDUCE cov: 309 ft: 1522 corp: 351/96Kb lim: 4096 exec/s: 23200 rss: 599Mb L: 1248/4066 MS: 2 CopyPart-EraseBytes-
#6757541	REDUCE cov: 309 ft: 1522 corp: 351/96Kb lim: 4096 exec/s: 23221 rss: 599Mb L: 881/4066 MS: 3 ChangeBit-ChangeByte-EraseBytes-
#6773342	REDUCE cov: 309 ft: 1522 corp: 351/96Kb lim: 4096 exec/s: 23196 rss: 599Mb L: 397/4066 MS: 1 EraseBytes-
#6781143	REDUCE cov: 309 ft: 1522 corp: 351/96Kb lim: 4096 exec/s: 23223 rss: 599Mb L: 1888/4066 MS: 1 EraseBytes-
#6787165	REDUCE cov: 309 ft: 1522 corp: 351/96Kb lim: 4096 exec/s: 23243 rss: 599Mb L: 664/4066 MS: 2 ChangeBinInt-EraseBytes-
#6802135	REDUCE cov: 309 ft: 1522 corp: 351/96Kb lim: 4096 exec/s: 23215 rss: 599Mb L: 3988/3988 MS: 1 EraseBytes-
#6812091	REDUCE cov: 309 ft: 1522 corp: 351/96Kb lim: 4096 exec/s: 23249 rss: 599Mb L: 1099/3988 MS: 1 EraseBytes-
#6822222	REDUCE cov: 309 ft: 1522 corp: 351/96Kb lim: 4096 exec/s: 23284 rss: 599Mb L: 2671/3988 MS: 1 EraseBytes-
#6839403	REDUCE cov: 309 ft: 1522 corp: 351/96Kb lim: 4096 exec/s: 23263 rss: 599Mb L: 2653/3988 MS: 1 EraseBytes-
#6888080	REDUCE cov: 309 ft: 1522 corp: 351/96Kb lim: 4096 exec/s: 23270 rss: 599Mb L: 3980/3980 MS: 1 EraseBytes-
#6899344	REDUCE cov: 309 ft: 1522 corp: 351/96Kb lim: 4096 exec/s: 23230 rss: 599Mb L: 1718/3980 MS: 1 EraseBytes-
#6917385	REDUCE cov: 309 ft: 1522 corp: 351/96Kb lim: 4096 exec/s: 23290 rss: 599Mb L: 179/3980 MS: 1 EraseBytes-
#6923577	REDUCE cov: 309 ft: 1522 corp: 351/96Kb lim: 4096 exec/s: 23233 rss: 599Mb L: 785/3980 MS: 1 EraseBytes-
#6930698	REDUCE cov: 309 ft: 1522 corp: 351/96Kb lim: 4096 exec/s: 23257 rss: 599Mb L: 369/3980 MS: 1 EraseBytes-
#6933271	REDUCE cov: 309 ft: 1522 corp: 351/96Kb lim: 4096 exec/s: 23266 rss: 599Mb L: 2061/3980 MS: 3 ChangeASCIIInt-ChangeASCIIInt-EraseBytes-
#6941903	REDUCE cov: 309 ft: 1522 corp: 351/96Kb lim: 4096 exec/s: 23294 rss: 599Mb L: 2033/3980 MS: 2 ChangeBit-EraseBytes-
#6954852	REDUCE cov: 309 ft: 1522 corp: 351/96Kb lim: 4096 exec/s: 23260 rss: 599Mb L: 408/3980 MS: 1 EraseBytes-
#6977269	REDUCE cov: 309 ft: 1522 corp: 351/96Kb lim: 4096 exec/s: 23257 rss: 599Mb L: 112/3980 MS: 1 EraseBytes-
#6985491	REDUCE cov: 309 ft: 1522 corp: 351/96Kb lim: 4096 exec/s: 23284 rss: 599Mb L: 330/3980 MS: 2 ChangeBit-EraseBytes-
#6994896	REDUCE cov: 309 ft: 1522 corp: 351/96Kb lim: 4096 exec/s: 23238 rss: 599Mb L: 993/3980 MS: 1 EraseBytes-
#6996675	REDUCE cov: 309 ft: 1522 corp: 351/96Kb lim: 4096 exec/s: 23244 rss: 599Mb L: 104/3980 MS: 4 CrossOver-ChangeByte-CrossOver-EraseBytes-
#6999076	REDUCE cov: 309 ft: 1522 corp: 351/96Kb lim: 4096 exec/s: 23252 rss: 599Mb L: 2234/3980 MS: 1 EraseBytes-
#7011022	REDUCE cov: 309 ft: 1522 corp: 351/96Kb lim: 4096 exec/s: 23292 rss: 599Mb L: 465/3980 MS: 1 EraseBytes-
#7016689	REDUCE cov: 309 ft: 1522 corp: 351/96Kb lim: 4096 exec/s: 23311 rss: 599Mb L: 98/3980 MS: 2 CopyPart-EraseBytes-
#7024398	REDUCE cov: 309 ft: 1522 corp: 351/96Kb lim: 4096 exec/s: 23259 rss: 599Mb L: 177/3980 MS: 1 EraseBytes-
#7030254	REDUCE cov: 309 ft: 1522 corp: 351/96Kb lim: 4096 exec/s: 23278 rss: 599Mb L: 260/3980 MS: 1 EraseBytes-
#7033991	REDUCE cov: 309 ft: 1522 corp: 351/96Kb lim: 4096 exec/s: 23291 rss: 599Mb L: 94/3980 MS: 2 ShuffleBytes-EraseBytes-
#7036143	REDUCE cov: 309 ft: 1522 corp: 351/96Kb lim: 4096 exec/s: 23298 rss: 599Mb L: 465/3980 MS: 2 ChangeASCIIInt-EraseBytes-
#7051443	REDUCE cov: 309 ft: 1522 corp: 351/96Kb lim: 4096 exec/s: 23272 rss: 599Mb L: 149/3980 MS: 1 EraseBytes-
#7054657	REDUCE cov: 309 ft: 1522 corp: 351/96Kb lim: 4096 exec/s: 23282 rss: 599Mb L: 638/3980 MS: 4 CrossOver-ShuffleBytes-CrossOver-EraseBytes-
#7055698	REDUCE cov: 309 ft: 1522 corp: 351/96Kb lim: 4096 exec/s: 23286 rss: 599Mb L: 1982/3980 MS: 1 EraseBytes-
#7056129	REDUCE cov: 309 ft: 1522 corp: 351/96Kb lim: 4096 exec/s: 23287 rss: 599Mb L: 3976/3976 MS: 1 EraseBytes-
#7068403	REDUCE cov: 309 ft: 1522 corp: 351/96Kb lim: 4096 exec/s: 23251 rss: 599Mb L: 3965/3976 MS: 5 InsertRepeatedBytes-ChangeASCIIInt-ShuffleBytes-ChangeBinInt-EraseBytes-
#7074359	REDUCE cov: 309 ft: 1522 corp: 351/96Kb lim: 4096 exec/s: 23270 rss: 599Mb L: 1375/3976 MS: 1 EraseBytes-
#7093323	REDUCE cov: 309 ft: 1522 corp: 351/96Kb lim: 4096 exec/s: 23256 rss: 599Mb L: 659/3976 MS: 2 ChangeBit-EraseBytes-
#7098904	REDUCE cov: 309 ft: 1522 corp: 351/96Kb lim: 4096 exec/s: 23275 rss: 599Mb L: 1884/3976 MS: 1 EraseBytes-
#7111336	REDUCE cov: 309 ft: 1522 corp: 351/96Kb lim: 4096 exec/s: 23239 rss: 599Mb L: 322/3976 MS: 4 ShuffleBytes-ChangeByte-ChangeBit-EraseBytes-
#7114073	REDUCE cov: 309 ft: 1522 corp: 351/96Kb lim: 4096 exec/s: 23248 rss: 599Mb L: 2645/3976 MS: 2 ShuffleBytes-EraseBytes-
#7117979	REDUCE cov: 309 ft: 1522 corp: 351/96Kb lim: 4096 exec/s: 23261 rss: 599Mb L: 650/3976 MS: 1 EraseBytes-
#7145149	REDUCE cov: 309 ft: 1522 corp: 351/96Kb lim: 4096 exec/s: 23274 rss: 599Mb L: 295/3976 MS: 1 EraseBytes-
#7176104	REDUCE cov: 309 ft: 1522 corp: 351/96Kb lim: 4096 exec/s: 23299 rss: 599Mb L: 1235/3976 MS: 1 EraseBytes-
#7206378	REDUCE cov: 309 ft: 1522 corp: 351/96Kb lim: 4096 exec/s: 23321 rss: 599Mb L: 397/3976 MS: 2 ChangeByte-EraseBytes-
#7212959	REDUCE cov: 309 ft: 1522 corp: 351/96Kb lim: 4096 exec/s: 23267 rss: 599Mb L: 89/3976 MS: 1 EraseBytes-
#7217767	REDUCE cov: 309 ft: 1522 corp: 351/96Kb lim: 4096 exec/s: 23283 rss: 599Mb L: 400/3976 MS: 3 ChangeBinInt-ChangeBinInt-EraseBytes-
#7222928	REDUCE cov: 309 ft: 1522 corp: 351/96Kb lim: 4096 exec/s: 23299 rss: 599Mb L: 1978/3976 MS: 1 EraseBytes-
#7226323	REDUCE cov: 309 ft: 1522 corp: 351/96Kb lim: 4096 exec/s: 23310 rss: 599Mb L: 652/3976 MS: 5 ChangeBinInt-EraseBytes-PersAutoDict-PersAutoDict-InsertByte- DE: "\001\000\000\000\000\000\000\016"-"3q\031\030"-
#7230329	REDUCE cov: 309 ft: 1522 corp: 351/96Kb lim: 4096 exec/s: 23323 rss: 599Mb L: 75/3976 MS: 1 EraseBytes-
#7254455	REDUCE cov: 309 ft: 1522 corp: 351/96Kb lim: 4096 exec/s: 23326 rss: 599Mb L: 67/3976 MS: 1 EraseBytes-
#7268349	REDUCE cov: 309 ft: 1522 corp: 351/96Kb lim: 4096 exec/s: 23295 rss: 599Mb L: 19/3976 MS: 4 ChangeByte-ChangeBit-InsertByte-EraseBytes-
#7268562	REDUCE cov: 309 ft: 1522 corp: 351/96Kb lim: 4096 exec/s: 23296 rss: 599Mb L: 261/3976 MS: 3 ChangeBit-CMP-EraseBytes- DE: "q\277\006\305"-
#7276756	REDUCE cov: 309 ft: 1522 corp: 351/96Kb lim: 4096 exec/s: 23322 rss: 599Mb L: 498/3976 MS: 1 EraseBytes-
#7281404	REDUCE cov: 309 ft: 1522 corp: 351/96Kb lim: 4096 exec/s: 23337 rss: 599Mb L: 1225/3976 MS: 3 ChangeASCIIInt-ChangeASCIIInt-EraseBytes-
#7300978	REDUCE cov: 309 ft: 1522 corp: 351/96Kb lim: 4096 exec/s: 23325 rss: 599Mb L: 89/3976 MS: 1 EraseBytes-
#7304654	REDUCE cov: 309 ft: 1522 corp: 351/96Kb lim: 4096 exec/s: 23337 rss: 599Mb L: 48/3976 MS: 1 EraseBytes-
#7306045	REDUCE cov: 309 ft: 1522 corp: 351/96Kb lim: 4096 exec/s: 23341 rss: 599Mb L: 989/3976 MS: 1 EraseBytes-
#7309384	REDUCE cov: 309 ft: 1522 corp: 351/96Kb lim: 4096 exec/s: 23352 rss: 599Mb L: 991/3976 MS: 4 ShuffleBytes-EraseBytes-ChangeASCIIInt-CopyPart-
#7313605	REDUCE cov: 309 ft: 1522 corp: 351/96Kb lim: 4096 exec/s: 23366 rss: 599Mb L: 1714/3976 MS: 1 EraseBytes-
#7315571	REDUCE cov: 309 ft: 1522 corp: 351/96Kb lim: 4096 exec/s: 23372 rss: 599Mb L: 453/3976 MS: 1 EraseBytes-
#7324123	RELOAD cov: 309 ft: 1523 corp: 352/99Kb lim: 4096 exec/s: 23325 rss: 599Mb
#7358361	REDUCE cov: 309 ft: 1523 corp: 352/99Kb lim: 4096 exec/s: 23359 rss: 599Mb L: 605/4088 MS: 1 EraseBytes-
#7360680	REDUCE cov: 309 ft: 1523 corp: 352/99Kb lim: 4096 exec/s: 23367 rss: 599Mb L: 1700/4088 MS: 4 PersAutoDict-ChangeByte-ShuffleBytes-EraseBytes- DE: "\000\000\000\000\000\000\000\002"-
#7368810	REDUCE cov: 309 ft: 1523 corp: 352/99Kb lim: 4096 exec/s: 23319 rss: 599Mb L: 396/4088 MS: 1 EraseBytes-
#7391542	REDUCE cov: 309 ft: 1523 corp: 352/99Kb lim: 4096 exec/s: 23317 rss: 599Mb L: 151/4088 MS: 2 CopyPart-EraseBytes-
#7392353	REDUCE cov: 309 ft: 1523 corp: 352/99Kb lim: 4096 exec/s: 23319 rss: 599Mb L: 256/4088 MS: 1 EraseBytes-
#7402159	REDUCE cov: 309 ft: 1523 corp: 352/99Kb lim: 4096 exec/s: 23350 rss: 599Mb L: 275/4088 MS: 2 ShuffleBytes-EraseBytes-
#7406285	REDUCE cov: 309 ft: 1523 corp: 352/99Kb lim: 4096 exec/s: 23363 rss: 599Mb L: 1194/4088 MS: 1 EraseBytes-
#7409130	REDUCE cov: 309 ft: 1523 corp: 352/99Kb lim: 4096 exec/s: 23372 rss: 599Mb L: 400/4088 MS: 5 ChangeByte-InsertRepeatedBytes-EraseBytes-ChangeByte-CopyPart-
#7410731	REDUCE cov: 309 ft: 1523 corp: 352/99Kb lim: 4096 exec/s: 23377 rss: 599Mb L: 269/4088 MS: 1 EraseBytes-
#7438003	REDUCE cov: 309 ft: 1523 corp: 352/99Kb lim: 4096 exec/s: 23389 rss: 599Mb L: 185/4088 MS: 3 ChangeBit-ShuffleBytes-EraseBytes-
#7442029	REDUCE cov: 309 ft: 1523 corp: 352/99Kb lim: 4096 exec/s: 23329 rss: 599Mb L: 607/4088 MS: 1 EraseBytes-
#7455183	REDUCE cov: 309 ft: 1523 corp: 352/99Kb lim: 4096 exec/s: 23370 rss: 599Mb L: 645/4088 MS: 1 EraseBytes-
#7455409	REDUCE cov: 309 ft: 1523 corp: 352/99Kb lim: 4096 exec/s: 23371 rss: 599Mb L: 449/4088 MS: 1 EraseBytes-
#7461407	REDUCE cov: 309 ft: 1523 corp: 352/99Kb lim: 4096 exec/s: 23316 rss: 599Mb L: 177/4088 MS: 3 InsertRepeatedBytes-ShuffleBytes-EraseBytes-
#7464544	REDUCE cov: 309 ft: 1523 corp: 352/99Kb lim: 4096 exec/s: 23326 rss: 599Mb L: 876/4088 MS: 2 ChangeBit-CrossOver-
#7467725	REDUCE cov: 309 ft: 1523 corp: 352/99Kb lim: 4096 exec/s: 23336 rss: 599Mb L: 165/4088 MS: 1 EraseBytes-
#7470739	RELOAD cov: 309 ft: 1525 corp: 353/100Kb lim: 4096 exec/s: 23346 rss: 599Mb
#7473625	REDUCE cov: 309 ft: 1525 corp: 353/100Kb lim: 4096 exec/s: 23355 rss: 599Mb L: 396/4088 MS: 1 EraseBytes-
#7474391	REDUCE cov: 309 ft: 1525 corp: 353/100Kb lim: 4096 exec/s: 23357 rss: 599Mb L: 50/4088 MS: 1 EraseBytes-
#7483428	REDUCE cov: 309 ft: 1525 corp: 353/100Kb lim: 4096 exec/s: 23385 rss: 599Mb L: 167/4088 MS: 2 CrossOver-EraseBytes-
#7511155	REDUCE cov: 309 ft: 1525 corp: 353/100Kb lim: 4096 exec/s: 23326 rss: 599Mb L: 1189/4088 MS: 2 PersAutoDict-EraseBytes- DE: "\001\000\000\000\000\000\000\016"-
#7517642	REDUCE cov: 309 ft: 1525 corp: 353/100Kb lim: 4096 exec/s: 23346 rss: 599Mb L: 1179/4088 MS: 1 EraseBytes-
#7541313	REDUCE cov: 309 ft: 1525 corp: 353/100Kb lim: 4096 exec/s: 23347 rss: 599Mb L: 244/4088 MS: 1 EraseBytes-
#7542999	REDUCE cov: 309 ft: 1525 corp: 353/100Kb lim: 4096 exec/s: 23352 rss: 599Mb L: 1380/4088 MS: 1 EraseBytes-
#7543681	REDUCE cov: 309 ft: 1525 corp: 353/100Kb lim: 4096 exec/s: 23355 rss: 599Mb L: 79/4088 MS: 2 ChangeBinInt-EraseBytes-
#7556422	REDUCE cov: 309 ft: 1525 corp: 353/100Kb lim: 4096 exec/s: 23394 rss: 599Mb L: 561/4088 MS: 1 EraseBytes-
#7570644	REDUCE cov: 309 ft: 1525 corp: 353/100Kb lim: 4096 exec/s: 23366 rss: 599Mb L: 160/4088 MS: 2 CMP-EraseBytes- DE: "\375%R\005"-
#7604265	REDUCE cov: 309 ft: 1525 corp: 353/100Kb lim: 4096 exec/s: 23397 rss: 599Mb L: 556/4088 MS: 1 EraseBytes-
#7610281	REDUCE cov: 309 ft: 1525 corp: 353/100Kb lim: 4096 exec/s: 23416 rss: 599Mb L: 240/4088 MS: 1 EraseBytes-
#7614913	REDUCE cov: 309 ft: 1525 corp: 353/100Kb lim: 4096 exec/s: 23430 rss: 599Mb L: 775/4088 MS: 2 ChangeBit-EraseBytes-
#7619955	REDUCE cov: 309 ft: 1525 corp: 353/100Kb lim: 4096 exec/s: 23374 rss: 599Mb L: 309/4088 MS: 2 ChangeByte-EraseBytes-
#7631044	REDUCE cov: 309 ft: 1525 corp: 353/99Kb lim: 4096 exec/s: 23408 rss: 599Mb L: 1946/4088 MS: 2 ChangeASCIIInt-EraseBytes-
#7645057	REDUCE cov: 309 ft: 1525 corp: 353/99Kb lim: 4096 exec/s: 23379 rss: 599Mb L: 864/4088 MS: 3 ShuffleBytes-ShuffleBytes-EraseBytes-
#7657233	REDUCE cov: 309 ft: 1525 corp: 353/99Kb lim: 4096 exec/s: 23416 rss: 599Mb L: 228/4088 MS: 1 EraseBytes-
#7661429	REDUCE cov: 309 ft: 1525 corp: 353/99Kb lim: 4096 exec/s: 23429 rss: 599Mb L: 184/4088 MS: 1 EraseBytes-
#7664850	REDUCE cov: 309 ft: 1525 corp: 353/99Kb lim: 4096 exec/s: 23439 rss: 599Mb L: 599/4088 MS: 1 EraseBytes-
#7697749	REDUCE cov: 309 ft: 1525 corp: 353/99Kb lim: 4096 exec/s: 23468 rss: 599Mb L: 209/4088 MS: 1 EraseBytes-
#7708086	REDUCE cov: 309 ft: 1525 corp: 353/99Kb lim: 4096 exec/s: 23428 rss: 599Mb L: 440/4088 MS: 2 CopyPart-EraseBytes-
#7726764	REDUCE cov: 309 ft: 1525 corp: 353/99Kb lim: 4096 exec/s: 23485 rss: 599Mb L: 396/4088 MS: 1 EraseBytes-
#7736000	REDUCE cov: 309 ft: 1525 corp: 353/99Kb lim: 4096 exec/s: 23442 rss: 599Mb L: 3903/4088 MS: 1 EraseBytes-
#7792593	REDUCE cov: 309 ft: 1525 corp: 353/99Kb lim: 4096 exec/s: 23471 rss: 599Mb L: 669/4088 MS: 2 ShuffleBytes-EraseBytes-
#7801305	REDUCE cov: 309 ft: 1525 corp: 353/99Kb lim: 4096 exec/s: 23497 rss: 599Mb L: 613/4088 MS: 3 ShuffleBytes-ChangeBinInt-EraseBytes-
#7813022	REDUCE cov: 309 ft: 1525 corp: 353/99Kb lim: 4096 exec/s: 23462 rss: 599Mb L: 66/4088 MS: 2 ChangeByte-EraseBytes-
#7819480	REDUCE cov: 309 ft: 1525 corp: 353/99Kb lim: 4096 exec/s: 23481 rss: 599Mb L: 62/4088 MS: 3 ChangeBinInt-ChangeBinInt-EraseBytes-
#7826156	REDUCE cov: 309 ft: 1525 corp: 353/99Kb lim: 4096 exec/s: 23501 rss: 599Mb L: 17/4088 MS: 1 EraseBytes-
#7830122	REDUCE cov: 309 ft: 1525 corp: 353/99Kb lim: 4096 exec/s: 23513 rss: 599Mb L: 860/4088 MS: 1 EraseBytes-
#7834728	REDUCE cov: 309 ft: 1525 corp: 353/99Kb lim: 4096 exec/s: 23527 rss: 599Mb L: 1131/4088 MS: 1 EraseBytes-
#7841994	REDUCE cov: 309 ft: 1525 corp: 353/99Kb lim: 4096 exec/s: 23549 rss: 599Mb L: 772/4088 MS: 1 EraseBytes-
#7843310	REDUCE cov: 309 ft: 1525 corp: 353/99Kb lim: 4096 exec/s: 23482 rss: 599Mb L: 428/4088 MS: 1 EraseBytes-
#7845012	REDUCE cov: 309 ft: 1525 corp: 353/99Kb lim: 4096 exec/s: 23488 rss: 599Mb L: 77/4088 MS: 2 PersAutoDict-EraseBytes- DE: "\026 \002D"-
#7847273	REDUCE cov: 309 ft: 1525 corp: 353/99Kb lim: 4096 exec/s: 23494 rss: 599Mb L: 1368/4088 MS: 1 EraseBytes-
#7874541	REDUCE cov: 309 ft: 1525 corp: 353/99Kb lim: 4096 exec/s: 23576 rss: 599Mb L: 983/4088 MS: 1 EraseBytes-
#7884302	REDUCE cov: 309 ft: 1525 corp: 353/99Kb lim: 4096 exec/s: 23535 rss: 599Mb L: 978/4088 MS: 1 EraseBytes-
#7885784	REDUCE cov: 309 ft: 1525 corp: 353/99Kb lim: 4096 exec/s: 23539 rss: 599Mb L: 156/4088 MS: 2 ShuffleBytes-EraseBytes-
#7916083	REDUCE cov: 309 ft: 1525 corp: 353/99Kb lim: 4096 exec/s: 23559 rss: 599Mb L: 79/4088 MS: 1 EraseBytes-
#7932136	REDUCE cov: 309 ft: 1525 corp: 353/99Kb lim: 4096 exec/s: 23607 rss: 599Mb L: 1169/4088 MS: 1 EraseBytes-
#7969403	REDUCE cov: 309 ft: 1525 corp: 353/99Kb lim: 4096 exec/s: 23648 rss: 599Mb L: 968/4088 MS: 2 ChangeASCIIInt-EraseBytes-
#7974754	REDUCE cov: 309 ft: 1525 corp: 353/99Kb lim: 4096 exec/s: 23663 rss: 599Mb L: 17/4088 MS: 1 EraseBytes-
#7981380	REDUCE cov: 309 ft: 1525 corp: 353/99Kb lim: 4096 exec/s: 23613 rss: 599Mb L: 597/4088 MS: 1 EraseBytes-
#7983181	REDUCE cov: 309 ft: 1525 corp: 353/99Kb lim: 4096 exec/s: 23618 rss: 599Mb L: 589/4088 MS: 1 EraseBytes-
#7997068	REDUCE cov: 309 ft: 1525 corp: 353/99Kb lim: 4096 exec/s: 23659 rss: 599Mb L: 979/4088 MS: 2 ChangeBit-EraseBytes-
#8025099	REDUCE cov: 309 ft: 1525 corp: 353/99Kb lim: 4096 exec/s: 23672 rss: 599Mb L: 308/4088 MS: 1 EraseBytes-
#8031862	REDUCE cov: 309 ft: 1525 corp: 353/99Kb lim: 4096 exec/s: 23692 rss: 599Mb L: 386/4088 MS: 1 EraseBytes-
#8033208	REDUCE cov: 309 ft: 1525 corp: 353/99Kb lim: 4096 exec/s: 23696 rss: 599Mb L: 58/4088 MS: 1 EraseBytes-
#8036714	REDUCE cov: 309 ft: 1525 corp: 353/99Kb lim: 4096 exec/s: 23707 rss: 599Mb L: 196/4088 MS: 1 EraseBytes-
#8049900	REDUCE cov: 309 ft: 1525 corp: 353/99Kb lim: 4096 exec/s: 23676 rss: 599Mb L: 395/4088 MS: 1 EraseBytes-
#8079077	REDUCE cov: 309 ft: 1525 corp: 353/99Kb lim: 4096 exec/s: 23692 rss: 599Mb L: 372/4088 MS: 2 PersAutoDict-EraseBytes- DE: "\377\377"-
#8105988	REDUCE cov: 309 ft: 1525 corp: 353/99Kb lim: 4096 exec/s: 23771 rss: 599Mb L: 1423/4088 MS: 3 ChangeBinInt-ChangeBinInt-EraseBytes-
#8114602	REDUCE cov: 309 ft: 1525 corp: 353/99Kb lim: 4096 exec/s: 23726 rss: 599Mb L: 281/4088 MS: 4 ShuffleBytes-ShuffleBytes-ChangeBit-EraseBytes-
#8133006	REDUCE cov: 309 ft: 1525 corp: 353/99Kb lim: 4096 exec/s: 23780 rss: 599Mb L: 148/4088 MS: 4 ChangeByte-InsertByte-InsertRepeatedBytes-EraseBytes-
#8133652	REDUCE cov: 309 ft: 1525 corp: 353/99Kb lim: 4096 exec/s: 23782 rss: 599Mb L: 193/4088 MS: 1 EraseBytes-
#8134760	REDUCE cov: 309 ft: 1525 corp: 353/99Kb lim: 4096 exec/s: 23785 rss: 599Mb L: 61/4088 MS: 3 EraseBytes-ShuffleBytes-ChangeASCIIInt-
#8136796	REDUCE cov: 309 ft: 1525 corp: 353/99Kb lim: 4096 exec/s: 23791 rss: 599Mb L: 173/4088 MS: 1 EraseBytes-
#8171484	REDUCE cov: 309 ft: 1525 corp: 353/99Kb lim: 4096 exec/s: 23823 rss: 599Mb L: 3975/4088 MS: 4 CrossOver-ChangeBinInt-PersAutoDict-EraseBytes- DE: "\033\000\000\000"-
#8184726	REDUCE cov: 309 ft: 1525 corp: 353/99Kb lim: 4096 exec/s: 23792 rss: 599Mb L: 952/4088 MS: 2 ShuffleBytes-EraseBytes-
#8189295	REDUCE cov: 309 ft: 1525 corp: 353/99Kb lim: 4096 exec/s: 23806 rss: 599Mb L: 285/4088 MS: 4 ShuffleBytes-ChangeBinInt-EraseBytes-ChangeBinInt-
#8205098	REDUCE cov: 309 ft: 1525 corp: 353/99Kb lim: 4096 exec/s: 23852 rss: 599Mb L: 1166/4088 MS: 3 ChangeBit-ChangeBinInt-EraseBytes-
#8239620	REDUCE cov: 309 ft: 1525 corp: 353/99Kb lim: 4096 exec/s: 23882 rss: 599Mb L: 4012/4012 MS: 2 ShuffleBytes-EraseBytes-
#8240443	REDUCE cov: 309 ft: 1525 corp: 353/99Kb lim: 4096 exec/s: 23885 rss: 599Mb L: 538/4012 MS: 3 InsertByte-EraseBytes-CopyPart-
#8246446	REDUCE cov: 309 ft: 1525 corp: 353/99Kb lim: 4096 exec/s: 23902 rss: 599Mb L: 2625/4012 MS: 3 ShuffleBytes-ChangeBit-EraseBytes-
#8250502	REDUCE cov: 309 ft: 1525 corp: 353/99Kb lim: 4096 exec/s: 23845 rss: 599Mb L: 580/4012 MS: 1 EraseBytes-
#8251520	REDUCE cov: 309 ft: 1525 corp: 353/99Kb lim: 4096 exec/s: 23848 rss: 599Mb L: 649/4012 MS: 3 ChangeBit-ChangeByte-EraseBytes-
#8253906	REDUCE cov: 309 ft: 1525 corp: 353/99Kb lim: 4096 exec/s: 23855 rss: 599Mb L: 189/4012 MS: 1 EraseBytes-
#8256457	REDUCE cov: 309 ft: 1525 corp: 353/99Kb lim: 4096 exec/s: 23862 rss: 599Mb L: 1705/4012 MS: 1 EraseBytes-
#8260968	REDUCE cov: 309 ft: 1525 corp: 353/99Kb lim: 4096 exec/s: 23875 rss: 599Mb L: 959/4012 MS: 1 EraseBytes-
#8284129	REDUCE cov: 309 ft: 1525 corp: 353/99Kb lim: 4096 exec/s: 23873 rss: 599Mb L: 641/4012 MS: 1 EraseBytes-
#8298545	REDUCE cov: 309 ft: 1525 corp: 353/99Kb lim: 4096 exec/s: 23915 rss: 599Mb L: 1094/4012 MS: 1 EraseBytes-
#8321605	REDUCE cov: 309 ft: 1525 corp: 353/99Kb lim: 4096 exec/s: 23912 rss: 599Mb L: 1923/4012 MS: 4 ChangeBinInt-ShuffleBytes-ChangeBit-EraseBytes-
#8331496	REDUCE cov: 309 ft: 1525 corp: 353/99Kb lim: 4096 exec/s: 23941 rss: 599Mb L: 18/4012 MS: 1 EraseBytes-
#8342653	REDUCE cov: 309 ft: 1525 corp: 353/99Kb lim: 4096 exec/s: 23904 rss: 599Mb L: 834/4012 MS: 2 ShuffleBytes-EraseBytes-
#8343559	REDUCE cov: 309 ft: 1525 corp: 353/99Kb lim: 4096 exec/s: 23907 rss: 599Mb L: 1895/4012 MS: 1 EraseBytes-
#8388044	REDUCE cov: 309 ft: 1525 corp: 353/99Kb lim: 4096 exec/s: 23897 rss: 599Mb L: 120/4012 MS: 3 ChangeByte-CopyPart-EraseBytes-
#8388608	pulse  cov: 309 ft: 1525 corp: 353/99Kb lim: 4096 exec/s: 23899 rss: 599Mb
#8405832	REDUCE cov: 309 ft: 1525 corp: 353/99Kb lim: 4096 exec/s: 23948 rss: 599Mb L: 1885/4012 MS: 2 ChangeBit-EraseBytes-
#8408724	REDUCE cov: 309 ft: 1525 corp: 353/99Kb lim: 4096 exec/s: 23888 rss: 599Mb L: 374/4012 MS: 2 EraseBytes-CopyPart-
#8424333	REDUCE cov: 309 ft: 1525 corp: 353/99Kb lim: 4096 exec/s: 23932 rss: 599Mb L: 972/4012 MS: 4 ChangeByte-CopyPart-InsertRepeatedBytes-EraseBytes-
#8424899	REDUCE cov: 309 ft: 1525 corp: 353/99Kb lim: 4096 exec/s: 23934 rss: 599Mb L: 395/4012 MS: 1 EraseBytes-
#8425281	REDUCE cov: 309 ft: 1525 corp: 353/99Kb lim: 4096 exec/s: 23935 rss: 599Mb L: 827/4012 MS: 2 ChangeByte-EraseBytes-
#8430987	REDUCE cov: 309 ft: 1525 corp: 353/99Kb lim: 4096 exec/s: 23951 rss: 599Mb L: 283/4012 MS: 1 EraseBytes-
#8432057	REDUCE cov: 309 ft: 1525 corp: 353/99Kb lim: 4096 exec/s: 23954 rss: 599Mb L: 461/4012 MS: 5 CopyPart-ShuffleBytes-ShuffleBytes-InsertByte-EraseBytes-
#8433488	REDUCE cov: 309 ft: 1525 corp: 353/99Kb lim: 4096 exec/s: 23890 rss: 599Mb L: 1685/4012 MS: 1 EraseBytes-
#8457834	REDUCE cov: 309 ft: 1525 corp: 353/99Kb lim: 4096 exec/s: 23959 rss: 599Mb L: 457/4012 MS: 1 EraseBytes-
#8467910	REDUCE cov: 309 ft: 1525 corp: 353/99Kb lim: 4096 exec/s: 23920 rss: 599Mb L: 1647/4012 MS: 1 EraseBytes-
#8507742	REDUCE cov: 309 ft: 1525 corp: 353/99Kb lim: 4096 exec/s: 23965 rss: 599Mb L: 74/4012 MS: 1 EraseBytes-
#8512413	REDUCE cov: 309 ft: 1525 corp: 353/99Kb lim: 4096 exec/s: 23978 rss: 599Mb L: 968/4012 MS: 1 EraseBytes-
#8515995	REDUCE cov: 309 ft: 1525 corp: 353/99Kb lim: 4096 exec/s: 23921 rss: 599Mb L: 1165/4012 MS: 2 ShuffleBytes-EraseBytes-
#8543986	REDUCE cov: 309 ft: 1525 corp: 353/99Kb lim: 4096 exec/s: 23932 rss: 599Mb L: 455/4012 MS: 1 EraseBytes-
#8560135	REDUCE cov: 309 ft: 1525 corp: 353/99Kb lim: 4096 exec/s: 23910 rss: 599Mb L: 122/4012 MS: 2 ChangeASCIIInt-EraseBytes-
#8567157	REDUCE cov: 309 ft: 1525 corp: 353/99Kb lim: 4096 exec/s: 23930 rss: 599Mb L: 452/4012 MS: 2 ShuffleBytes-EraseBytes-
#8567688	REDUCE cov: 309 ft: 1525 corp: 353/99Kb lim: 4096 exec/s: 23932 rss: 599Mb L: 60/4012 MS: 1 EraseBytes-
#8570564	REDUCE cov: 309 ft: 1525 corp: 353/99Kb lim: 4096 exec/s: 23940 rss: 599Mb L: 185/4012 MS: 1 EraseBytes-
#8611905	REDUCE cov: 309 ft: 1525 corp: 353/99Kb lim: 4096 exec/s: 23921 rss: 599Mb L: 282/4012 MS: 5 CopyPart-PersAutoDict-ChangeBit-ShuffleBytes-EraseBytes- DE: "\017\010 \027"-
#8614841	REDUCE cov: 309 ft: 1525 corp: 353/99Kb lim: 4096 exec/s: 23930 rss: 599Mb L: 181/4012 MS: 1 EraseBytes-
#8619252	REDUCE cov: 309 ft: 1525 corp: 353/99Kb lim: 4096 exec/s: 23942 rss: 599Mb L: 938/4012 MS: 1 EraseBytes-
#8620296	REDUCE cov: 309 ft: 1525 corp: 353/99Kb lim: 4096 exec/s: 23945 rss: 599Mb L: 73/4012 MS: 1 EraseBytes-
#8643297	REDUCE cov: 309 ft: 1525 corp: 353/99Kb lim: 4096 exec/s: 23942 rss: 599Mb L: 506/4012 MS: 1 EraseBytes-
#8646248	REDUCE cov: 309 ft: 1525 corp: 353/99Kb lim: 4096 exec/s: 23950 rss: 599Mb L: 391/4012 MS: 1 EraseBytes-
#8676984	REDUCE cov: 309 ft: 1525 corp: 353/99Kb lim: 4096 exec/s: 23969 rss: 599Mb L: 933/4012 MS: 1 EraseBytes-
#8694765	REDUCE cov: 309 ft: 1525 corp: 353/99Kb lim: 4096 exec/s: 23952 rss: 599Mb L: 951/4012 MS: 1 EraseBytes-
#8709397	REDUCE cov: 309 ft: 1525 corp: 353/99Kb lim: 4096 exec/s: 23992 rss: 599Mb L: 127/4012 MS: 1 EraseBytes-
#8711724	REDUCE cov: 309 ft: 1525 corp: 353/98Kb lim: 4096 exec/s: 23933 rss: 599Mb L: 1655/4012 MS: 2 EraseBytes-CrossOver-
#8715384	REDUCE cov: 309 ft: 1525 corp: 353/98Kb lim: 4096 exec/s: 23943 rss: 599Mb L: 1805/4012 MS: 5 ShuffleBytes-InsertByte-ChangeBinInt-CrossOver-EraseBytes-
#8720058	REDUCE cov: 309 ft: 1525 corp: 353/98Kb lim: 4096 exec/s: 23956 rss: 599Mb L: 44/4012 MS: 4 EraseBytes-ChangeBinInt-PersAutoDict-CopyPart- DE: "VA\022\240"-
#8728925	REDUCE cov: 309 ft: 1525 corp: 353/98Kb lim: 4096 exec/s: 23980 rss: 599Mb L: 442/4012 MS: 2 ChangeASCIIInt-EraseBytes-
#8730698	REDUCE cov: 309 ft: 1525 corp: 353/98Kb lim: 4096 exec/s: 23985 rss: 599Mb L: 1606/4012 MS: 3 InsertByte-CMP-EraseBytes- DE: "SP\"H"-
#8738041	REDUCE cov: 309 ft: 1525 corp: 353/98Kb lim: 4096 exec/s: 23939 rss: 599Mb L: 856/4012 MS: 3 InsertRepeatedBytes-ChangeASCIIInt-EraseBytes-
#8751277	REDUCE cov: 309 ft: 1525 corp: 353/98Kb lim: 4096 exec/s: 23976 rss: 599Mb L: 174/4012 MS: 1 EraseBytes-
#8752719	REDUCE cov: 309 ft: 1525 corp: 353/98Kb lim: 4096 exec/s: 23980 rss: 599Mb L: 83/4012 MS: 2 ChangeByte-EraseBytes-
#8769806	REDUCE cov: 309 ft: 1525 corp: 353/98Kb lim: 4096 exec/s: 23961 rss: 599Mb L: 366/4012 MS: 1 EraseBytes-
#8813907	REDUCE cov: 309 ft: 1525 corp: 353/98Kb lim: 4096 exec/s: 23950 rss: 599Mb L: 50/4012 MS: 3 PersAutoDict-ChangeBinInt-EraseBytes- DE: "\001\000\000\000\000\001\000\000"-
#8823899	REDUCE cov: 309 ft: 1525 corp: 353/98Kb lim: 4096 exec/s: 23977 rss: 599Mb L: 1611/4012 MS: 2 ChangeBit-EraseBytes-
#8833209	REDUCE cov: 309 ft: 1525 corp: 353/98Kb lim: 4096 exec/s: 24003 rss: 599Mb L: 354/4012 MS: 1 EraseBytes-
#8833447	REDUCE cov: 309 ft: 1525 corp: 353/98Kb lim: 4096 exec/s: 24003 rss: 599Mb L: 794/4012 MS: 3 CrossOver-EraseBytes-ChangeBit-
#8840439	REDUCE cov: 309 ft: 1525 corp: 353/98Kb lim: 4096 exec/s: 23957 rss: 599Mb L: 144/4012 MS: 2 ChangeBit-EraseBytes-
#8840695	REDUCE cov: 309 ft: 1525 corp: 353/98Kb lim: 4096 exec/s: 23958 rss: 599Mb L: 637/4012 MS: 1 EraseBytes-
#8855081	REDUCE cov: 309 ft: 1525 corp: 353/98Kb lim: 4096 exec/s: 23997 rss: 599Mb L: 89/4012 MS: 1 EraseBytes-
#8886297	REDUCE cov: 309 ft: 1525 corp: 353/98Kb lim: 4096 exec/s: 24017 rss: 599Mb L: 944/4012 MS: 2 ChangeASCIIInt-EraseBytes-
#8890739	REDUCE cov: 309 ft: 1525 corp: 353/98Kb lim: 4096 exec/s: 24029 rss: 599Mb L: 416/4012 MS: 2 InsertByte-EraseBytes-
#8891196	REDUCE cov: 309 ft: 1525 corp: 353/98Kb lim: 4096 exec/s: 23965 rss: 599Mb L: 941/4012 MS: 2 ChangeBit-EraseBytes-
#8921813	REDUCE cov: 309 ft: 1525 corp: 353/98Kb lim: 4096 exec/s: 23983 rss: 599Mb L: 387/4012 MS: 2 ChangeBinInt-EraseBytes-
#8923000	REDUCE cov: 309 ft: 1525 corp: 353/98Kb lim: 4096 exec/s: 23986 rss: 599Mb L: 454/4012 MS: 2 ShuffleBytes-EraseBytes-
#8992020	REDUCE cov: 309 ft: 1525 corp: 353/98Kb lim: 4096 exec/s: 24042 rss: 599Mb L: 1138/4012 MS: 2 EraseBytes-CrossOver-
#8995606	REDUCE cov: 309 ft: 1525 corp: 353/98Kb lim: 4096 exec/s: 24052 rss: 599Mb L: 72/4012 MS: 1 EraseBytes-
#8997847	REDUCE cov: 309 ft: 1525 corp: 353/98Kb lim: 4096 exec/s: 23994 rss: 599Mb L: 765/4012 MS: 1 EraseBytes-
#9017209	REDUCE cov: 309 ft: 1525 corp: 353/98Kb lim: 4096 exec/s: 24045 rss: 599Mb L: 391/4012 MS: 2 InsertByte-EraseBytes-
#9021018	REDUCE cov: 309 ft: 1525 corp: 353/98Kb lim: 4096 exec/s: 24056 rss: 599Mb L: 926/4012 MS: 2 CopyPart-EraseBytes-
#9038598	REDUCE cov: 309 ft: 1525 corp: 353/98Kb lim: 4096 exec/s: 24038 rss: 599Mb L: 1444/4012 MS: 5 PersAutoDict-ShuffleBytes-ShuffleBytes-CopyPart-EraseBytes- DE: "\377\377\377\377\377\377\377\377"-
#9104710	REDUCE cov: 309 ft: 1525 corp: 353/98Kb lim: 4096 exec/s: 24086 rss: 599Mb L: 372/4012 MS: 1 EraseBytes-
#9111617	REDUCE cov: 309 ft: 1525 corp: 353/98Kb lim: 4096 exec/s: 24104 rss: 599Mb L: 1436/4012 MS: 1 EraseBytes-
#9119478	REDUCE cov: 309 ft: 1525 corp: 353/98Kb lim: 4096 exec/s: 24061 rss: 599Mb L: 3964/4012 MS: 1 EraseBytes-
#9128550	REDUCE cov: 309 ft: 1525 corp: 353/98Kb lim: 4096 exec/s: 24085 rss: 599Mb L: 572/4012 MS: 2 ChangeBinInt-EraseBytes-
#9129216	REDUCE cov: 309 ft: 1525 corp: 353/98Kb lim: 4096 exec/s: 24087 rss: 599Mb L: 921/4012 MS: 1 EraseBytes-
#9166721	REDUCE cov: 309 ft: 1525 corp: 353/98Kb lim: 4096 exec/s: 24122 rss: 599Mb L: 1764/4012 MS: 4 EraseBytes-ChangeBinInt-ChangeByte-CopyPart-
#9168582	REDUCE cov: 309 ft: 1525 corp: 353/98Kb lim: 4096 exec/s: 24127 rss: 599Mb L: 559/4012 MS: 1 EraseBytes-
#9185707	REDUCE cov: 309 ft: 1525 corp: 353/98Kb lim: 4096 exec/s: 24109 rss: 599Mb L: 944/4012 MS: 1 EraseBytes-
#9186038	REDUCE cov: 309 ft: 1525 corp: 353/98Kb lim: 4096 exec/s: 24110 rss: 599Mb L: 2621/4012 MS: 1 EraseBytes-
#9193544	REDUCE cov: 309 ft: 1525 corp: 353/98Kb lim: 4096 exec/s: 24130 rss: 599Mb L: 432/4012 MS: 1 EraseBytes-
#9196830	REDUCE cov: 309 ft: 1525 corp: 353/98Kb lim: 4096 exec/s: 24138 rss: 599Mb L: 554/4012 MS: 1 EraseBytes-
#9202422	REDUCE cov: 309 ft: 1525 corp: 353/98Kb lim: 4096 exec/s: 24153 rss: 599Mb L: 936/4012 MS: 2 ChangeByte-EraseBytes-
#9202593	REDUCE cov: 309 ft: 1525 corp: 353/98Kb lim: 4096 exec/s: 24153 rss: 599Mb L: 173/4012 MS: 1 EraseBytes-
#9211357	REDUCE cov: 309 ft: 1525 corp: 353/98Kb lim: 4096 exec/s: 24113 rss: 599Mb L: 644/4012 MS: 3 ChangeASCIIInt-ChangeByte-EraseBytes-
#9215728	REDUCE cov: 309 ft: 1525 corp: 353/98Kb lim: 4096 exec/s: 24124 rss: 599Mb L: 1160/4012 MS: 1 EraseBytes-
#9223229	REDUCE cov: 309 ft: 1525 corp: 353/98Kb lim: 4096 exec/s: 24144 rss: 599Mb L: 339/4012 MS: 1 EraseBytes-
#9243549	REDUCE cov: 309 ft: 1525 corp: 353/98Kb lim: 4096 exec/s: 24134 rss: 599Mb L: 773/4012 MS: 1 EraseBytes-
#9253230	REDUCE cov: 309 ft: 1525 corp: 353/98Kb lim: 4096 exec/s: 24159 rss: 599Mb L: 1134/4012 MS: 1 EraseBytes-
#9326169	REDUCE cov: 309 ft: 1525 corp: 353/98Kb lim: 4096 exec/s: 24161 rss: 599Mb L: 79/4012 MS: 2 CopyPart-EraseBytes-
#9336080	REDUCE cov: 309 ft: 1525 corp: 353/98Kb lim: 4096 exec/s: 24186 rss: 599Mb L: 916/4012 MS: 1 EraseBytes-
#9341881	REDUCE cov: 309 ft: 1525 corp: 353/98Kb lim: 4096 exec/s: 24201 rss: 599Mb L: 165/4012 MS: 1 EraseBytes-
#9344898	REDUCE cov: 309 ft: 1525 corp: 353/98Kb lim: 4096 exec/s: 24209 rss: 599Mb L: 1748/4012 MS: 2 ChangeBit-EraseBytes-
#9365088	REDUCE cov: 309 ft: 1525 corp: 353/98Kb lim: 4096 exec/s: 24199 rss: 599Mb L: 1384/4012 MS: 2 ChangeByte-EraseBytes-
#9369664	REDUCE cov: 309 ft: 1525 corp: 353/98Kb lim: 4096 exec/s: 24211 rss: 599Mb L: 1155/4012 MS: 1 EraseBytes-
#9383493	REDUCE cov: 309 ft: 1525 corp: 353/98Kb lim: 4096 exec/s: 24184 rss: 599Mb L: 1090/4012 MS: 1 EraseBytes-
#9387444	REDUCE cov: 309 ft: 1525 corp: 353/98Kb lim: 4096 exec/s: 24194 rss: 599Mb L: 1743/4012 MS: 1 EraseBytes-
#9400402	REDUCE cov: 309 ft: 1525 corp: 353/98Kb lim: 4096 exec/s: 24165 rss: 599Mb L: 329/4012 MS: 3 ChangeByte-ShuffleBytes-EraseBytes-
#9404418	REDUCE cov: 309 ft: 1525 corp: 353/98Kb lim: 4096 exec/s: 24175 rss: 599Mb L: 888/4012 MS: 1 EraseBytes-
#9425000	REDUCE cov: 309 ft: 1525 corp: 353/98Kb lim: 4096 exec/s: 24166 rss: 599Mb L: 318/4012 MS: 1 EraseBytes-
#9444841	REDUCE cov: 309 ft: 1525 corp: 353/98Kb lim: 4096 exec/s: 24217 rss: 599Mb L: 37/4012 MS: 1 EraseBytes-
#9466331	REDUCE cov: 309 ft: 1525 corp: 353/98Kb lim: 4096 exec/s: 24210 rss: 599Mb L: 33/4012 MS: 3 ShuffleBytes-ChangeBit-EraseBytes-
#9467977	REDUCE cov: 309 ft: 1525 corp: 353/98Kb lim: 4096 exec/s: 24214 rss: 599Mb L: 86/4012 MS: 1 EraseBytes-
#9472669	REDUCE cov: 309 ft: 1525 corp: 353/98Kb lim: 4096 exec/s: 24226 rss: 599Mb L: 368/4012 MS: 2 ChangeByte-EraseBytes-
#9476564	REDUCE cov: 309 ft: 1525 corp: 353/98Kb lim: 4096 exec/s: 24174 rss: 599Mb L: 163/4012 MS: 2 ChangeByte-EraseBytes-
#9478860	REDUCE cov: 309 ft: 1525 corp: 353/98Kb lim: 4096 exec/s: 24180 rss: 599Mb L: 84/4012 MS: 1 EraseBytes-
#9483571	REDUCE cov: 309 ft: 1525 corp: 353/98Kb lim: 4096 exec/s: 24192 rss: 599Mb L: 1419/4012 MS: 1 EraseBytes-
#9484793	REDUCE cov: 309 ft: 1525 corp: 353/98Kb lim: 4096 exec/s: 24195 rss: 599Mb L: 152/4012 MS: 2 PersAutoDict-EraseBytes- DE: "\000\000\000\000"-
#9509522	REDUCE cov: 309 ft: 1525 corp: 353/98Kb lim: 4096 exec/s: 24135 rss: 599Mb L: 144/4012 MS: 2 PersAutoDict-EraseBytes- DE: "\000\000\000\000\000\000\000\002"-
#9510959	REDUCE cov: 309 ft: 1525 corp: 353/98Kb lim: 4096 exec/s: 24139 rss: 599Mb L: 1724/4012 MS: 2 ChangeByte-EraseBytes-
#9545507	REDUCE cov: 309 ft: 1525 corp: 353/98Kb lim: 4096 exec/s: 24104 rss: 599Mb L: 934/4012 MS: 1 EraseBytes-
#9550949	REDUCE cov: 309 ft: 1525 corp: 353/98Kb lim: 4096 exec/s: 24118 rss: 599Mb L: 386/4012 MS: 2 ChangeBinInt-EraseBytes-
#9554665	REDUCE cov: 309 ft: 1525 corp: 353/98Kb lim: 4096 exec/s: 24127 rss: 599Mb L: 2617/4012 MS: 1 EraseBytes-
#9564107	REDUCE cov: 309 ft: 1525 corp: 353/98Kb lim: 4096 exec/s: 24151 rss: 599Mb L: 115/4012 MS: 2 EraseBytes-InsertByte-
#9582860	REDUCE cov: 309 ft: 1525 corp: 353/98Kb lim: 4096 exec/s: 24138 rss: 599Mb L: 3956/4012 MS: 2 ChangeByte-EraseBytes-
#9610752	REDUCE cov: 309 ft: 1525 corp: 353/98Kb lim: 4096 exec/s: 24147 rss: 599Mb L: 918/4012 MS: 1 EraseBytes-
#9612188	REDUCE cov: 309 ft: 1525 corp: 353/98Kb lim: 4096 exec/s: 24151 rss: 599Mb L: 1714/4012 MS: 1 EraseBytes-
#9629398	REDUCE cov: 309 ft: 1525 corp: 353/98Kb lim: 4096 exec/s: 24133 rss: 599Mb L: 159/4012 MS: 1 EraseBytes-
#9641606	REDUCE cov: 309 ft: 1525 corp: 353/98Kb lim: 4096 exec/s: 24104 rss: 599Mb L: 158/4012 MS: 1 EraseBytes-
#9647602	REDUCE cov: 309 ft: 1525 corp: 353/98Kb lim: 4096 exec/s: 24119 rss: 599Mb L: 548/4012 MS: 1 EraseBytes-
#9676322	REDUCE cov: 309 ft: 1525 corp: 353/98Kb lim: 4096 exec/s: 24130 rss: 599Mb L: 255/4012 MS: 5 ChangeBinInt-CopyPart-ShuffleBytes-ChangeBinInt-EraseBytes-
#9680395	REDUCE cov: 309 ft: 1525 corp: 353/98Kb lim: 4096 exec/s: 24140 rss: 599Mb L: 547/4012 MS: 3 ChangeBinInt-CopyPart-EraseBytes-
#9686907	REDUCE cov: 309 ft: 1525 corp: 353/98Kb lim: 4096 exec/s: 24156 rss: 599Mb L: 1610/4012 MS: 2 ChangeBit-EraseBytes-
#9704035	REDUCE cov: 309 ft: 1525 corp: 353/98Kb lim: 4096 exec/s: 24139 rss: 599Mb L: 541/4012 MS: 1 EraseBytes-
#9705138	REDUCE cov: 309 ft: 1525 corp: 353/98Kb lim: 4096 exec/s: 24142 rss: 599Mb L: 429/4012 MS: 3 PersAutoDict-ChangeByte-EraseBytes- DE: "\010\000\000\000\000\000\000\000"-
#9730771	REDUCE cov: 309 ft: 1525 corp: 353/98Kb lim: 4096 exec/s: 24145 rss: 599Mb L: 523/4012 MS: 1 EraseBytes-
#9755345	REDUCE cov: 309 ft: 1525 corp: 353/98Kb lim: 4096 exec/s: 24146 rss: 599Mb L: 428/4012 MS: 2 ChangeASCIIInt-EraseBytes-
#9769181	REDUCE cov: 309 ft: 1525 corp: 353/98Kb lim: 4096 exec/s: 24181 rss: 599Mb L: 826/4012 MS: 1 EraseBytes-
#9791059	REDUCE cov: 309 ft: 1525 corp: 353/97Kb lim: 4096 exec/s: 24175 rss: 599Mb L: 1304/4012 MS: 2 ChangeBit-EraseBytes-
#9795495	REDUCE cov: 309 ft: 1525 corp: 353/97Kb lim: 4096 exec/s: 24126 rss: 599Mb L: 423/4012 MS: 1 EraseBytes-
#9809592	REDUCE cov: 309 ft: 1525 corp: 353/97Kb lim: 4096 exec/s: 24161 rss: 599Mb L: 1688/4012 MS: 2 ChangeBinInt-EraseBytes-
#9815494	REDUCE cov: 309 ft: 1525 corp: 353/97Kb lim: 4096 exec/s: 24116 rss: 599Mb L: 352/4012 MS: 2 ShuffleBytes-EraseBytes-
#9833605	REDUCE cov: 309 ft: 1525 corp: 353/97Kb lim: 4096 exec/s: 24161 rss: 599Mb L: 59/4012 MS: 4 InsertByte-ChangeBit-ShuffleBytes-EraseBytes-
#9849475	REDUCE cov: 309 ft: 1525 corp: 353/97Kb lim: 4096 exec/s: 24140 rss: 599Mb L: 2609/4012 MS: 1 EraseBytes-
#9881548	REDUCE cov: 309 ft: 1525 corp: 353/97Kb lim: 4096 exec/s: 24160 rss: 599Mb L: 308/4012 MS: 1 EraseBytes-
#9891299	REDUCE cov: 309 ft: 1525 corp: 353/97Kb lim: 4096 exec/s: 24184 rss: 599Mb L: 78/4012 MS: 1 EraseBytes-
==25238== libFuzzer: run interrupted; exiting
