INFO: Running with entropic power schedule (0xFF, 100).
INFO: Seed: 483651910
INFO: Loaded 1 modules   (1846 inline 8-bit counters): 1846 [0x582c93baae10, 0x582c93bab546), 
INFO: Loaded 1 PC tables (1846 PCs): 1846 [0x582c93bab548,0x582c93bb28a8), 
INFO:        3 files found in /home/jack/projects/peios/timed/fuzz/corpus/time_wire
INFO: -max_len is not provided; libFuzzer will not generate inputs larger than 4096 bytes
INFO: seed corpus: files: 3 min: 4b max: 4b total: 12b rss: 32Mb
#4	INITED cov: 80 ft: 81 corp: 3/12b exec/s: 0 rss: 33Mb
#8#4656	NEW    cov: 198 ft: 248 corp: 2/49b lim: 48 exec/s: 0 rss: 41Mb L: 48/48 MS: 4 CMP-ChangeBinInt-ChangeByte-InsertRepeatedBytes- DE: "\002\000\000\000\000\000\000\000"-
#5189	NEW    cov: 200 ft: 250 corp: 3/101b lim: 53 exec/s: 0 rss: 41Mb L: 52/52 MS: 3 ChangeByte-InsertRepeatedBytes-InsertRepeatedBytes-
	NEW_FUNC[1/2]: 0x5c1b08962d60  (/home/jack/projects/peios/timed/fuzz/target/x86_64-unknown-linux-gnu/release/source_accept+0x161d60) (BuildId: bd9ec663c37a1cb7b357e7c5499eebec26e0726d)
	NEW_FUNC[2/2]: 0x5c1b0896f9c0  (/home/jack/projects/peios/timed/fuzz/target/x86_64-unknown-linux-gnu/release/source_accept+0x16e9c0) (BuildId: bd9ec663c37a1cb7b357e7c5499eebec26e0726d)
#5191	NEW    cov: 215 ft: 268 corp: 4/151b lim: 53 exec/s: 0 rss: 41Mb L: 50/52 MS: 2 ChangeByte-InsertRepeatedBytes-
#5247	NEW    cov: 216 ft: 269 corp: 5/199b lim#42806	REDUCE cov: 48 ft: 50 corp: 7/33b lim: 421 exec/s: 0 rss: 38Mb L: 10/10 MS: 5 ChangeByte-EraseBytes-InsertByte-CMP-ChangeBit- DE: "\000\000\000\000\000\000\000\007"-
#42837	NEW    cov: 56 ft: 58 corp: 8/53b lim: 421 exec/s: 0 rss: 38Mb L: 20/20 MS: 1 CrossOver-
#42903	REDUCE cov: 56 ft: 58 corp: 8/48b lim: 421 exec/s: 0 rss: 38Mb L: 5/20 MS: 1 EraseBytes-
#42920	REDUCE cov: 56 ft: 58 corp: 8/47b lim: 421 exec/s: 0 rss: 38Mb L: 4/20 MS: 2 PersAutoDict-EraseBytes- DE: "\377\377"-
#44155	NEW    cov: 59 ft: 61 corp: 9/75b lim: 429 exec/s: 0 rss: 39Mb L: 28/28 MS: 5 CrossOver-ChangeBit-ChangeBit-ChangeBit-PersAutoDict- DE: "\000\000\000\000\000\000\000\007"-
#44527	REDUCE cov: 59 ft: 61 corp: 9/74b lim: 429 exec/s: 0 rss: 39Mb L: 27/27 MS: 2 ShuffleBytes-EraseBytes-
#44604	REDUCE cov: 59 ft: 61 corp: 9/72b lim: 429 exec/s: 0 rss: 39Mb L: 25/25 MS: 2 ChangeBit-EraseBytes-
	NEW_FUNC[1/16]: 0x5c18db5cecd0  (/home/jack/projects/peios/timed/fuzz/target/x86_64-unknown-linux-gnu/release/nts_authenticator+0x139cd0) (BuildId: 086fd2e761e639f51fdc9b89ac21f6d2d721e6f7)
	NEW_FUNC[2/16]: 0x5c18db5cfa70  (/home/jack/projects/peios/timed/fuzz/target/x86_64-unknown-linux-gnu/release/nts_authenticator+0x13aa70) (BuildId: 086fd2e761e639f51fdc9b89ac21f6d2d721e6f7)
#44904	NEW    cov: 167 ft: 170 corp: 10/186b lim: 429 exec/s: 0 rss: 39Mb L: 114/114 MS: 5 ChangeBinInt-ChangeBit-InsertRepeatedBytes-ChangeBinInt-InsertRepeatedBytes-
#44998	REDUCE cov: 167 ft: 170 corp: 10/185b lim: 429 exec/s: 0 rss: 40Mb L: 24/114 MS: 4 CopyPart-EraseBytes-ChangeBit-InsertByte-
	NEW_FUNC[1/2]: 0x5c18db5cf180  (/home/jack/projects/peios/timed/fuzz/target/x86_64-unknown-linux-gnu/release/nts_authenticator+0x13a180) (BuildId: 086fd2e761e639f51fdc9b89ac21f6d2d721e6f7)
	NEW_FUNC[2/2]: 0x5c18db5d8c00  (/home/jack/projects/peios/timed/fuzz/target/x86_64-unknown-linux-gnu/release/nts_authenticator+0x143c00#8631	NEW    cov: 146 ft: 163 corp: 17/115b lim: 53 exec/s: 0 rss: 100Mb L: #11499	REDUCE cov: 245 ft: 303 corp: 13/747b lim: 104 exec/s: 0 rss: 45Mb L: 64/86 MS: 2 ShuffleBytes-EraseBytes-
#13575	REDUCE cov: 245 ft: 303 corp: 13/743b lim: 122 exec/s: 0 rss: 46Mb L: 48/86 MS: 1 EraseBytes-
#13884	NEW    cov: 255 ft: 313 corp: 14/831b lim: 122 exec/s: 0 rss: 46Mb L: 88/88 MS: 4 CMP-CopyPart-ChangeByte-CMP- DE: "\000\000\000\000\000\000#("-"\377\377"-
#15171	REDUCE cov: 255 ft: 313 corp: 14/825b lim: 128 exec/s: 0 rss: 46Mb L: 73/88 MS: 2 InsertByte-EraseBytes-
#18487	REDUCE cov: 255 ft: 313 corp: 14/820b lim: 156 exec/s: 0 rss: 48Mb L: 81/88 MS: 1 EraseBytes-
#18877	REDUCE cov: 255 ft: 313 corp: 14/816b lim: 156 exec/s: 0 rss: 48Mb L: 84/84 MS: 5 ChangeBinInt-ChangeByte-CopyPart-EraseBytes-InsertByte-
#19053	REDUCE cov: 255 ft: 313 corp: 14/810b lim: 156 exec/s: 0 rss: 48Mb L: 67/84 MS: 1 EraseBytes-
#20379	REDUCE cov: 255 ft: 313 corp: 14/809b lim: 163 exec/s: 0 rss: 49Mb L: 80/84 MS: 1 EraseBytes-
#26640	REDUCE cov: 255 ft: 313 corp: 14/789b lim: 219 exec/s: 0 rss: 53Mb L: 64/80 MS: 1 CrossOver-
#51757	REDUCE cov: 257 ft: 318 corp: 15/890b lim: 461 exec/s: 0 rss: 66Mb L: 101/101 MS: 2 ChangeBinInt-CopyPart-
#62936	REDUCE cov: 257 ft: 318 corp: 15/887b lim: 571 exec/s: 0 rss: 72Mb L: 98/98 MS: 4 ChangeBinInt-ShuffleBytes-CopyPart-EraseBytes-
#63707	REDUCE cov: 257 ft: 320 corp: 16/985b lim: 571 exec/s: 0 rss: 72Mb L: 98/98 MS: 1 CopyPart-
#64974	REDUCE cov: 257 ft: 320 corp: 16/977b lim: 580 exec/s: 0 rss: 73Mb L: 90/98 MS: 2 PersAutoDict-EraseBytes- DE: "\377\377"-
#68329	REDUCE cov: 257 ft: 320 corp: 16/974b lim: 607 exec/s: 0 rss: 75Mb L: 87/98 MS: 5 ChangeBit-ChangeBinInt-CrossOver-ShuffleBytes-EraseBytes-
#68400	NEW    cov: 257 ft: 324 corp: 17/1086b lim: 607 exec/s: 0 rss: 75Mb L: 112/112 MS: 1 CopyPart-
#73636	REDUCE cov: 257 ft: 324 corp: 17/1085b lim: 652 exec/s: 0 rss: 78Mb L: 66/112 MS: 1 EraseBytes-
#81394	REDUCE cov: 257 ft: 324 corp: 17/1079b lim: 724 exec/s: 0 rss: 82Mb L: 81/112 MS: 3 EraseBytes-ShuffleBytes-PersAutoDict- DE: "\002\000\000\000\000\000\000\000"-
#96380	NEW    cov: 259 ft: 330 corp: 18/1179b lim: 868 exec/s: 0 rss: 90Mb L: 100/112 MS: 1 PersAutoDict- DE: "\377\377"-
#96768	NEW    cov: 259 ft: 336 corp: 19/1299b lim: 868 exec/s: 0 rss: 91Mb L: 120/120 MS: 3 ChangeBinInt-ChangeByte-CMP- DE: "\000\000\000\000\000\000\000r"-
#99519	NEW    cov: 259 ft: 343 corp: 20/1411b lim: 895 exec/s: 0 rss: 92Mb L: 112/120 MS: 1 CopyPart-
#103985	NEW    cov: 259 ft: 345 corp: 21/1524b lim: 931 exec/s: 0 rss: 95Mb L: 113/120 MS: 1 InsertByte-
#145750	REDUCE cov: 259 ft: 345 corp: 21/1520b lim: 1340 exec/s: 145750 rss: 120Mb L: 116/116 MS: 3 ChangeBit-CopyPart-EraseBytes-
#146751	REDUCE cov: 259 ft: 345 corp: 21/1519b lim: 1340 exec/s: 146751 rss: 121Mb L: 65/116 MS: 1 EraseBytes-
#228974	NEW    cov: 261 ft: 357 corp: 22/1691b lim: 2149 exec/s: 228974 rss: 169Mb L: 172/172 MS: 3 InsertByte-ChangeBit-CopyPart-
#229718	RELOAD cov: 261 ft: 358 corp: 23/1852b lim: 2149 exec/s: 114859 rss: 170Mb
#262144	pulse  cov: 261 ft: 358 corp: 23/1852b lim: 2479 exec/s: 131072 rss: 189Mb
#290891	NEW    cov: 261 ft: 365 corp: 24/2240b lim: 2765 exec/s: 145445 rss: 206Mb L: 388/388 MS: 3 ChangeByte-CrossOver-CopyPart-
#291092	REDUCE cov: 261 ft: 365 corp: 24/2190b lim: 2765 exec/s: 145546 rss: 206Mb L: 338/338 MS: 1 CrossOver-
#296048	REDUCE cov: 261 ft: 365 corp: 24/2081b lim: 2809 exec/s: 148024 rss: 209Mb L: 229/229 MS: 1 EraseBytes-
#300024	REDUCE cov: 261 ft: 365 corp: 24/2051b lim: 2842 exec/s: 150012 rss: 211Mb L: 142/229 MS: 1 EraseBytes-
#346321	REDUCE cov: 261 ft: 365 corp: 24/2029b lim: 3293 exec/s: 173160 rss: 239Mb L: 207/207 MS: 2 ChangeBit-EraseBytes-
#347739	RELOAD cov: 261 ft: 367 corp: 25/2177b lim: 3304 exec/s: 115913 rss: 240Mb
#452108	RELOAD cov: 261 ft: 371 corp: 26/2353b lim: 4096 exec/s: 113027 rss: 302Mb
#477014	REDUCE cov: 261 ft: 371 corp: 26/2350b lim: 4096 exec/s: 119253 rss: 318Mb L: 139/207 MS: 1 EraseBytes-
#479826	REDUCE cov: 261 ft: 371 corp: 26/2344b lim: 4096 exec/s: 119956 rss: 319Mb L: 133/207 MS: 2 CMP-EraseBytes- DE: "\000\000\000\000\000\000\000\017"-
#524288	pulse  cov: 261 ft: 371 corp: 26/2344b lim: 4096 exec/s: 131072 rss: 347Mb
#546939	RELOAD cov: 261 ft: 374 corp: 27/2538b lim: 4096 exec/s: 109387 rss: 362Mb
#564421	REDUCE cov: 261 ft: 374 corp: 27/2535b lim: 4096 exec/s: 112884 rss: 373Mb L: 130/207 MS: 2 ChangeByte-EraseBytes-
#665102	RELOAD cov: 261 ft: 377 corp: 29/2980b lim: 4096 exec/s: 110850 rss: 436Mb
#737598	REDUCE cov: 261 ft: 377 corp: 29/2969b lim: 4096 exec/s: 122933 rss: 483Mb L: 150/229 MS: 1 EraseBytes-
#759666	REDUCE cov: 261 ft: 377 corp: 29/2968b lim: 4096 exec/s: 126611 rss: 498Mb L: 97/229 MS: 3 ChangeByte-ChangeBinInt-EraseBytes-
#919929	REDUCE cov: 261 ft: 377 corp: 29/2947b lim: 4096 exec/s: 114991 rss: 513Mb L: 186/229 MS: 4 ChangeBinInt-ChangeByte-CrossOver-EraseBytes-
#938365	REDUCE cov: 261 ft: 377 corp: 29/2927b lim: 4096 exec/s: 117295 rss: 513Mb L: 128/229 MS: 1 EraseBytes-
#980850	REDUCE cov: 261 ft: 377 corp: 29/2903b lim: 4096 exec/s: 108983 rss: 517Mb L: 192/229 MS: 4 CopyPart-ChangeByte-ChangeByte-EraseBytes-
#1048576	pulse  cov: 261 ft: 377 corp: 29/2903b lim: 4096 exec/s: 104857 rss: 520Mb
#1050547	REDUCE cov: 261 ft: 377 corp: 29/2883b lim: 4096 exec/s: 105054 rss: 520Mb L: 96/229 MS: 1 EraseBytes-
#1055785	REDUCE cov: 261 ft: 377 corp: 29/2882b lim: 4096 exec/s: 105578 rss: 520Mb L: 129/229 MS: 3 ChangeBit-EraseBytes-CopyPart-
#1248168	RELOAD cov: 261 ft: 394 corp: 30/3216b lim: 4096 exec/s: 104014 rss: 526Mb
#1402804	REDUCE cov: 261 ft: 394 corp: 30/3212b lim: 4096 exec/s: 107908 rss: 527Mb L: 146/334 MS: 1 EraseBytes-
#1782519	REDUCE cov: 261 ft: 394 corp: 30/3207b lim: 4096 exec/s: 104854 rss: 527Mb L: 181/334 MS: 1 EraseBytes-
#1927996	REDUCE cov: 261 ft: 394 corp: 30/3187b lim: 4096 exec/s: 107110 rss: 527Mb L: 80/334 MS: 1 EraseBytes-
#2008777	REDUCE cov: 261 ft: 394 corp: 30/3183b lim: 4096 exec/s: 105725 rss: 527Mb L: 177/334 MS: 1 EraseBytes-
#2097152	pulse  cov: 261 ft: 394 corp: 30/3183b lim: 4096 exec/s: 104857 rss: 527Mb
#2230979	RELOAD cov: 261 ft: 401 corp: 32/4395b lim: 4096 exec/s: 101408 rss: 527Mb
#2316777	REDUCE cov: 261 ft: 401 corp: 32/4363b lim: 4096 exec/s: 105308 rss: 527Mb L: 396/784 MS: 3 ChangeByte-ChangeByte-EraseBytes-
#2475791	REDUCE cov: 261 ft: 401 corp: 32/4352b lim: 4096 exec/s: 103157 rss: 527Mb L: 323/784 MS: 1 EraseBytes-
#2490710	REDUCE cov: 261 ft: 401 corp: 32/4350b lim: 4096 exec/s: 99628 rss: 527Mb L: 144/784 MS: 2 ChangeBinInt-EraseBytes-
#2513336	REDUCE cov: 261 ft: 401 corp: 32/4332b lim: 4096 exec/s: 100533 rss: 527Mb L: 378/784 MS: 1 EraseBytes-
#2600102	RELOAD cov: 261 ft: 409 corp: 33/4944b lim: 4096 exec/s: 96300 rss: 527Mb
#2823607	REDUCE cov: 261 ft: 409 corp: 33/4940b lim: 4096 exec/s: 97365 rss: 527Mb L: 780/780 MS: 5 ChangeBinInt-ChangeBit-PersAutoDict-CopyPart-EraseBytes- DE: "\377\377"-
#3032298	REDUCE cov: 261 ft: 409 corp: 33/4936b lim: 4096 exec/s: 94759 rss: 527Mb L: 374/780 MS: 1 EraseBytes-
#3781845	REDUCE cov: 261 ft: 409 corp: 33/4920b lim: 4096 exec/s: 92240 rss: 527Mb L: 596/780 MS: 1 EraseBytes-
#4067084	REDUCE cov: 261 ft: 409 corp: 33/4918b lim: 4096 exec/s: 92433 rss: 527Mb L: 227/780 MS: 2 PersAutoDict-EraseBytes- DE: "\377\377"-
#4194304	pulse  cov: 261 ft: 409 corp: 33/4918b lim: 4096 exec/s: 91180 rss: 527Mb
#4856123	REDUCE cov: 261 ft: 409 corp: 33/4915b lim: 4096 exec/s: 88293 rss: 527Mb L: 224/780 MS: 1 EraseBytes-
#6345248	REDUCE cov: 261 ft: 413 corp: 34/6029b lim: 4096 exec/s: 84603 rss: 527Mb L: 1114/1114 MS: 1 CopyPart-
#6446241	RELOAD cov: 261 ft: 416 corp: 35/7481b lim: 4096 exec/s: 83717 rss: 527Mb
#6483107	REDUCE cov: 261 ft: 416 corp: 35/7281b lim: 4096 exec/s: 84196 rss: 527Mb L: 1252/1252 MS: 1 EraseBytes-
#6565985	REDUCE cov: 261 ft: 416 corp: 35/7230b lim: 4096 exec/s: 84179 rss: 527Mb L: 1201/1201 MS: 1 EraseBytes-
#6606548	RELOAD cov: 261 ft: 418 corp: 36/8832b lim: 4096 exec/s: 83627 rss: 527Mb
#6607059	REDUCE cov: 261 ft: 418 corp: 36/8814b lim: 4096 exec/s: 83633 rss: 527Mb L: 1096/1602 MS: 1 EraseBytes-
#6637638	REDUCE cov: 261 ft: 418 corp: 36/8736b lim: 4096 exec/s: 84020 rss: 527Mb L: 1524/1524 MS: 4 ChangeBinInt-ShuffleBytes-CopyPart-CrossOver-
#6643079	REDUCE cov: 261 ft: 418 corp: 36/8553b lim: 4096 exec/s: 84089 rss: 527Mb L: 1341/1341 MS: 1 EraseBytes-
#6667945	REDUCE cov: 261 ft: 418 corp: 36/8525b lim: 4096 exec/s: 84404 rss: 527Mb L: 1173/1341 MS: 1 EraseBytes-
#6709535	REDUCE cov: 261 ft: 418 corp: 36/8479b lim: 4096 exec/s: 83869 rss: 527Mb L: 1127/1341 MS: 2 ChangeBinInt-EraseBytes-
#7122168	REDUCE cov: 261 ft: 418 corp: 36/8478b lim: 4096 exec/s: 82815 rss: 532Mb L: 1340/1340 MS: 1 EraseBytes-
#7175729	REDUCE cov: 261 ft: 418 corp: 36/8438b lim: 4096 exec/s: 82479 rss: 532Mb L: 1300/1300 MS: 1 EraseBytes-
#7237939	REDUCE cov: 261 ft: 418 corp: 36/8351b lim: 4096 exec/s: 83194 rss: 532Mb L: 1213/1213 MS: 3 PersAutoDict-ChangeBit-EraseBytes- DE: "\377\377"-
#7623635	REDUCE cov: 261 ft: 418 corp: 36/8327b lim: 4096 exec/s: 82865 rss: 532Mb L: 1189/1189 MS: 3 PersAutoDict-ChangeBinInt-EraseBytes- DE: "\000\000\000\000\000\000\000\017"-
#8388608	pulse  cov: 261 ft: 418 corp: 36/8327b lim: 4096 exec/s: 83886 rss: 532Mb
#9337026	REDUCE cov: 261 ft: 418 corp: 36/8322b lim: 4096 exec/s: 82628 rss: 532Mb L: 1122/1189 MS: 1 EraseBytes-
#9625441	REDUCE cov: 261 ft: 418 corp: 36/8299b lim: 4096 exec/s: 82268 rss: 532Mb L: 1073/1189 MS: 3 CopyPart-ChangeBit-EraseBytes-
#11373202	REDUCE cov: 261 ft: 418 corp: 36/8285b lim: 4096 exec/s: 83016 rss: 532Mb L: 1175/1175 MS: 3 ShuffleBytes-CMP-EraseBytes- DE: "\377\377"-
#12167647	REDUCE cov: 261 ft: 418 corp: 36/8281b lim: 4096 exec/s: 82773 rss: 532Mb L: 1118/1175 MS: 1 EraseBytes-
#14674592	REDUCE cov: 261 ft: 418 corp: 36/8247b lim: 4096 exec/s: 82441 rss: 532Mb L: 1084/1175 MS: 1 EraseBytes-
#16777216	pulse  cov: 261 ft: 418 corp: 36/8247b lim: 4096 exec/s: 81442 rss: 532Mb
#17441380	REDUCE cov: 261 ft: 418 corp: 36/8244b lim: 4096 exec/s: 81501 rss: 532Mb L: 371/1175 MS: 1 EraseBytes-
#18053791	REDUCE cov: 261 ft: 418 corp: 36/8028b lim: 4096 exec/s: 81691 rss: 532Mb L: 564/1175 MS: 5 ChangeBinInt-ChangeBit-InsertRepeatedBytes-EraseBytes-CrossOver-
#19567998	REDUCE cov: 261 ft: 418 corp: 36/8027b lim: 4096 exec/s: 81533 rss: 532Mb L: 193/1175 MS: 2 ChangeBinInt-EraseBytes-
#22381615	REDUCE cov: 261 ft: 424 corp: 37/10175b lim: 4096 exec/s: 82588 rss: 532Mb L: 2148/2148 MS: 1 CopyPart-
#24919639	REDUCE cov: 261 ft: 424 corp: 37/10174b lim: 4096 exec/s: 81171 rss: 532Mb L: 370/2148 MS: 3 ShuffleBytes-ChangeASCIIInt-EraseBytes-
#25643690	REDUCE cov: 261 ft: 424 corp: 37/10173b lim: 4096 exec/s: 81150 rss: 532Mb L: 369/2148 MS: 1 EraseBytes-
#26297777	REDUCE cov: 261 ft: 424 corp: 37/10172b lim: 4096 exec/s: 80916 rss: 532Mb L: 368/2148 MS: 1 EraseBytes-
#33554432	pulse  cov: 261 ft: 424 corp: 37/10172b lim: 4096 exec/s: 82443 rss: 532Mb
==25267== libFuzzer: run interrupted; exiting
v: 235 ft: 491 corp: 48/14977b lim: 4096 exec/s: 272280 rss: 613Mb L: 1656/1656 MS: 2 ChangeBit-CopyPart-
#7285463	REDUCE cov: 235 ft: 491 corp: 48/14973b lim: 4096 exec/s: 235014 rss: 613Mb L: 700/1656 MS: 2 CrossOver-EraseBytes-
#7503139	REDUCE cov: 235 ft: 491 corp: 48/14963b lim: 4096 exec/s: 234473 rss: 613Mb L: 402/1656 MS: 5 ShuffleBytes-ShuffleBytes-ShuffleBytes-ChangeBit-EraseBytes-
#7812577	RELOAD cov: 235 ft: 493 corp: 49/17Kb lim: 4096 exec/s: 229781 rss: 613Mb
#8214923	REDUCE cov: 235 ft: 493 corp: 49/17Kb lim: 4096 exec/s: 228192 rss: 613Mb L: 212/3004 MS: 2 ChangeBinInt-EraseBytes-
#8388608	pulse  cov: 235 ft: 493 corp: 49/17Kb lim: 4096 exec/s: 226719 rss: 613Mb
#8587098	RELOAD cov: 235 ft: 495 corp: 50/20Kb lim: 4096 exec/s: 225976 rss: 613Mb
#8896552	REDUCE cov: 235 ft: 495 corp: 50/20Kb lim: 4096 exec/s: 228116 rss: 613Mb L: 1496/3260 MS: 2 ShuffleBytes-EraseBytes-
#8928149	REDUCE cov: 235 ft: 495 corp: 50/20Kb lim: 4096 exec/s: 223203 rss: 613Mb L: 2800/3260 MS: 1 EraseBytes-
#9019845	REDUCE cov: 235 ft: 495 corp: 50/20Kb lim: 4096 exec/s: 225496 rss: 613Mb L: 2768/3260 MS: 1 EraseBytes-
#9845683	REDUCE cov: 235 ft: 495 corp: 50/20Kb lim: 4096 exec/s: 209482 rss: 613Mb L: 2576/3260 MS: 1 EraseBytes-
#10045685	REDUCE cov: 235 ft: 495 corp: 50/20Kb lim: 4096 exec/s: 209285 rss: 613Mb L: 208/3260 MS: 1 EraseBytes-
#10108343	REDUCE cov: 235 ft: 495 corp: 50/20Kb lim: 4096 exec/s: 210590 rss: 613Mb L: 729/3260 MS: 3 ChangeBinInt-CopyPart-EraseBytes-
#10165002	REDUCE cov: 235 ft: 495 corp: 50/20Kb lim: 4096 exec/s: 207449 rss: 613Mb L: 724/3260 MS: 4 CMP-ChangeByte-PersAutoDict-EraseBytes- DE: "\001\000\000\000"-"\377\377\377\377\377\377\377\005"-
#10214784	REDUCE cov: 235 ft: 495 corp: 50/20Kb lim: 4096 exec/s: 208464 rss: 613Mb L: 722/3260 MS: 2 ChangeByte-EraseBytes-
#10375278	REDUCE cov: 235 ft: 495 corp: 50/20Kb lim: 4096 exec/s: 207505 rss: 613Mb L: 700/3260 MS: 2 ChangeBit-EraseBytes-
#10384684	REDUCE cov: 235 ft: 495 corp: 50/20Kb lim: 4096 exec/s: 207693 rss: 613Mb L: 698/3260 MS: 1 EraseBytes-
#10870659	REDUCE cov: 235 ft: 495 corp: 50/20Kb lim: 4096 exec/s: 197648 rss: 613Mb L: 528/3260 MS: 2 ChangeBit-EraseBytes-
#10915857	REDUCE cov: 235 ft: 495 corp: 50/20Kb lim: 4096 exec/s: 198470 rss: 613Mb L: 476/3260 MS: 2 PersAutoDict-EraseBytes- DE: "\001\000\000\000\000\000\000\020"-
#10934373	REDUCE cov: 235 ft: 495 corp: 50/20Kb lim: 4096 exec/s: 198806 rss: 613Mb L: 415/3260 MS: 1 EraseBytes-
#11045700	REDUCE cov: 235 ft: 495 corp: 50/20Kb lim: 4096 exec/s: 197244 rss: 613Mb L: 496/3260 MS: 2 ChangeBinInt-EraseBytes-
#11178616	REDUCE cov: 235 ft: 495 corp: 50/20Kb lim: 4096 exec/s: 196116 rss: 613Mb L: 689/3260 MS: 1 EraseBytes-
#11192232	REDUCE cov: 235 ft: 495 corp: 50/20Kb lim: 4096 exec/s: 196354 rss: 613Mb L: 414/3260 MS: 1 EraseBytes-
#11256604	REDUCE cov: 235 ft: 495 corp: 50/20Kb lim: 4096 exec/s: 194079 rss: 613Mb L: 1489/3260 MS: 2 ChangeBinInt-EraseBytes-
#13351178	REDUCE cov: 235 ft: 495 corp: 50/20Kb lim: 4096 exec/s: 190731 rss: 613Mb L: 924/3260 MS: 3 ChangeBinInt-ChangeByte-EraseBytes-
#13378109	REDUCE cov: 235 ft: 495 corp: 50/20Kb lim: 4096 exec/s: 191115 rss: 613Mb L: 1652/3260 MS: 1 EraseBytes-
#13637471	RELOAD cov: 235 ft: 496 corp: 51/22Kb lim: 4096 exec/s: 189409 rss: 613Mb
#13804732	REDUCE cov: 235 ft: 496 corp: 51/22Kb lim: 4096 exec/s: 191732 rss: 613Mb L: 2512/3260 MS: 1 EraseBytes-
#14319159	REDUCE cov: 235 ft: 496 corp: 51/22Kb lim: 4096 exec/s: 190922 rss: 613Mb L: 1320/3260 MS: 2 CopyPart-EraseBytes-
#15037867	REDUCE cov: 235 ft: 496 corp: 51/22Kb lim: 4096 exec/s: 190352 rss: 613Mb L: 2200/3260 MS: 2 ChangeBinInt-EraseBytes-
#15408099	REDUCE cov: 235 ft: 496 corp: 51/22Kb lim: 4096 exec/s: 187903 rss: 613Mb L: 1478/3260 MS: 1 EraseBytes-
#15821983	REDUCE cov: 235 ft: 496 corp: 51/22Kb lim: 4096 exec/s: 186140 rss: 613Mb L: 2040/3260 MS: 4 ChangeBinInt-ChangeByte-ShuffleBytes-EraseBytes-
#15914939	REDUCE cov: 235 ft: 496 corp: 51/22Kb lim: 4096 exec/s: 187234 rss: 613Mb L: 1475/3260 MS: 1 CrossOver-
#16145155	REDUCE cov: 235 ft: 496 corp: 51/22Kb lim: 4096 exec/s: 185576 rss: 613Mb L: 1473/3260 MS: 1 EraseBytes-
#16777216	pulse  cov: 235 ft: 496 corp: 51/22Kb lim: 4096 exec/s: 184365 rss: 613Mb
#16796901	REDUCE cov: 235 ft: 496 corp: 51/22Kb lim: 4096 exec/s: 184581 rss: 613Mb L: 904/3260 MS: 1 EraseBytes-
#17427035	REDUCE cov: 235 ft: 496 corp: 51/22Kb lim: 4096 exec/s: 183442 rss: 613Mb L: 1471/3260 MS: 2 ShuffleBytes-EraseBytes-
#17812078	REDUCE cov: 235 ft: 496 corp: 51/22Kb lim: 4096 exec/s: 181755 rss: 613Mb L: 1467/3260 MS: 1 EraseBytes-
#18184627	REDUCE cov: 235 ft: 496 corp: 51/22Kb lim: 4096 exec/s: 180045 rss: 613Mb L: 64/3260 MS: 3 ChangeBinInt-PersAutoDict-EraseBytes- DE: "\001\000\000\000\000\000\000\020"-
#20130960	REDUCE cov: 235 ft: 496 corp: 51/22Kb lim: 4096 exec/s: 176587 rss: 613Mb L: 241/3260 MS: 1 EraseBytes-
#22479312	REDUCE cov: 235 ft: 496 corp: 51/21Kb lim: 4096 exec/s: 171597 rss: 613Mb L: 656/3260 MS: 4 ChangeByte-EraseBytes-CopyPart-EraseBytes-
#22692229	REDUCE cov: 235 ft: 496 corp: 51/21Kb lim: 4096 exec/s: 171910 rss: 613Mb L: 624/3260 MS: 1 EraseBytes-
#22955641	REDUCE cov: 235 ft: 496 corp: 51/21Kb lim: 4096 exec/s: 171310 rss: 613Mb L: 312/3260 MS: 1 EraseBytes-
#23157815	REDUCE cov: 235 ft: 496 corp: 51/21Kb lim: 4096 exec/s: 171539 rss: 613Mb L: 310/3260 MS: 3 PersAutoDict-ChangeBit-EraseBytes- DE: "\377\377\377\377\377\377\377\005"-
#23416422	REDUCE cov: 235 ft: 496 corp: 51/21Kb lim: 4096 exec/s: 170922 rss: 613Mb L: 2008/3260 MS: 1 EraseBytes-
#24374888	REDUCE cov: 235 ft: 496 corp: 51/21Kb lim: 4096 exec/s: 171654 rss: 613Mb L: 1466/3260 MS: 1 CrossOver-
#26636254	REDUCE cov: 235 ft: 496 corp: 51/21Kb lim: 4096 exec/s: 168583 rss: 613Mb L: 177/3260 MS: 2 InsertRepeatedBytes-EraseBytes-
#27180579	REDUCE cov: 235 ft: 496 corp: 51/21Kb lim: 4096 exec/s: 167781 rss: 613Mb L: 2508/3260 MS: 4 PersAutoDict-ShuffleBytes-ShuffleBytes-EraseBytes- DE: "\001\000\000\000\000\000\000\020"-
#33118094	REDUCE cov: 235 ft: 496 corp: 51/21Kb lim: 4096 exec/s: 160767 rss: 613Mb L: 1465/3260 MS: 2 ChangeBinInt-EraseBytes-
#33554432	pulse  cov: 235 ft: 496 corp: 51/21Kb lim: 4096 exec/s: 160547 rss: 613Mb
#34467807	REDUCE cov: 235 ft: 496 corp: 51/21Kb lim: 4096 exec/s: 159573 rss: 613Mb L: 924/3260 MS: 1 EraseBytes-
#34950211	REDUCE cov: 235 ft: 496 corp: 51/21Kb lim: 4096 exec/s: 158864 rss: 613Mb L: 1461/3260 MS: 2 ChangeByte-EraseBytes-
#35045739	REDUCE cov: 235 ft: 496 corp: 51/21Kb lim: 4096 exec/s: 159298 rss: 613Mb L: 1912/3260 MS: 1 EraseBytes-
#36705206	REDUCE cov: 235 ft: 496 corp: 51/21Kb lim: 4096 exec/s: 156859 rss: 613Mb L: 2432/3260 MS: 1 EraseBytes-
#39544250	REDUCE cov: 235 ft: 496 corp: 51/21Kb lim: 4096 exec/s: 156301 rss: 613Mb L: 904/3260 MS: 1 CrossOver-
#50101227	REDUCE cov: 235 ft: 496 corp: 51/21Kb lim: 4096 exec/s: 151821 rss: 613Mb L: 392/3260 MS: 1 EraseBytes-
#50864904	REDUCE cov: 235 ft: 496 corp: 51/21Kb lim: 4096 exec/s: 151383 rss: 613Mb L: 361/3260 MS: 1 EraseBytes-
#52146807	REDUCE cov: 235 ft: 496 corp: 51/21Kb lim: 4096 exec/s: 151150 rss: 613Mb L: 464/3260 MS: 5 InsertByte-CopyPart-PersAutoDict-ChangeByte-EraseBytes- DE: "\377\377"-
#56716166	REDUCE cov: 235 ft: 496 corp: 51/21Kb lim: 4096 exec/s: 151243 rss: 613Mb L: 305/3260 MS: 1 EraseBytes-
#57546359	REDUCE cov: 235 ft: 496 corp: 51/21Kb lim: 4096 exec/s: 151040 rss: 613Mb L: 349/3260 MS: 2 ChangeBinInt-EraseBytes-
==25256== libFuzzer: run interrupted; exiting
ytes-InsertByte-EraseBytes-
#8609559	REDUCE cov: 223 ft: 395 corp: 33/2676b lim: 4096 exec/s: 86095 rss: 503Mb L: 156/396 MS: 3 InsertByte-InsertRepeatedBytes-EraseBytes-
#11861055	REDUCE cov: 223 ft: 395 corp: 33/2623b lim: 4096 exec/s: 85331 rss: 503Mb L: 343/343 MS: 5 ChangeBinInt-InsertRepeatedBytes-ChangeByte-EraseBytes-ChangeBit-
#11876894	REDUCE cov: 223 ft: 395 corp: 33/2613b lim: 4096 exec/s: 84834 rss: 503Mb L: 333/333 MS: 3 ChangeBinInt-InsertByte-CrossOver-
#12150881	REDUCE cov: 223 ft: 395 corp: 33/2612b lim: 4096 exec/s: 85569 rss: 503Mb L: 332/332 MS: 1 EraseBytes-
#14979987	REDUCE cov: 223 ft: 395 corp: 33/2606b lim: 4096 exec/s: 86589 rss: 503Mb L: 59/332 MS: 5 ChangeBinInt-CMP-ChangeBinInt-EraseBytes-PersAutoDict- DE: "\377\377\377\377\377\377\377\377"-"\377\377\377\377"-
#15490610	REDUCE cov: 223 ft: 395 corp: 33/2602b lim: 4096 exec/s: 86539 rss: 503Mb L: 55/332 MS: 3 EraseBytes-ChangeBit-CMP- DE: "\310\005\000\000\000\000\000\000"-
#16777216	pulse  cov: 223 ft: 395 corp: 33/2602b lim: 4096 exec/s: 87381 rss: 503Mb
#19412343	REDUCE cov: 223 ft: 395 corp: 33/2600b lim: 4096 exec/s: 87442 rss: 503Mb L: 53/332 MS: 2 EraseBytes-ChangeByte-
#25166195	REDUCE cov: 223 ft: 395 corp: 33/2564b lim: 4096 exec/s: 88613 rss: 503Mb L: 52/332 MS: 5 CopyPart-CrossOver-InsertByte-EraseBytes-CrossOver-
#31541775	REDUCE cov: 223 ft: 395 corp: 33/2561b lim: 4096 exec/s: 90119 rss: 503Mb L: 329/329 MS: 2 ChangeBinInt-EraseBytes-
#31551839	REDUCE cov: 223 ft: 395 corp: 33/2560b lim: 4096 exec/s: 90148 rss: 503Mb L: 328/328 MS: 4 InsertByte-PersAutoDict-EraseBytes-InsertRepeatedBytes- DE: "\025\000\000\000\000\000\000\000"-
#33554432	pulse  cov: 223 ft: 395 corp: 33/2560b lim: 4096 exec/s: 91180 rss: 503Mb
==25277== libFuzzer: run interrupted; exiting
t: 314 corp: 61/1107b lim: 535 exec/s: 0 rss: 158Mb L: 17/55 MS: 1 EraseBytes-
#103146	REDUCE cov: 198 ft: 314 corp: 61/1105b lim: 535 exec/s: 0 rss: 158Mb L: 28/55 MS: 1 EraseBytes-
#103957	REDUCE cov: 198 ft: 314 corp: 61/1093b lim: 535 exec/s: 0 rss: 158Mb L: 28/55 MS: 1 EraseBytes-
#104218	REDUCE cov: 198 ft: 314 corp: 61/1092b lim: 535 exec/s: 0 rss: 158Mb L: 42/55 MS: 1 EraseBytes-
#104624	REDUCE cov: 198 ft: 314 corp: 61/1091b lim: 535 exec/s: 0 rss: 158Mb L: 16/55 MS: 1 EraseBytes-
#105476	REDUCE cov: 198 ft: 314 corp: 61/1089b lim: 535 exec/s: 0 rss: 158Mb L: 29/55 MS: 2 CrossOver-EraseBytes-
#108219	REDUCE cov: 199 ft: 315 corp: 62/1132b lim: 562 exec/s: 0 rss: 158Mb L: 43/55 MS: 3 InsertByte-InsertByte-ChangeBinInt-
#108245	REDUCE cov: 199 ft: 315 corp: 62/1126b lim: 562 exec/s: 0 rss: 158Mb L: 37/55 MS: 1 EraseBytes-
#109348	REDUCE cov: 199 ft: 315 corp: 62/1114b lim: 571 exec/s: 0 rss: 159Mb L: 25/55 MS: 3 ChangeBinInt-ChangeBit-EraseBytes-
#109772	REDUCE cov: 200 ft: 316 corp: 63/1189b lim: 571 exec/s: 0 rss: 159Mb L: 75/75 MS: 4 InsertRepeatedBytes-ChangeBinInt-CrossOver-CrossOver-
#109834	REDUCE cov: 200 ft: 316 corp: 63/1154b lim: 571 exec/s: 0 rss: 159Mb L: 40/55 MS: 2 ChangeByte-EraseBytes-
#109970	REDUCE cov: 200 ft: 316 corp: 63/1152b lim: 571 exec/s: 0 rss: 159Mb L: 26/55 MS: 1 EraseBytes-
#110416	REDUCE cov: 200 ft: 316 corp: 63/1145b lim: 571 exec/s: 0 rss: 159Mb L: 21/55 MS: 1 EraseBytes-
#112268	REDUCE cov: 200 ft: 316 corp: 63/1144b lim: 589 exec/s: 0 rss: 159Mb L: 39/55 MS: 2 ChangeByte-EraseBytes-
#113229	REDUCE cov: 200 ft: 316 corp: 63/1143b lim: 598 exec/s: 0 rss: 159Mb L: 54/54 MS: 1 EraseBytes-
#113260	REDUCE cov: 200 ft: 316 corp: 63/1138b lim: 598 exec/s: 0 rss: 159Mb L: 16/54 MS: 1 EraseBytes-
#113794	REDUCE cov: 200 ft: 316 corp: 63/1134b lim: 598 exec/s: 0 rss: 160Mb L: 21/54 MS: 4 InsertRepeatedBytes-EraseBytes-ChangeBit-EraseBytes-
#114000	REDUCE cov: 200 ft: 316 corp: 63/1133b lim: 598 exec/s: 0 rss: 160Mb L: 39/54 MS: 1 EraseBytes-
#114671	REDUCE cov: 200 ft: 318 corp: 64/1197b lim: 598 exec/s: 0 rss: 160Mb L: 64/64 MS: 1 CrossOver-
#114892	REDUCE cov: 200 ft: 318 corp: 64/1189b lim: 598 exec/s: 0 rss: 160Mb L: 15/64 MS: 1 EraseBytes-
#115458	REDUCE cov: 200 ft: 318 corp: 64/1182b lim: 598 exec/s: 0 rss: 160Mb L: 32/64 MS: 1 EraseBytes-
#116039	REDUCE cov: 200 ft: 318 corp: 64/1179b lim: 598 exec/s: 0 rss: 160Mb L: 13/64 MS: 1 EraseBytes-
#116525	REDUCE cov: 200 ft: 318 corp: 64/1176b lim: 598 exec/s: 0 rss: 160Mb L: 36/64 MS: 1 EraseBytes-
#116596	REDUCE cov: 200 ft: 318 corp: 64/1175b lim: 598 exec/s: 0 rss: 160Mb L: 12/64 MS: 1 EraseBytes-
#116797	REDUCE cov: 200 ft: 318 corp: 64/1159b lim: 598 exec/s: 0 rss: 160Mb L: 48/54 MS: 1 EraseBytes-
#116894	REDUCE cov: 200 ft: 318 corp: 64/1151b lim: 598 exec/s: 0 rss: 160Mb L: 33/54 MS: 2 CMP-EraseBytes- DE: "!\001\000\020\000"-
#117340	REDUCE cov: 200 ft: 318 corp: 64/1149b lim: 598 exec/s: 0 rss: 160Mb L: 37/54 MS: 1 EraseBytes-
#118976	REDUCE cov: 200 ft: 318 corp: 64/1144b lim: 607 exec/s: 0 rss: 161Mb L: 31/54 MS: 1 EraseBytes-
#121783	REDUCE cov: 200 ft: 318 corp: 64/1143b lim: 634 exec/s: 0 rss: 161Mb L: 12/54 MS: 2 ChangeByte-EraseBytes-
	NEW_FUNC[1/1]: 0x582c93b03c60  (/home/jack/projects/peios/timed/fuzz/target/x86_64-unknown-linux-gnu/release/time_wire+0x143c60) (BuildId: 7ca9100398e2386a3523e950c0181d0d5ddd72ae)
#122031	REDUCE cov: 209 ft: 327 corp: 65/1161b lim: 634 exec/s: 0 rss: 161Mb L: 18/54 MS: 3 PersAutoDict-ChangeBinInt-CMP- DE: "\001\000\000'"-"root_distance"-
#124772	REDUCE cov: 209 ft: 327 corp: 65/1157b lim: 661 exec/s: 0 rss: 162Mb L: 38/54 MS: 1 EraseBytes-
#124995	REDUCE cov: 209 ft: 327 corp: 65/1154b lim: 661 exec/s: 0 rss: 162Mb L: 28/54 MS: 3 ChangeBit-ChangeByte-EraseBytes-
#125968	REDUCE cov: 209 ft: 327 corp: 65/1152b lim: 670 exec/s: 0 rss: 162Mb L: 19/54 MS: 3 CrossOver-InsertByte-EraseBytes-
#125975	REDUCE cov: 209 ft: 328 corp: 66/1200b lim: 670 exec/s: 0 rss: 162Mb L: 48/54 MS: 2 ChangeBinInt-ChangeBit-
#127421	REDUCE cov: 209 ft: 328 corp: 66/1194b lim: 679 exec/s: 0 rss: 162Mb L: 22/54 MS: 1 EraseBytes-
#127860	REDUCE cov: 209 ft: 328 corp: 66/1192b lim: 679 exec/s: 0 rss: 162Mb L: 36/54 MS: 4 CrossOver-CopyPart-ShuffleBytes-EraseBytes-
#132426	REDUCE cov: 209 ft: 328 corp: 66/1191b lim: 724 exec/s: 0 rss: 162Mb L: 23/54 MS: 1 EraseBytes-
#134542	REDUCE cov: 209 ft: 329 corp: 67/1249b lim: 742 exec/s: 0 rss: 162Mb L: 58/58 MS: 1 CrossOver-
#134909	REDUCE cov: 209 ft: 329 corp: 67/1247b lim: 742 exec/s: 0 rss: 162Mb L: 13/58 MS: 2 CopyPart-EraseBytes-
#134935	NEW    cov: 209 ft: 335 corp: 68/1305b lim: 742 exec/s: 0 rss: 162Mb L: 58/58 MS: 1 ShuffleBytes-
#136006	REDUCE cov: 209 ft: 335 corp: 68/1303b lim: 751 exec/s: 0 rss: 163Mb L: 52/58 MS: 1 EraseBytes-
#137782	REDUCE cov: 209 ft: 335 corp: 68/1301b lim: 760 exec/s: 0 rss: 163Mb L: 30/58 MS: 1 EraseBytes-
#137913	REDUCE cov: 209 ft: 335 corp: 68/1300b lim: 760 exec/s: 0 rss: 163Mb L: 21/58 MS: 1 EraseBytes-
#140274	REDUCE cov: 209 ft: 335 corp: 68/1299b lim: 778 exec/s: 0 rss: 163Mb L: 32/58 MS: 1 EraseBytes-
#140445	REDUCE cov: 209 ft: 337 corp: 69/1354b lim: 778 exec/s: 0 rss: 163Mb L: 55/58 MS: 1 CrossOver-
#142251	REDUCE cov: 209 ft: 337 corp: 69/1353b lim: 787 exec/s: 0 rss: 163Mb L: 29/58 MS: 1 EraseBytes-
#144063	REDUCE cov: 209 ft: 337 corp: 69/1341b lim: 805 exec/s: 0 rss: 163Mb L: 37/58 MS: 2 InsertByte-EraseBytes-
#150814	REDUCE cov: 209 ft: 337 corp: 69/1340b lim: 868 exec/s: 0 rss: 163Mb L: 35/58 MS: 1 EraseBytes-
#155906	REDUCE cov: 209 ft: 337 corp: 69/1338b lim: 913 exec/s: 0 rss: 163Mb L: 10/58 MS: 2 ChangeBit-EraseBytes-
#157238	REDUCE cov: 209 ft: 337 corp: 69/1337b lim: 922 exec/s: 0 rss: 163Mb L: 10/58 MS: 2 ChangeBinInt-EraseBytes-
#164964	REDUCE cov: 209 ft: 337 corp: 69/1332b lim: 994 exec/s: 0 rss: 164Mb L: 43/58 MS: 1 EraseBytes-
#165042	REDUCE cov: 209 ft: 337 corp: 69/1322b lim: 994 exec/s: 0 rss: 164Mb L: 33/58 MS: 3 ChangeByte-ChangeBit-EraseBytes-
#167473	NEW    cov: 209 ft: 346 corp: 70/1380b lim: 1012 exec/s: 0 rss: 166Mb L: 58/58 MS: 1 CopyPart-
#169194	REDUCE cov: 209 ft: 346 corp: 70/1379b lim: 1021 exec/s: 0 rss: 166Mb L: 51/58 MS: 1 EraseBytes-
#176165	REDUCE cov: 209 ft: 346 corp: 70/1376b lim: 1090 exec/s: 0 rss: 168Mb L: 10/58 MS: 1 EraseBytes-
#179026	REDUCE cov: 209 ft: 346 corp: 70/1375b lim: 1110 exec/s: 0 rss: 169Mb L: 10/58 MS: 1 EraseBytes-
#181053	REDUCE cov: 209 ft: 346 corp: 70/1373b lim: 1130 exec/s: 0 rss: 169Mb L: 19/58 MS: 2 ChangeBit-EraseBytes-
	NEW_FUNC[1/1]: 0x582c93b054b0  (/home/jack/projects/peios/timed/fuzz/target/x86_64-unknown-linux-gnu/release/time_wire+0x1454b0) (BuildId: 7ca9100398e2386a3523e950c0181d0d5ddd72ae)
#182358	RELOAD cov: 225 ft: 381 corp: 81/1559b lim: 1140 exec/s: 182358 rss: 169Mb
#182944	REDUCE cov: 225 ft: 381 corp: 81/1557b lim: 1140 exec/s: 182944 rss: 169Mb L: 6/58 MS: 1 EraseBytes-
#183300	REDUCE cov: 225 ft: 381 corp: 81/1555b lim: 1140 exec/s: 183300 rss: 169Mb L: 4/58 MS: 1 EraseBytes-
#183574	REDUCE cov: 227 ft: 383 corp: 82/1588b lim: 1140 exec/s: 183574 rss: 170Mb L: 33/58 MS: 4 ChangeBit-PersAutoDict-CMP-CMP- DE: "!\001\000\020\000"-"precision"-"synchronised"-
#183930	REDUCE cov: 227 ft: 383 corp: 82/1586b lim: 1140 exec/s: 183930 rss: 170Mb L: 19/58 MS: 1 EraseBytes-
#185046	REDUCE cov: 227 ft: 383 corp: 82/1584b lim: 1150 exec/s: 185046 rss: 171Mb L: 12/58 MS: 1 EraseBytes-
#185912	REDUCE cov: 227 ft: 383 corp: 82/1582b lim: 1150 exec/s: 185912 rss: 171Mb L: 31/58 MS: 1 EraseBytes-
#187556	REDUCE cov: 227 ft: 383 corp: 82/1580b lim: 1160 exec/s: 187556 rss: 171Mb L: 10/58 MS: 4 CMP-ChangeByte-ChangeBit-EraseBytes- DE: "at"-
#188283	REDUCE cov: 227 ft: 383 corp: 82/1577b lim: 1160 exec/s: 188283 rss: 172Mb L: 16/58 MS: 2 InsertByte-EraseBytes-
#190475	REDUCE cov: 227 ft: 383 corp: 82/1576b lim: 1180 exec/s: 190475 rss: 172Mb L: 16/58 MS: 2 ShuffleBytes-EraseBytes-
#191251	REDUCE cov: 227 ft: 383 corp: 82/1573b lim: 1180 exec/s: 191251 rss: 172Mb L: 55/58 MS: 1 EraseBytes-
#193147	REDUCE cov: 227 ft: 383 corp: 82/1572b lim: 1190 exec/s: 193147 rss: 172Mb L: 30/58 MS: 1 EraseBytes-
#193408	REDUCE cov: 227 ft: 383 corp: 82/1567b lim: 1190 exec/s: 193408 rss: 172Mb L: 26/58 MS: 1 EraseBytes-
#193519	REDUCE cov: 227 ft: 383 corp: 82/1566b lim: 1190 exec/s: 193519 rss: 172Mb L: 25/58 MS: 1 EraseBytes-
#197061	REDUCE cov: 227 ft: 383 corp: 82/1563b lim: 1220 exec/s: 197061 rss: 173Mb L: 22/58 MS: 2 ChangeASCIIInt-EraseBytes-
#198277	REDUCE cov: 227 ft: 383 corp: 82/1560b lim: 1230 exec/s: 198277 rss: 173Mb L: 19/58 MS: 1 EraseBytes-
#201289	REDUCE cov: 227 ft: 383 corp: 82/1557b lim: 1250 exec/s: 201289 rss: 174Mb L: 55/58 MS: 2 InsertByte-EraseBytes-
#203190	REDUCE cov: 227 ft: 383 corp: 82/1553b lim: 1260 exec/s: 203190 rss: 174Mb L: 51/58 MS: 1 EraseBytes-
#203637	REDUCE cov: 231 ft: 387 corp: 83/1565b lim: 1260 exec/s: 203637 rss: 174Mb L: 12/58 MS: 2 ChangeByte-CopyPart-
#206353	REDUCE cov: 231 ft: 387 corp: 83/1564b lim: 1280 exec/s: 206353 rss: 174Mb L: 9/58 MS: 1 EraseBytes-
#206459	REDUCE cov: 231 ft: 387 corp: 83/1563b lim: 1280 exec/s: 206459 rss: 174Mb L: 9/58 MS: 1 EraseBytes-
#213370	REDUCE cov: 231 ft: 387 corp: 83/1562b lim: 1340 exec/s: 213370 rss: 177Mb L: 11/58 MS: 1 EraseBytes-
#213872	REDUCE cov: 231 ft: 387 corp: 83/1559b lim: 1340 exec/s: 213872 rss: 177Mb L: 12/58 MS: 2 InsertByte-EraseBytes-
#219379	NEW    cov: 231 ft: 388 corp: 84/1584b lim: 1390 exec/s: 219379 rss: 179Mb L: 25/58 MS: 2 CopyPart-InsertByte-
#231086	REDUCE cov: 231 ft: 388 corp: 84/1578b lim: 1500 exec/s: 231086 rss: 180Mb L: 42/58 MS: 2 ShuffleBytes-EraseBytes-
#235531	REDUCE cov: 231 ft: 388 corp: 84/1577b lim: 1540 exec/s: 235531 rss: 180Mb L: 8/58 MS: 5 ChangeBit-PersAutoDict-ChangeBinInt-ShuffleBytes-EraseBytes- DE: "[\000\011l"-
#235667	REDUCE cov: 231 ft: 388 corp: 84/1576b lim: 1540 exec/s: 235667 rss: 180Mb L: 11/58 MS: 1 EraseBytes-
#240269	REDUCE cov: 231 ft: 388 corp: 84/1575b lim: 1580 exec/s: 240269 rss: 181Mb L: 18/58 MS: 2 ChangeByte-EraseBytes-
#241799	REDUCE cov: 231 ft: 388 corp: 84/1574b lim: 1590 exec/s: 241799 rss: 181Mb L: 5/58 MS: 5 ChangeBinInt-ShuffleBytes-ChangeBit-EraseBytes-CrossOver-
#242528	REDUCE cov: 231 ft: 389 corp: 85/1606b lim: 1590 exec/s: 242528 rss: 181Mb L: 32/58 MS: 4 CopyPart-ChangeByte-CopyPart-InsertByte-
#246799	REDUCE cov: 231 ft: 389 corp: 85/1603b lim: 1630 exec/s: 246799 rss: 181Mb L: 36/58 MS: 1 EraseBytes-
#253685	REDUCE cov: 231 ft: 389 corp: 85/1602b lim: 1690 exec/s: 253685 rss: 181Mb L: 17/58 MS: 1 EraseBytes-
#254957	REDUCE cov: 231 ft: 393 corp: 86/1657b lim: 1700 exec/s: 254957 rss: 181Mb L: 55/58 MS: 2 ChangeByte-CrossOver-
#255203	REDUCE cov: 231 ft: 393 corp: 86/1656b lim: 1700 exec/s: 255203 rss: 181Mb L: 18/58 MS: 1 EraseBytes-
#265040	REDUCE cov: 231 ft: 393 corp: 86/1655b lim: 1790 exec/s: 265040 rss: 181Mb L: 32/58 MS: 2 ShuffleBytes-EraseBytes-
#274791	REDUCE cov: 231 ft: 393 corp: 86/1653b lim: 1880 exec/s: 274791 rss: 182Mb L: 28/58 MS: 1 EraseBytes-
#275654	REDUCE cov: 231 ft: 393 corp: 86/1652b lim: 1880 exec/s: 275654 rss: 182Mb L: 31/58 MS: 3 ChangeByte-EraseBytes-InsertByte-
#276361	NEW    cov: 234 ft: 396 corp: 87/1671b lim: 1880 exec/s: 276361 rss: 182Mb L: 19/58 MS: 2 CopyPart-EraseBytes-
#290527	REDUCE cov: 234 ft: 396 corp: 87/1669b lim: 2020 exec/s: 290527 rss: 184Mb L: 13/58 MS: 1 EraseBytes-
#292328	REDUCE cov: 234 ft: 397 corp: 88/1735b lim: 2030 exec/s: 292328 rss: 184Mb L: 66/66 MS: 1 CopyPart-
#294180	REDUCE cov: 234 ft: 397 corp: 88/1728b lim: 2040 exec/s: 294180 rss: 184Mb L: 59/59 MS: 2 ChangeBinInt-EraseBytes-
#296596	REDUCE cov: 234 ft: 397 corp: 88/1727b lim: 2061 exec/s: 296596 rss: 184Mb L: 54/59 MS: 1 EraseBytes-
#297139	REDUCE cov: 234 ft: 397 corp: 88/1726b lim: 2061 exec/s: 297139 rss: 185Mb L: 25/59 MS: 3 ShuffleBytes-ChangeByte-EraseBytes-
	NEW_FUNC[1/1]: 0x582c93b04150  (/home/jack/projects/peios/timed/fuzz/target/x86_64-unknown-linux-gnu/release/time_wire+0x144150) (BuildId: 7ca9100398e2386a3523e950c0181d0d5ddd72ae)
#305454	REDUCE cov: 238 ft: 401 corp: 89/1836b lim: 2138 exec/s: 305454 rss: 185Mb L: 110/110 MS: 5 InsertRepeatedBytes-InsertByte-ChangeBinInt-PersAutoDict-CMP- DE: "[\000\011l"-"sources"-
#306083	REDUCE cov: 238 ft: 401 corp: 89/1799b lim: 2138 exec/s: 306083 rss: 185Mb L: 73/73 MS: 4 ShuffleBytes-ChangeBinInt-CrossOver-EraseBytes-
#306444	REDUCE cov: 238 ft: 401 corp: 89/1785b lim: 2138 exec/s: 306444 rss: 185Mb L: 45/73 MS: 1 EraseBytes-
#306781	REDUCE cov: 238 ft: 401 corp: 89/1783b lim: 2138 exec/s: 306781 rss: 185Mb L: 71/71 MS: 2 CrossOver-EraseBytes-
#307423	REDUCE cov: 238 ft: 401 corp: 89/1768b lim: 2138 exec/s: 307423 rss: 185Mb L: 56/58 MS: 2 ChangeBit-EraseBytes-
#307715	REDUCE cov: 238 ft: 401 corp: 89/1764b lim: 2138 exec/s: 307715 rss: 185Mb L: 52/58 MS: 2 CrossOver-EraseBytes-
#308127	REDUCE cov: 238 ft: 401 corp: 89/1757b lim: 2138 exec/s: 308127 rss: 185Mb L: 45/58 MS: 2 ChangeBit-EraseBytes-
#310663	REDUCE cov: 238 ft: 401 corp: 89/1752b lim: 2160 exec/s: 310663 rss: 185Mb L: 40/58 MS: 1 EraseBytes-
#311432	REDUCE cov: 238 ft: 401 corp: 89/1739b lim: 2160 exec/s: 311432 rss: 185Mb L: 27/58 MS: 4 ChangeBinInt-ChangeBit-PersAutoDict-EraseBytes- DE: "sources"-
#313775	REDUCE cov: 238 ft: 401 corp: 89/1729b lim: 2182 exec/s: 313775 rss: 185Mb L: 17/58 MS: 3 ShuffleBytes-InsertByte-EraseBytes-
#314682	REDUCE cov: 238 ft: 401 corp: 89/1728b lim: 2182 exec/s: 314682 rss: 185Mb L: 17/58 MS: 2 ChangeByte-EraseBytes-
#319669	REDUCE cov: 238 ft: 401 corp: 89/1726b lim: 2226 exec/s: 319669 rss: 185Mb L: 15/58 MS: 2 CrossOver-EraseBytes-
#320396	REDUCE cov: 240 ft: 403 corp: 90/1741b lim: 2226 exec/s: 320396 rss: 185Mb L: 15/58 MS: 2 CopyPart-CMP- DE: "updates"-
#324662	REDUCE cov: 241 ft: 404 corp: 91/1767b lim: 2259 exec/s: 324662 rss: 185Mb L: 26/58 MS: 1 CopyPart-
#325219	REDUCE cov: 241 ft: 404 corp: 91/1766b lim: 2259 exec/s: 325219 rss: 185Mb L: 54/58 MS: 2 ShuffleBytes-EraseBytes-
#325237	REDUCE cov: 241 ft: 404 corp: 91/1764b lim: 2259 exec/s: 325237 rss: 185Mb L: 13/58 MS: 3 ChangeBit-InsertByte-EraseBytes-
#325250	REDUCE cov: 241 ft: 404 corp: 91/1760b lim: 2259 exec/s: 325250 rss: 185Mb L: 22/58 MS: 3 CrossOver-EraseBytes-EraseBytes-
#325353	REDUCE cov: 241 ft: 405 corp: 92/1788b lim: 2259 exec/s: 325353 rss: 185Mb L: 28/58 MS: 3 CopyPart-ChangeBinInt-ShuffleBytes-
#329770	REDUCE cov: 241 ft: 405 corp: 92/1781b lim: 2292 exec/s: 329770 rss: 185Mb L: 15/58 MS: 2 ChangeByte-EraseBytes-
#332511	REDUCE cov: 242 ft: 406 corp: 93/1796b lim: 2314 exec/s: 332511 rss: 185Mb L: 15/58 MS: 1 PersAutoDict- DE: "updates"-
#337447	REDUCE cov: 242 ft: 406 corp: 93/1795b lim: 2358 exec/s: 337447 rss: 185Mb L: 17/58 MS: 1 EraseBytes-
#339159	REDUCE cov: 244 ft: 408 corp: 94/1810b lim: 2369 exec/s: 339159 rss: 185Mb L: 15/58 MS: 2 ShuffleBytes-CMP- DE: "stepped"-
#341225	REDUCE cov: 244 ft: 408 corp: 94/1809b lim: 2380 exec/s: 341225 rss: 185Mb L: 14/58 MS: 1 EraseBytes-
#342526	REDUCE cov: 244 ft: 408 corp: 94/1808b lim: 2391 exec/s: 342526 rss: 185Mb L: 16/58 MS: 1 EraseBytes-
#342912	REDUCE cov: 244 ft: 408 corp: 94/1805b lim: 2391 exec/s: 342912 rss: 185Mb L: 51/58 MS: 1 EraseBytes-
#344483	REDUCE cov: 244 ft: 408 corp: 94/1804b lim: 2402 exec/s: 344483 rss: 186Mb L: 14/58 MS: 1 EraseBytes-
#346579	REDUCE cov: 244 ft: 408 corp: 94/1803b lim: 2413 exec/s: 346579 rss: 186Mb L: 14/58 MS: 1 EraseBytes-
#347655	REDUCE cov: 244 ft: 410 corp: 95/1880b lim: 2413 exec/s: 347655 rss: 186Mb L: 77/77 MS: 1 CrossOver-
#349121	REDUCE cov: 244 ft: 410 corp: 95/1877b lim: 2424 exec/s: 349121 rss: 186Mb L: 39/77 MS: 1 EraseBytes-
#362133	NEW    cov: 248 ft: 414 corp: 96/1889b lim: 2545 exec/s: 362133 rss: 187Mb L: 12/77 MS: 2 PersAutoDict-EraseBytes- DE: "reply"-
#363072	REDUCE cov: 248 ft: 415 corp: 97/1918b lim: 2545 exec/s: 363072 rss: 187Mb L: 29/77 MS: 4 InsertByte-CopyPart-PersAutoDict-InsertByte- DE: "more"-
	NEW_FUNC[1/3]: 0x582c93af83f0  (/home/jack/projects/peios/timed/fuzz/target/x86_64-unknown-linux-gnu/release/time_wire+0x1383f0) (BuildId: 7ca9100398e2386a3523e950c0181d0d5ddd72ae)
	NEW_FUNC[2/3]: 0x582c93b03b20  (/home/jack/projects/peios/timed/fuzz/target/x86_64-unknown-linux-gnu/release/time_wire+0x143b20) (BuildId: 7ca9100398e2386a3523e950c0181d0d5ddd72ae)
#365083	REDUCE cov: 265 ft: 449 corp: 98/1945b lim: 2556 exec/s: 365083 rss: 187Mb L: 27/77 MS: 1 InsertRepeatedBytes-
#365339	REDUCE cov: 265 ft: 449 corp: 98/1943b lim: 2556 exec/s: 365339 rss: 187Mb L: 12/77 MS: 1 EraseBytes-
#365536	REDUCE cov: 265 ft: 449 corp: 98/1941b lim: 2556 exec/s: 365536 rss: 187Mb L: 25/77 MS: 2 InsertRepeatedBytes-EraseBytes-
#366735	RELOAD cov: 279 ft: 464 corp: 106/2047b lim: 2567 exec/s: 183367 rss: 188Mb
#368131	REDUCE cov: 279 ft: 464 corp: 106/2044b lim: 2578 exec/s: 184065 rss: 188Mb L: 74/74 MS: 1 EraseBytes-
#368663	REDUCE cov: 279 ft: 464 corp: 106/2043b lim: 2578 exec/s: 184331 rss: 188Mb L: 18/74 MS: 2 EraseBytes-CrossOver-
#371164	REDUCE cov: 279 ft: 464 corp: 106/2037b lim: 2600 exec/s: 185582 rss: 189Mb L: 19/74 MS: 1 EraseBytes-
#372966	REDUCE cov: 279 ft: 464 corp: 106/2035b lim: 2611 exec/s: 186483 rss: 189Mb L: 27/74 MS: 2 ShuffleBytes-EraseBytes-
#373097	REDUCE cov: 279 ft: 464 corp: 106/2031b lim: 2611 exec/s: 186548 rss: 189Mb L: 9/74 MS: 1 EraseBytes-
#375333	REDUCE cov: 279 ft: 464 corp: 106/2029b lim: 2633 exec/s: 187666 rss: 189Mb L: 26/74 MS: 1 EraseBytes-
#376400	REDUCE cov: 279 ft: 464 corp: 106/2027b lim: 2633 exec/s: 188200 rss: 189Mb L: 4/74 MS: 2 ShuffleBytes-EraseBytes-
#376746	REDUCE cov: 280 ft: 466 corp: 107/2044b lim: 2633 exec/s: 188373 rss: 189Mb L: 17/74 MS: 1 EraseBytes-
#378722	REDUCE cov: 280 ft: 466 corp: 107/2043b lim: 2644 exec/s: 189361 rss: 189Mb L: 34/74 MS: 1 EraseBytes-
#382808	NEW    cov: 285 ft: 475 corp: 108/2077b lim: 2677 exec/s: 191404 rss: 189Mb L: 34/74 MS: 1 CopyPart-
#382989	NEW    cov: 288 ft: 478 corp: 109/2179b lim: 2677 exec/s: 191494 rss: 189Mb L: 102/102 MS: 1 InsertRepeatedBytes-
#383014	REDUCE cov: 288 ft: 478 corp: 109/2147b lim: 2677 exec/s: 191507 rss: 189Mb L: 70/74 MS: 5 InsertRepeatedBytes-CopyPart-ShuffleBytes-ChangeBit-EraseBytes-
#384235	REDUCE cov: 288 ft: 478 corp: 109/2144b lim: 2688 exec/s: 192117 rss: 189Mb L: 14/74 MS: 1 EraseBytes-
#384289	REDUCE cov: 288 ft: 478 corp: 109/2121b lim: 2688 exec/s: 192144 rss: 189Mb L: 47/74 MS: 4 CopyPart-CrossOver-CMP-EraseBytes- DE: "reply"-
#385696	REDUCE cov: 288 ft: 478 corp: 109/2120b lim: 2699 exec/s: 192848 rss: 189Mb L: 26/74 MS: 2 ChangeBit-EraseBytes-
#385852	REDUCE cov: 288 ft: 478 corp: 109/2117b lim: 2699 exec/s: 192926 rss: 189Mb L: 31/74 MS: 1 EraseBytes-
#386898	REDUCE cov: 288 ft: 478 corp: 109/2114b lim: 2699 exec/s: 193449 rss: 189Mb L: 28/74 MS: 1 EraseBytes-
#389527	REDUCE cov: 288 ft: 478 corp: 109/2104b lim: 2721 exec/s: 194763 rss: 189Mb L: 37/74 MS: 4 ChangeBinInt-ShuffleBytes-CrossOver-EraseBytes-
	NEW_FUNC[1/2]: 0x582c93b033d0  (/home/jack/projects/peios/timed/fuzz/target/x86_64-unknown-linux-gnu/release/time_wire+0x1433d0) (BuildId: 7ca9100398e2386a3523e950c0181d0d5ddd72ae)
	NEW_FUNC[2/2]: 0x582c93b03550  (/home/jack/projects/peios/timed/fuzz/target/x86_64-unknown-linux-gnu/release/time_wire+0x143550) (BuildId: 7ca9100398e2386a3523e950c0181d0d5ddd72ae)
#390813	REDUCE cov: 304 ft: 511 corp: 110/2135b lim: 2732 exec/s: 195406 rss: 189Mb L: 31/74 MS: 1 CrossOver-
#392000	REDUCE cov: 305 ft: 512 corp: 111/2176b lim: 2743 exec/s: 196000 rss: 189Mb L: 41/74 MS: 2 CrossOver-ChangeBit-
#393332	REDUCE cov: 305 ft: 512 corp: 111/2175b lim: 2754 exec/s: 196666 rss: 189Mb L: 4/74 MS: 2 EraseBytes-ChangeBit-
#394438	REDUCE cov: 305 ft: 512 corp: 111/2174b lim: 2765 exec/s: 197219 rss: 189Mb L: 13/74 MS: 1 EraseBytes-
#396314	REDUCE cov: 307 ft: 514 corp: 112/2211b lim: 2776 exec/s: 198157 rss: 190Mb L: 37/74 MS: 1 ChangeBinInt-
#396745	NEW    cov: 310 ft: 520 corp: 113/2253b lim: 2776 exec/s: 198372 rss: 190Mb L: 42/74 MS: 1 InsertByte-
#397066	REDUCE cov: 310 ft: 520 corp: 113/2251b lim: 2776 exec/s: 198533 rss: 190Mb L: 13/74 MS: 1 EraseBytes-
#398858	REDUCE cov: 310 ft: 520 corp: 113/2247b lim: 2787 exec/s: 199429 rss: 190Mb L: 33/74 MS: 2 ChangeBinInt-EraseBytes-
#400924	REDUCE cov: 310 ft: 520 corp: 113/2246b lim: 2798 exec/s: 200462 rss: 192Mb L: 3/74 MS: 1 EraseBytes-
#400947	REDUCE cov: 310 ft: 520 corp: 113/2243b lim: 2798 exec/s: 200473 rss: 192Mb L: 34/74 MS: 3 ChangeBit-ChangeBit-EraseBytes-
#400998	REDUCE cov: 310 ft: 520 corp: 113/2242b lim: 2798 exec/s: 200499 rss: 192Mb L: 41/74 MS: 1 EraseBytes-
#401364	REDUCE cov: 310 ft: 520 corp: 113/2230b lim: 2798 exec/s: 200682 rss: 192Mb L: 19/74 MS: 1 EraseBytes-
#403065	REDUCE cov: 310 ft: 520 corp: 113/2219b lim: 2809 exec/s: 201532 rss: 192Mb L: 23/74 MS: 1 EraseBytes-
#403639	REDUCE cov: 310 ft: 520 corp: 113/2210b lim: 2809 exec/s: 201819 rss: 193Mb L: 32/74 MS: 4 ChangeBinInt-ShuffleBytes-InsertByte-EraseBytes-
#407890	REDUCE cov: 310 ft: 520 corp: 113/2205b lim: 2842 exec/s: 203945 rss: 194Mb L: 36/74 MS: 1 EraseBytes-
#408846	REDUCE cov: 310 ft: 520 corp: 113/2201b lim: 2842 exec/s: 204423 rss: 194Mb L: 28/74 MS: 1 EraseBytes-
#411897	REDUCE cov: 310 ft: 520 corp: 113/2198b lim: 2864 exec/s: 205948 rss: 196Mb L: 33/74 MS: 1 EraseBytes-
#415534	REDUCE cov: 312 ft: 522 corp: 114/2236b lim: 2897 exec/s: 207767 rss: 196Mb L: 38/74 MS: 2 ShuffleBytes-CMP- DE: "delay"-
#415866	REDUCE cov: 312 ft: 522 corp: 114/2229b lim: 2897 exec/s: 207933 rss: 196Mb L: 10/74 MS: 2 ChangeByte-EraseBytes-
#419977	REDUCE cov: 313 ft: 529 corp: 115/2304b lim: 2930 exec/s: 209988 rss: 196Mb L: 75/75 MS: 1 InsertRepeatedBytes-
#420074	NEW    cov: 313 ft: 530 corp: 116/2380b lim: 2930 exec/s: 210037 rss: 196Mb L: 76/76 MS: 2 ChangeByte-InsertByte-
#420830	REDUCE cov: 313 ft: 530 corp: 116/2359b lim: 2930 exec/s: 210415 rss: 197Mb L: 54/76 MS: 1 EraseBytes-
#421078	REDUCE cov: 314 ft: 531 corp: 117/2424b lim: 2930 exec/s: 210539 rss: 197Mb L: 65/76 MS: 3 CopyPart-ChangeBinInt-CrossOver-
#422429	REDUCE cov: 314 ft: 531 corp: 117/2404b lim: 2941 exec/s: 211214 rss: 197Mb L: 45/76 MS: 1 EraseBytes-
#424755	REDUCE cov: 314 ft: 531 corp: 117/2401b lim: 2963 exec/s: 212377 rss: 197Mb L: 51/76 MS: 1 EraseBytes-
#425750	REDUCE cov: 314 ft: 531 corp: 117/2391b lim: 2963 exec/s: 212875 rss: 198Mb L: 35/76 MS: 5 CMP-InsertByte-InsertByte-ChangeBinInt-EraseBytes- DE: "\016\000"-
#426286	REDUCE cov: 314 ft: 531 corp: 117/2385b lim: 2963 exec/s: 213143 rss: 198Mb L: 45/76 MS: 1 EraseBytes-
#426344	REDUCE cov: 314 ft: 531 corp: 117/2381b lim: 2963 exec/s: 213172 rss: 199Mb L: 72/74 MS: 3 ChangeByte-ShuffleBytes-EraseBytes-
#427255	REDUCE cov: 314 ft: 532 corp: 118/2400b lim: 2963 exec/s: 213627 rss: 199Mb L: 19/74 MS: 1 ShuffleBytes-
#427386	REDUCE cov: 314 ft: 532 corp: 118/2393b lim: 2963 exec/s: 213693 rss: 199Mb L: 67/72 MS: 1 EraseBytes-
#427592	REDUCE cov: 315 ft: 533 corp: 119/2438b lim: 2963 exec/s: 213796 rss: 199Mb L: 45/72 MS: 1 CrossOver-
#427840	REDUCE cov: 315 ft: 533 corp: 119/2425b lim: 2963 exec/s: 213920 rss: 199Mb L: 32/72 MS: 3 ShuffleBytes-CMP-EraseBytes- DE: "\377\377\377\221"-
#427920	REDUCE cov: 315 ft: 533 corp: 119/2422b lim: 2963 exec/s: 213960 rss: 199Mb L: 29/72 MS: 5 ShuffleBytes-CrossOver-CMP-CrossOver-EraseBytes- DE: "\007\000\000\000\000\000\000\000"-
#428236	REDUCE cov: 315 ft: 533 corp: 119/2406b lim: 2963 exec/s: 214118 rss: 199Mb L: 29/72 MS: 1 EraseBytes-
#430002	REDUCE cov: 315 ft: 533 corp: 119/2405b lim: 2974 exec/s: 215001 rss: 199Mb L: 34/72 MS: 1 EraseBytes-
#430268	REDUCE cov: 315 ft: 533 corp: 119/2403b lim: 2974 exec/s: 215134 rss: 199Mb L: 26/72 MS: 1 EraseBytes-
#432838	REDUCE cov: 315 ft: 533 corp: 119/2392b lim: 2996 exec/s: 216419 rss: 199Mb L: 34/72 MS: 5 CMP-CrossOver-EraseBytes-PersAutoDict-EraseBytes- DE: "\376\377\377\355"-"\377\377\017\000"-
#433271	REDUCE cov: 317 ft: 535 corp: 120/2447b lim: 2996 exec/s: 216635 rss: 199Mb L: 55/72 MS: 3 InsertByte-ChangeByte-ChangeBinInt-
#433783	REDUCE cov: 317 ft: 535 corp: 120/2444b lim: 2996 exec/s: 216891 rss: 199Mb L: 31/72 MS: 2 ChangeBinInt-EraseBytes-
#436825	REDUCE cov: 317 ft: 535 corp: 120/2426b lim: 3018 exec/s: 218412 rss: 199Mb L: 37/72 MS: 2 CrossOver-EraseBytes-
#437591	NEW    cov: 319 ft: 547 corp: 121/2531b lim: 3018 exec/s: 218795 rss: 200Mb L: 105/105 MS: 1 CrossOver-
#437792	NEW    cov: 319 ft: 548 corp: 122/2637b lim: 3018 exec/s: 218896 rss: 200Mb L: 106/106 MS: 1 InsertByte-
#437793	NEW    cov: 319 ft: 558 corp: 123/2743b lim: 3018 exec/s: 218896 rss: 200Mb L: 106/106 MS: 1 ChangeByte-
#437851	NEW    cov: 319 ft: 559 corp: 124/2820b lim: 3018 exec/s: 218925 rss: 200Mb L: 77/106 MS: 3 ChangeByte-ChangeBit-EraseBytes-
#438059	NEW    cov: 319 ft: 564 corp: 125/2936b lim: 3018 exec/s: 219029 rss: 200Mb L: 116/116 MS: 3 CrossOver-CrossOver-ChangeBinInt-
#438150	NEW    cov: 319 ft: 565 corp: 126/2994b lim: 3018 exec/s: 219075 rss: 200Mb L: 58/116 MS: 1 EraseBytes-
#438411	REDUCE cov: 319 ft: 565 corp: 126/2964b lim: 3018 exec/s: 219205 rss: 201Mb L: 76/116 MS: 1 EraseBytes-
#438429	NEW    cov: 321 ft: 567 corp: 127/3080b lim: 3018 exec/s: 219214 rss: 201Mb L: 116/116 MS: 3 CrossOver-PersAutoDict-CMP- DE: "\001\000\000'"-"auth"-
#438522	REDUCE cov: 321 ft: 567 corp: 127/3061b lim: 3018 exec/s: 219261 rss: 201Mb L: 87/116 MS: 3 ChangeBit-ChangeBinInt-EraseBytes-
#438552	NEW    cov: 321 ft: 570 corp: 128/3205b lim: 3018 exec/s: 219276 rss: 201Mb L: 144/144 MS: 5 ChangeBit-PersAutoDict-CrossOver-InsertRepeatedBytes-EraseBytes- DE: "\377\377\377\311"-
#438594	REDUCE cov: 321 ft: 570 corp: 128/3186b lim: 3018 exec/s: 219297 rss: 201Mb L: 58/144 MS: 2 CMP-EraseBytes- DE: "n\000"-
#438905	REDUCE cov: 321 ft: 570 corp: 128/3183b lim: 3018 exec/s: 219452 rss: 202Mb L: 113/144 MS: 1 EraseBytes-
#439066	REDUCE cov: 321 ft: 570 corp: 128/3178b lim: 3018 exec/s: 219533 rss: 202Mb L: 139/139 MS: 1 EraseBytes-
#439085	REDUCE cov: 321 ft: 570 corp: 128/3162b lim: 3018 exec/s: 219542 rss: 202Mb L: 21/139 MS: 4 InsertByte-ChangeBinInt-CrossOver-EraseBytes-
#439453	NEW    cov: 322 ft: 571 corp: 129/3279b lim: 3018 exec/s: 219726 rss: 202Mb L: 117/139 MS: 3 InsertByte-ChangeBinInt-ShuffleBytes-
#439516	REDUCE cov: 322 ft: 571 corp: 129/3230b lim: 3018 exec/s: 219758 rss: 202Mb L: 67/139 MS: 3 CopyPart-ChangeBit-EraseBytes-
#439832	REDUCE cov: 322 ft: 571 corp: 129/3205b lim: 3018 exec/s: 219916 rss: 202Mb L: 114/117 MS: 1 EraseBytes-
#440123	REDUCE cov: 322 ft: 571 corp: 129/3162b lim: 3018 exec/s: 220061 rss: 202Mb L: 74/114 MS: 1 EraseBytes-
#440600	REDUCE cov: 322 ft: 572 corp: 130/3268b lim: 3018 exec/s: 220300 rss: 202Mb L: 106/114 MS: 2 ChangeBit-EraseBytes-
#440837	REDUCE cov: 322 ft: 572 corp: 130/3256b lim: 3018 exec/s: 220418 rss: 202Mb L: 102/113 MS: 2 ChangeBit-EraseBytes-
#441129	REDUCE cov: 322 ft: 572 corp: 130/3245b lim: 3018 exec/s: 220564 rss: 202Mb L: 27/113 MS: 2 CopyPart-EraseBytes-
#441425	REDUCE cov: 322 ft: 572 corp: 130/3237b lim: 3018 exec/s: 220712 rss: 202Mb L: 98/113 MS: 1 EraseBytes-
#441717	REDUCE cov: 322 ft: 572 corp: 130/3195b lim: 3018 exec/s: 220858 rss: 202Mb L: 56/113 MS: 2 ChangeByte-EraseBytes-
#441838	REDUCE cov: 322 ft: 572 corp: 130/3188b lim: 3018 exec/s: 220919 rss: 202Mb L: 49/113 MS: 1 EraseBytes-
#445759	REDUCE cov: 322 ft: 572 corp: 130/3158b lim: 3051 exec/s: 222879 rss: 203Mb L: 83/105 MS: 1 EraseBytes-
#446030	REDUCE cov: 322 ft: 572 corp: 130/3157b lim: 3051 exec/s: 223015 rss: 203Mb L: 20/105 MS: 1 EraseBytes-
#446287	REDUCE cov: 322 ft: 572 corp: 130/3156b lim: 3051 exec/s: 223143 rss: 203Mb L: 28/105 MS: 2 ChangeBinInt-EraseBytes-
#446828	REDUCE cov: 322 ft: 572 corp: 130/3147b lim: 3051 exec/s: 223414 rss: 203Mb L: 40/105 MS: 1 EraseBytes-
#447814	REDUCE cov: 322 ft: 572 corp: 130/3142b lim: 3051 exec/s: 223907 rss: 203Mb L: 15/105 MS: 1 EraseBytes-
#448095	REDUCE cov: 322 ft: 572 corp: 130/3111b lim: 3051 exec/s: 224047 rss: 203Mb L: 52/105 MS: 1 EraseBytes-
#448133	REDUCE cov: 322 ft: 572 corp: 130/3097b lim: 3051 exec/s: 224066 rss: 203Mb L: 91/102 MS: 3 CopyPart-ChangeBinInt-EraseBytes-
#449134	REDUCE cov: 322 ft: 572 corp: 130/3095b lim: 3051 exec/s: 224567 rss: 203Mb L: 100/100 MS: 1 EraseBytes-
#449155	REDUCE cov: 322 ft: 572 corp: 130/3094b lim: 3051 exec/s: 224577 rss: 203Mb L: 25/100 MS: 1 EraseBytes-
#450251	REDUCE cov: 322 ft: 572 corp: 130/3090b lim: 3051 exec/s: 225125 rss: 203Mb L: 11/100 MS: 1 EraseBytes-
#450257	REDUCE cov: 322 ft: 573 corp: 131/3177b lim: 3051 exec/s: 225128 rss: 203Mb L: 87/100 MS: 1 CopyPart-
#450623	REDUCE cov: 322 ft: 573 corp: 131/3176b lim: 3051 exec/s: 225311 rss: 203Mb L: 39/100 MS: 1 EraseBytes-
#451410	REDUCE cov: 322 ft: 573 corp: 131/3175b lim: 3051 exec/s: 225705 rss: 203Mb L: 24/100 MS: 2 CMP-EraseBytes- DE: "J["-
#451567	REDUCE cov: 322 ft: 573 corp: 131/3168b lim: 3051 exec/s: 225783 rss: 203Mb L: 51/100 MS: 2 ChangeByte-EraseBytes-
#452260	REDUCE cov: 322 ft: 573 corp: 131/3164b lim: 3051 exec/s: 226130 rss: 204Mb L: 83/100 MS: 3 CrossOver-ChangeBit-EraseBytes-
#452382	REDUCE cov: 322 ft: 573 corp: 131/3162b lim: 3051 exec/s: 226191 rss: 204Mb L: 65/100 MS: 2 ChangeBit-EraseBytes-
#452878	REDUCE cov: 324 ft: 575 corp: 132/3254b lim: 3051 exec/s: 226439 rss: 204Mb L: 92/100 MS: 1 CMP- DE: "state"-
#453002	REDUCE cov: 324 ft: 575 corp: 132/3228b lim: 3051 exec/s: 226501 rss: 204Mb L: 74/92 MS: 4 ChangeBit-CMP-InsertRepeatedBytes-EraseBytes- DE: "last"-
#453207	REDUCE cov: 324 ft: 575 corp: 132/3197b lim: 3051 exec/s: 226603 rss: 204Mb L: 61/91 MS: 5 CMP-ShuffleBytes-InsertByte-ChangeByte-EraseBytes- DE: "\000\000\000\010"-
#453813	REDUCE cov: 324 ft: 575 corp: 132/3187b lim: 3051 exec/s: 226906 rss: 205Mb L: 64/91 MS: 1 EraseBytes-
#455349	REDUCE cov: 324 ft: 576 corp: 133/3270b lim: 3062 exec/s: 227674 rss: 205Mb L: 83/91 MS: 1 PersAutoDict- DE: "state"-
#455738	REDUCE cov: 326 ft: 578 corp: 134/3307b lim: 3062 exec/s: 227869 rss: 205Mb L: 37/91 MS: 4 PersAutoDict-CrossOver-PersAutoDict-CMP- DE: "\001\000\000\000"-"root_distance"-"root_dispersion"-
#456840	REDUCE cov: 326 ft: 578 corp: 134/3298b lim: 3062 exec/s: 228420 rss: 205Mb L: 65/91 MS: 2 ChangeByte-EraseBytes-
#457091	REDUCE cov: 326 ft: 578 corp: 134/3292b lim: 3062 exec/s: 228545 rss: 205Mb L: 46/91 MS: 1 EraseBytes-
#458312	REDUCE cov: 326 ft: 578 corp: 134/3267b lim: 3073 exec/s: 229156 rss: 206Mb L: 58/91 MS: 1 EraseBytes-
#459909	REDUCE cov: 326 ft: 578 corp: 134/3244b lim: 3084 exec/s: 229954 rss: 207Mb L: 38/91 MS: 2 ChangeBinInt-EraseBytes-
#460372	REDUCE cov: 326 ft: 578 corp: 134/3237b lim: 3084 exec/s: 230186 rss: 207Mb L: 80/91 MS: 3 InsertRepeatedBytes-ChangeBinInt-EraseBytes-
#460525	REDUCE cov: 326 ft: 578 corp: 134/3223b lim: 3084 exec/s: 230262 rss: 207Mb L: 66/91 MS: 3 InsertByte-InsertRepeatedBytes-EraseBytes-
#461201	REDUCE cov: 326 ft: 578 corp: 134/3216b lim: 3084 exec/s: 230600 rss: 207Mb L: 58/91 MS: 1 EraseBytes-
#461302	REDUCE cov: 326 ft: 578 corp: 134/3200b lim: 3084 exec/s: 230651 rss: 207Mb L: 30/91 MS: 1 EraseBytes-
#461613	REDUCE cov: 326 ft: 578 corp: 134/3184b lim: 3084 exec/s: 230806 rss: 207Mb L: 21/91 MS: 1 EraseBytes-
#462584	REDUCE cov: 327 ft: 579 corp: 135/3225b lim: 3084 exec/s: 231292 rss: 207Mb L: 41/91 MS: 1 InsertRepeatedBytes-
#463001	REDUCE cov: 327 ft: 579 corp: 135/3223b lim: 3084 exec/s: 231500 rss: 207Mb L: 30/91 MS: 2 ChangeBit-EraseBytes-
#463189	REDUCE cov: 329 ft: 581 corp: 136/3287b lim: 3084 exec/s: 231594 rss: 207Mb L: 64/91 MS: 3 ChangeBit-ChangeBit-CMP- DE: "reach"-
#463321	NEW    cov: 331 ft: 583 corp: 137/3351b lim: 3084 exec/s: 231660 rss: 207Mb L: 64/91 MS: 2 ChangeBinInt-CMP- DE: "poll"-
#463484	REDUCE cov: 331 ft: 583 corp: 137/3342b lim: 3084 exec/s: 231742 rss: 207Mb L: 67/91 MS: 3 CMP-ChangeBit-EraseBytes- DE: "poll"-
#463582	NEW    cov: 332 ft: 584 corp: 138/3465b lim: 3084 exec/s: 231791 rss: 207Mb L: 123/123 MS: 3 CrossOver-PersAutoDict-ChangeBinInt- DE: "\000\011"-
#464114	REDUCE cov: 332 ft: 584 corp: 138/3441b lim: 3084 exec/s: 232057 rss: 207Mb L: 40/123 MS: 2 EraseBytes-CopyPart-
#464721	REDUCE cov: 332 ft: 584 corp: 138/3415b lim: 3084 exec/s: 232360 rss: 207Mb L: 97/97 MS: 2 CMP-EraseBytes- DE: "\377\377\377\377\377\377\377\377"-
#465088	REDUCE cov: 332 ft: 584 corp: 138/3395b lim: 3084 exec/s: 232544 rss: 208Mb L: 77/91 MS: 2 ShuffleBytes-EraseBytes-
#466667	REDUCE cov: 332 ft: 584 corp: 138/3384b lim: 3095 exec/s: 233333 rss: 208Mb L: 53/91 MS: 4 ChangeByte-ShuffleBytes-ChangeBinInt-EraseBytes-
#467175	REDUCE cov: 332 ft: 584 corp: 138/3372b lim: 3095 exec/s: 233587 rss: 208Mb L: 46/91 MS: 3 ChangeBinInt-PersAutoDict-EraseBytes- DE: "\001\000\000'"-
#467221	REDUCE cov: 332 ft: 584 corp: 138/3366b lim: 3095 exec/s: 233610 rss: 208Mb L: 35/91 MS: 1 EraseBytes-
#467443	REDUCE cov: 332 ft: 584 corp: 138/3344b lim: 3095 exec/s: 233721 rss: 208Mb L: 42/91 MS: 2 InsertByte-EraseBytes-
#469969	REDUCE cov: 332 ft: 584 corp: 138/3337b lim: 3117 exec/s: 234984 rss: 208Mb L: 70/91 MS: 1 EraseBytes-
#471225	REDUCE cov: 332 ft: 584 corp: 138/3336b lim: 3128 exec/s: 235612 rss: 208Mb L: 27/91 MS: 1 EraseBytes-
#472886	REDUCE cov: 332 ft: 584 corp: 138/3333b lim: 3139 exec/s: 236443 rss: 208Mb L: 67/91 MS: 1 EraseBytes-
#474587	REDUCE cov: 332 ft: 585 corp: 139/3389b lim: 3150 exec/s: 237293 rss: 208Mb L: 56/91 MS: 1 CrossOver-
#475848	REDUCE cov: 332 ft: 585 corp: 139/3378b lim: 3161 exec/s: 237924 rss: 208Mb L: 80/83 MS: 1 EraseBytes-
#475984	REDUCE cov: 332 ft: 585 corp: 139/3376b lim: 3161 exec/s: 237992 rss: 208Mb L: 38/83 MS: 1 EraseBytes-
#476451	REDUCE cov: 332 ft: 585 corp: 139/3374b lim: 3161 exec/s: 238225 rss: 208Mb L: 51/83 MS: 2 ChangeByte-EraseBytes-
#476663	REDUCE cov: 332 ft: 585 corp: 139/3363b lim: 3161 exec/s: 238331 rss: 208Mb L: 40/83 MS: 2 CrossOver-EraseBytes-
#478904	REDUCE cov: 332 ft: 585 corp: 139/3355b lim: 3183 exec/s: 239452 rss: 210Mb L: 50/83 MS: 1 EraseBytes-
#479525	REDUCE cov: 332 ft: 585 corp: 139/3352b lim: 3183 exec/s: 239762 rss: 210Mb L: 36/83 MS: 1 EraseBytes-
#479923	REDUCE cov: 332 ft: 586 corp: 140/3441b lim: 3183 exec/s: 239961 rss: 210Mb L: 89/89 MS: 3 CrossOver-CrossOver-CopyPart-
#480644	REDUCE cov: 332 ft: 586 corp: 140/3425b lim: 3183 exec/s: 240322 rss: 210Mb L: 51/89 MS: 1 EraseBytes-
#481037	REDUCE cov: 332 ft: 586 corp: 140/3419b lim: 3183 exec/s: 240518 rss: 210Mb L: 34/89 MS: 3 ChangeByte-ChangeBit-EraseBytes-
#481924	REDUCE cov: 332 ft: 586 corp: 140/3417b lim: 3183 exec/s: 240962 rss: 210Mb L: 44/89 MS: 2 InsertRepeatedBytes-EraseBytes-
#482163	REDUCE cov: 333 ft: 587 corp: 141/3485b lim: 3183 exec/s: 241081 rss: 210Mb L: 68/89 MS: 4 ShuffleBytes-CopyPart-InsertByte-EraseBytes-
#482269	REDUCE cov: 333 ft: 587 corp: 141/3472b lim: 3183 exec/s: 241134 rss: 210Mb L: 55/89 MS: 1 EraseBytes-
#483535	REDUCE cov: 333 ft: 587 corp: 141/3460b lim: 3194 exec/s: 241767 rss: 210Mb L: 43/89 MS: 1 EraseBytes-
#484357	REDUCE cov: 333 ft: 587 corp: 141/3443b lim: 3194 exec/s: 242178 rss: 211Mb L: 26/89 MS: 2 ChangeBinInt-EraseBytes-
#484861	NEW    cov: 335 ft: 589 corp: 142/3548b lim: 3194 exec/s: 242430 rss: 211Mb L: 105/105 MS: 4 ChangeBit-CopyPart-PersAutoDict-CMP- DE: "root_delay"-"name"-
#485613	REDUCE cov: 335 ft: 589 corp: 142/3538b lim: 3194 exec/s: 242806 rss: 211Mb L: 95/95 MS: 2 ChangeBinInt-EraseBytes-
#486119	REDUCE cov: 338 ft: 592 corp: 143/3573b lim: 3194 exec/s: 243059 rss: 211Mb L: 35/95 MS: 1 PersAutoDict- DE: "name"-
#486124	REDUCE cov: 338 ft: 592 corp: 143/3560b lim: 3194 exec/s: 243062 rss: 211Mb L: 82/89 MS: 5 CrossOver-ShuffleBytes-InsertByte-ChangeBit-EraseBytes-
#487341	REDUCE cov: 338 ft: 592 corp: 143/3558b lim: 3205 exec/s: 243670 rss: 211Mb L: 26/89 MS: 2 ShuffleBytes-EraseBytes-
#487499	REDUCE cov: 338 ft: 592 corp: 143/3552b lim: 3205 exec/s: 243749 rss: 211Mb L: 50/89 MS: 3 ChangeBit-InsertByte-EraseBytes-
#488015	REDUCE cov: 338 ft: 592 corp: 143/3546b lim: 3205 exec/s: 244007 rss: 211Mb L: 61/89 MS: 1 EraseBytes-
#489022	REDUCE cov: 338 ft: 592 corp: 143/3532b lim: 3205 exec/s: 244511 rss: 211Mb L: 36/89 MS: 2 EraseBytes-ChangeBit-
#489085	REDUCE cov: 338 ft: 592 corp: 143/3531b lim: 3205 exec/s: 244542 rss: 211Mb L: 10/89 MS: 3 InsertByte-ChangeByte-EraseBytes-
#489153	REDUCE cov: 338 ft: 592 corp: 143/3509b lim: 3205 exec/s: 244576 rss: 211Mb L: 60/89 MS: 3 ChangeByte-InsertByte-EraseBytes-
#489850	REDUCE cov: 338 ft: 592 corp: 143/3506b lim: 3205 exec/s: 244925 rss: 211Mb L: 57/89 MS: 2 CopyPart-EraseBytes-
#490206	REDUCE cov: 338 ft: 592 corp: 143/3503b lim: 3205 exec/s: 245103 rss: 211Mb L: 33/89 MS: 1 EraseBytes-
#490427	REDUCE cov: 338 ft: 592 corp: 143/3489b lim: 3205 exec/s: 245213 rss: 211Mb L: 51/89 MS: 1 EraseBytes-
#491200	REDUCE cov: 338 ft: 592 corp: 143/3488b lim: 3205 exec/s: 245600 rss: 212Mb L: 49/89 MS: 3 ChangeBinInt-CMP-EraseBytes- DE: "last"-
#494241	REDUCE cov: 338 ft: 592 corp: 143/3462b lim: 3227 exec/s: 247120 rss: 212Mb L: 35/89 MS: 1 EraseBytes-
#494577	REDUCE cov: 338 ft: 592 corp: 143/3461b lim: 3227 exec/s: 247288 rss: 212Mb L: 33/89 MS: 1 EraseBytes-
#495063	REDUCE cov: 338 ft: 592 corp: 143/3455b lim: 3227 exec/s: 247531 rss: 212Mb L: 29/89 MS: 1 EraseBytes-
#497036	REDUCE cov: 338 ft: 592 corp: 143/3444b lim: 3238 exec/s: 248518 rss: 212Mb L: 33/89 MS: 3 ChangeBinInt-PersAutoDict-EraseBytes- DE: "\001\000\000'"-
#497815	REDUCE cov: 338 ft: 592 corp: 143/3439b lim: 3238 exec/s: 248907 rss: 213Mb L: 30/89 MS: 4 ShuffleBytes-ShuffleBytes-CMP-EraseBytes- DE: "N\000"-
#498127	REDUCE cov: 338 ft: 592 corp: 143/3419b lim: 3238 exec/s: 249063 rss: 213Mb L: 37/89 MS: 2 CopyPart-EraseBytes-
#498393	REDUCE cov: 338 ft: 592 corp: 143/3416b lim: 3238 exec/s: 249196 rss: 213Mb L: 39/89 MS: 1 EraseBytes-
#499609	REDUCE cov: 338 ft: 592 corp: 143/3415b lim: 3249 exec/s: 249804 rss: 213Mb L: 35/89 MS: 1 EraseBytes-
#500565	REDUCE cov: 338 ft: 592 corp: 143/3413b lim: 3249 exec/s: 250282 rss: 213Mb L: 31/89 MS: 1 EraseBytes-
#501321	REDUCE cov: 341 ft: 595 corp: 144/3494b lim: 3249 exec/s: 250660 rss: 213Mb L: 81/89 MS: 1 InsertRepeatedBytes-
#501628	NEW    cov: 344 ft: 598 corp: 145/3511b lim: 3249 exec/s: 250814 rss: 213Mb L: 17/89 MS: 2 ChangeBit-ChangeByte-
	NEW_FUNC[1/1]: 0x582c93af94d0  (/home/jack/projects/peios/timed/fuzz/target/x86_64-unknown-linux-gnu/release/time_wire+0x1394d0) (BuildId: 7ca9100398e2386a3523e950c0181d0d5ddd72ae)
#502080	REDUCE cov: 351 ft: 606 corp: 146/3544b lim: 3249 exec/s: 251040 rss: 213Mb L: 33/89 MS: 2 ChangeBinInt-CMP- DE: "note"-
#504166	REDUCE cov: 351 ft: 606 corp: 146/3525b lim: 3260 exec/s: 252083 rss: 213Mb L: 62/89 MS: 1 EraseBytes-
#505294	REDUCE cov: 351 ft: 606 corp: 146/3524b lim: 3271 exec/s: 252647 rss: 213Mb L: 36/89 MS: 3 ChangeBit-PersAutoDict-EraseBytes- DE: "name"-
#505395	REDUCE cov: 351 ft: 606 corp: 146/3523b lim: 3271 exec/s: 252697 rss: 213Mb L: 88/88 MS: 1 EraseBytes-
#508466	REDUCE cov: 351 ft: 607 corp: 147/3569b lim: 3293 exec/s: 254233 rss: 213Mb L: 46/88 MS: 1 CopyPart-
#510802	REDUCE cov: 351 ft: 607 corp: 147/3560b lim: 3315 exec/s: 255401 rss: 213Mb L: 53/88 MS: 1 EraseBytes-
#510883	REDUCE cov: 351 ft: 607 corp: 147/3551b lim: 3315 exec/s: 255441 rss: 213Mb L: 27/88 MS: 1 EraseBytes-
#512014	REDUCE cov: 351 ft: 607 corp: 147/3547b lim: 3326 exec/s: 256007 rss: 214Mb L: 49/88 MS: 1 EraseBytes-
#512655	REDUCE cov: 351 ft: 607 corp: 147/3545b lim: 3326 exec/s: 256327 rss: 214Mb L: 15/88 MS: 1 EraseBytes-
#514244	REDUCE cov: 353 ft: 609 corp: 148/3567b lim: 3337 exec/s: 257122 rss: 214Mb L: 22/88 MS: 4 PersAutoDict-ShuffleBytes-CMP-EraseBytes- DE: "\000\011"-"jitter"-
#514395	REDUCE cov: 356 ft: 612 corp: 149/3585b lim: 3337 exec/s: 257197 rss: 214Mb L: 18/88 MS: 1 PersAutoDict- DE: "reply"-
#514746	REDUCE cov: 356 ft: 612 corp: 149/3584b lim: 3337 exec/s: 257373 rss: 214Mb L: 17/88 MS: 1 EraseBytes-
#516627	REDUCE cov: 356 ft: 612 corp: 149/3577b lim: 3348 exec/s: 258313 rss: 214Mb L: 15/88 MS: 1 EraseBytes-
#518174	REDUCE cov: 356 ft: 613 corp: 150/3653b lim: 3359 exec/s: 259087 rss: 214Mb L: 76/88 MS: 2 CMP-CrossOver- DE: "\000\001"-
#518780	NEW    cov: 356 ft: 614 corp: 151/3733b lim: 3359 exec/s: 259390 rss: 215Mb L: 80/88 MS: 1 CrossOver-
#519351	REDUCE cov: 356 ft: 614 corp: 151/3732b lim: 3359 exec/s: 259675 rss: 215Mb L: 13/88 MS: 1 EraseBytes-
#520412	REDUCE cov: 356 ft: 614 corp: 151/3726b lim: 3359 exec/s: 260206 rss: 215Mb L: 27/88 MS: 1 EraseBytes-
#520753	REDUCE cov: 356 ft: 614 corp: 151/3725b lim: 3359 exec/s: 260376 rss: 215Mb L: 29/88 MS: 1 EraseBytes-
#521154	REDUCE cov: 356 ft: 614 corp: 151/3723b lim: 3359 exec/s: 260577 rss: 215Mb L: 31/88 MS: 1 EraseBytes-
#521300	REDUCE cov: 356 ft: 614 corp: 151/3718b lim: 3359 exec/s: 260650 rss: 215Mb L: 22/88 MS: 1 EraseBytes-
#521362	REDUCE cov: 356 ft: 614 corp: 151/3713b lim: 3359 exec/s: 260681 rss: 215Mb L: 71/88 MS: 2 InsertRepeatedBytes-EraseBytes-
#521779	REDUCE cov: 356 ft: 615 corp: 152/3853b lim: 3359 exec/s: 260889 rss: 215Mb L: 140/140 MS: 2 ChangeBit-CrossOver-
#522430	REDUCE cov: 356 ft: 615 corp: 152/3849b lim: 3359 exec/s: 261215 rss: 215Mb L: 45/140 MS: 1 EraseBytes-
#523431	REDUCE cov: 356 ft: 615 corp: 152/3848b lim: 3359 exec/s: 261715 rss: 215Mb L: 139/139 MS: 1 EraseBytes-
#524288	pulse  cov: 356 ft: 615 corp: 152/3848b lim: 3359 exec/s: 262144 rss: 215Mb
#525142	REDUCE cov: 356 ft: 615 corp: 152/3834b lim: 3370 exec/s: 262571 rss: 215Mb L: 125/125 MS: 1 EraseBytes-
#525293	REDUCE cov: 356 ft: 615 corp: 152/3830b lim: 3370 exec/s: 262646 rss: 215Mb L: 63/125 MS: 1 EraseBytes-
#526909	REDUCE cov: 356 ft: 615 corp: 152/3821b lim: 3381 exec/s: 263454 rss: 216Mb L: 116/116 MS: 1 EraseBytes-
#527640	REDUCE cov: 356 ft: 615 corp: 152/3816b lim: 3381 exec/s: 263820 rss: 216Mb L: 34/116 MS: 1 EraseBytes-
#528179	REDUCE cov: 358 ft: 617 corp: 153/3955b lim: 3381 exec/s: 264089 rss: 216Mb L: 139/139 MS: 4 EraseBytes-CrossOver-CrossOver-CMP- DE: "last"-
#528543	REDUCE cov: 358 ft: 617 corp: 153/3943b lim: 3381 exec/s: 264271 rss: 216Mb L: 127/127 MS: 4 ShuffleBytes-ChangeBit-ChangeByte-EraseBytes-
#529870	REDUCE cov: 358 ft: 617 corp: 153/3935b lim: 3392 exec/s: 264935 rss: 216Mb L: 119/119 MS: 2 ChangeBit-EraseBytes-
#530071	REDUCE cov: 358 ft: 617 corp: 153/3928b lim: 3392 exec/s: 265035 rss: 216Mb L: 28/119 MS: 1 EraseBytes-
#530202	REDUCE cov: 358 ft: 617 corp: 153/3922b lim: 3392 exec/s: 265101 rss: 216Mb L: 65/119 MS: 1 EraseBytes-
#530223	REDUCE cov: 358 ft: 617 corp: 153/3895b lim: 3392 exec/s: 265111 rss: 216Mb L: 92/116 MS: 1 EraseBytes-
#530560	REDUCE cov: 358 ft: 618 corp: 154/3978b lim: 3392 exec/s: 265280 rss: 216Mb L: 83/116 MS: 2 ChangeBit-CrossOver-
#530561	REDUCE cov: 358 ft: 618 corp: 154/3939b lim: 3392 exec/s: 265280 rss: 216Mb L: 53/116 MS: 1 EraseBytes-
#531304	REDUCE cov: 358 ft: 618 corp: 154/3926b lim: 3392 exec/s: 265652 rss: 216Mb L: 67/116 MS: 3 CopyPart-CMP-EraseBytes- DE: "\000\000\000\000\000\000\000P"-
#531515	REDUCE cov: 358 ft: 618 corp: 154/3911b lim: 3392 exec/s: 265757 rss: 216Mb L: 38/116 MS: 1 EraseBytes-
#531721	REDUCE cov: 358 ft: 618 corp: 154/3899b lim: 3392 exec/s: 265860 rss: 216Mb L: 55/116 MS: 1 EraseBytes-
#531938	REDUCE cov: 358 ft: 618 corp: 154/3898b lim: 3392 exec/s: 265969 rss: 216Mb L: 17/116 MS: 2 ShuffleBytes-EraseBytes-
#532340	REDUCE cov: 358 ft: 618 corp: 154/3869b lim: 3392 exec/s: 266170 rss: 216Mb L: 87/88 MS: 2 CopyPart-EraseBytes-
#533466	NEW    cov: 359 ft: 619 corp: 155/3952b lim: 3403 exec/s: 266733 rss: 216Mb L: 83/88 MS: 1 ChangeBinInt-
#533942	REDUCE cov: 359 ft: 619 corp: 155/3951b lim: 3403 exec/s: 266971 rss: 216Mb L: 14/88 MS: 1 EraseBytes-
#534763	REDUCE cov: 359 ft: 619 corp: 155/3939b lim: 3403 exec/s: 267381 rss: 216Mb L: 76/87 MS: 1 EraseBytes-
#536974	REDUCE cov: 359 ft: 619 corp: 155/3909b lim: 3425 exec/s: 268487 rss: 217Mb L: 53/87 MS: 1 EraseBytes-
#537550	REDUCE cov: 364 ft: 624 corp: 156/3954b lim: 3425 exec/s: 268775 rss: 217Mb L: 45/87 MS: 1 PersAutoDict- DE: "note"-
#537711	REDUCE cov: 364 ft: 624 corp: 156/3951b lim: 3425 exec/s: 268855 rss: 217Mb L: 62/87 MS: 1 EraseBytes-
#538982	REDUCE cov: 364 ft: 624 corp: 156/3950b lim: 3436 exec/s: 269491 rss: 218Mb L: 22/87 MS: 1 EraseBytes-
#540480	REDUCE cov: 364 ft: 624 corp: 156/3934b lim: 3447 exec/s: 270240 rss: 218Mb L: 67/87 MS: 3 ChangeBinInt-ShuffleBytes-EraseBytes-
#542821	REDUCE cov: 364 ft: 624 corp: 156/3915b lim: 3469 exec/s: 180940 rss: 218Mb L: 34/87 MS: 1 EraseBytes-
#543725	RELOAD cov: 383 ft: 683 corp: 172/4406b lim: 3469 exec/s: 181241 rss: 219Mb
#545568	REDUCE cov: 385 ft: 685 corp: 173/4478b lim: 3491 exec/s: 181856 rss: 219Mb L: 72/87 MS: 3 PersAutoDict-ChangeBit-CMP- DE: "leap"-"jitter"-
#545675	REDUCE cov: 385 ft: 686 corp: 174/4546b lim: 3491 exec/s: 181891 rss: 219Mb L: 68/87 MS: 2 CopyPart-CrossOver-
#545786	REDUCE cov: 385 ft: 686 corp: 174/4530b lim: 3491 exec/s: 181928 rss: 219Mb L: 22/87 MS: 1 EraseBytes-
#548305	REDUCE cov: 385 ft: 686 corp: 174/4514b lim: 3513 exec/s: 182768 rss: 219Mb L: 52/87 MS: 4 ShuffleBytes-ShuffleBytes-InsertRepeatedBytes-EraseBytes-
#548351	REDUCE cov: 385 ft: 686 corp: 174/4513b lim: 3513 exec/s: 182783 rss: 219Mb L: 37/87 MS: 1 EraseBytes-
#548398	REDUCE cov: 385 ft: 686 corp: 174/4506b lim: 3513 exec/s: 182799 rss: 219Mb L: 48/87 MS: 2 ChangeBit-EraseBytes-
#548514	REDUCE cov: 385 ft: 686 corp: 174/4505b lim: 3513 exec/s: 182838 rss: 219Mb L: 13/87 MS: 1 EraseBytes-
#550819	NEW    cov: 385 ft: 687 corp: 175/4548b lim: 3535 exec/s: 183606 rss: 219Mb L: 43/87 MS: 5 CopyPart-PersAutoDict-ChangeASCIIInt-ChangeBit-InsertByte- DE: "\001\000\000\000"-
#551040	REDUCE cov: 385 ft: 687 corp: 175/4545b lim: 3535 exec/s: 183680 rss: 219Mb L: 26/87 MS: 1 EraseBytes-
#551736	REDUCE cov: 385 ft: 687 corp: 175/4543b lim: 3535 exec/s: 183912 rss: 219Mb L: 49/87 MS: 1 EraseBytes-
#552372	REDUCE cov: 385 ft: 687 corp: 175/4542b lim: 3535 exec/s: 184124 rss: 219Mb L: 26/87 MS: 1 EraseBytes-
#553379	REDUCE cov: 385 ft: 687 corp: 175/4538b lim: 3535 exec/s: 184459 rss: 220Mb L: 69/87 MS: 2 ChangeBit-EraseBytes-
#553910	REDUCE cov: 385 ft: 687 corp: 175/4529b lim: 3535 exec/s: 184636 rss: 220Mb L: 25/87 MS: 1 EraseBytes-
#555701	REDUCE cov: 385 ft: 687 corp: 175/4528b lim: 3546 exec/s: 185233 rss: 220Mb L: 25/87 MS: 1 EraseBytes-
#556303	REDUCE cov: 385 ft: 687 corp: 175/4525b lim: 3546 exec/s: 185434 rss: 220Mb L: 69/87 MS: 2 ChangeBinInt-EraseBytes-
#557539	REDUCE cov: 385 ft: 687 corp: 175/4519b lim: 3557 exec/s: 185846 rss: 220Mb L: 19/87 MS: 1 EraseBytes-
#557658	REDUCE cov: 385 ft: 687 corp: 175/4514b lim: 3557 exec/s: 185886 rss: 220Mb L: 47/87 MS: 4 ChangeBit-PersAutoDict-CrossOver-EraseBytes- DE: "query"-
#558810	REDUCE cov: 385 ft: 687 corp: 175/4513b lim: 3568 exec/s: 186270 rss: 220Mb L: 24/87 MS: 2 PersAutoDict-EraseBytes- DE: "n\000"-
#560431	REDUCE cov: 385 ft: 687 corp: 175/4507b lim: 3579 exec/s: 186810 rss: 220Mb L: 63/87 MS: 1 EraseBytes-
#560808	REDUCE cov: 385 ft: 687 corp: 175/4503b lim: 3579 exec/s: 186936 rss: 220Mb L: 31/87 MS: 2 ChangeBinInt-EraseBytes-
#560819	REDUCE cov: 385 ft: 687 corp: 175/4502b lim: 3579 exec/s: 186939 rss: 220Mb L: 16/87 MS: 1 EraseBytes-
#562585	REDUCE cov: 385 ft: 687 corp: 175/4495b lim: 3590 exec/s: 187528 rss: 220Mb L: 69/87 MS: 1 EraseBytes-
#565728	REDUCE cov: 385 ft: 688 corp: 176/4548b lim: 3612 exec/s: 188576 rss: 220Mb L: 53/87 MS: 3 ChangeByte-ChangeBit-CopyPart-
#565869	REDUCE cov: 385 ft: 688 corp: 176/4545b lim: 3612 exec/s: 188623 rss: 220Mb L: 43/87 MS: 1 EraseBytes-
#566246	REDUCE cov: 385 ft: 688 corp: 176/4536b lim: 3612 exec/s: 188748 rss: 220Mb L: 53/87 MS: 2 ShuffleBytes-EraseBytes-
#567812	REDUCE cov: 385 ft: 688 corp: 176/4535b lim: 3623 exec/s: 189270 rss: 220Mb L: 32/87 MS: 1 EraseBytes-
#569758	REDUCE cov: 385 ft: 688 corp: 176/4533b lim: 3634 exec/s: 189919 rss: 221Mb L: 35/87 MS: 1 EraseBytes-
#571930	REDUCE cov: 385 ft: 688 corp: 176/4532b lim: 3645 exec/s: 190643 rss: 221Mb L: 42/87 MS: 2 ChangeByte-EraseBytes-
#575551	REDUCE cov: 385 ft: 688 corp: 176/4530b lim: 3678 exec/s: 191850 rss: 221Mb L: 24/87 MS: 1 EraseBytes-
#576177	REDUCE cov: 385 ft: 688 corp: 176/4528b lim: 3678 exec/s: 192059 rss: 221Mb L: 26/87 MS: 1 EraseBytes-
#577348	REDUCE cov: 385 ft: 688 corp: 176/4523b lim: 3689 exec/s: 192449 rss: 221Mb L: 62/87 MS: 1 EraseBytes-
#579594	REDUCE cov: 385 ft: 688 corp: 176/4521b lim: 3711 exec/s: 193198 rss: 221Mb L: 22/87 MS: 1 EraseBytes-
#582021	REDUCE cov: 387 ft: 690 corp: 177/4590b lim: 3733 exec/s: 194007 rss: 221Mb L: 69/87 MS: 2 ShuffleBytes-CMP- DE: "offset"-
#582502	REDUCE cov: 387 ft: 690 corp: 177/4575b lim: 3733 exec/s: 194167 rss: 221Mb L: 54/87 MS: 1 EraseBytes-
#584288	REDUCE cov: 387 ft: 690 corp: 177/4573b lim: 3744 exec/s: 194762 rss: 221Mb L: 32/87 MS: 1 EraseBytes-
#584329	REDUCE cov: 387 ft: 690 corp: 177/4571b lim: 3744 exec/s: 194776 rss: 222Mb L: 17/87 MS: 1 EraseBytes-
#585785	NEW    cov: 390 ft: 693 corp: 178/4618b lim: 3755 exec/s: 195261 rss: 222Mb L: 47/87 MS: 1 PersAutoDict- DE: "\000\001"-
#586986	REDUCE cov: 390 ft: 693 corp: 178/4615b lim: 3766 exec/s: 195662 rss: 222Mb L: 50/87 MS: 1 EraseBytes-
#587212	REDUCE cov: 390 ft: 693 corp: 178/4611b lim: 3766 exec/s: 195737 rss: 222Mb L: 13/87 MS: 1 EraseBytes-
#588334	REDUCE cov: 390 ft: 693 corp: 178/4597b lim: 3777 exec/s: 196111 rss: 222Mb L: 33/87 MS: 2 CopyPart-EraseBytes-
#589000	REDUCE cov: 390 ft: 693 corp: 178/4590b lim: 3777 exec/s: 196333 rss: 222Mb L: 15/87 MS: 1 EraseBytes-
#592181	REDUCE cov: 390 ft: 693 corp: 178/4586b lim: 3799 exec/s: 197393 rss: 223Mb L: 29/87 MS: 1 EraseBytes-
#594567	REDUCE cov: 390 ft: 693 corp: 178/4583b lim: 3821 exec/s: 198189 rss: 223Mb L: 34/87 MS: 1 EraseBytes-
#595438	REDUCE cov: 390 ft: 693 corp: 178/4576b lim: 3821 exec/s: 198479 rss: 223Mb L: 62/87 MS: 1 EraseBytes-
#601464	REDUCE cov: 390 ft: 693 corp: 178/4574b lim: 3876 exec/s: 200488 rss: 223Mb L: 28/87 MS: 1 EraseBytes-
#603125	REDUCE cov: 390 ft: 693 corp: 178/4562b lim: 3887 exec/s: 201041 rss: 223Mb L: 50/87 MS: 1 EraseBytes-
#603676	REDUCE cov: 390 ft: 693 corp: 178/4561b lim: 3887 exec/s: 201225 rss: 223Mb L: 13/87 MS: 1 EraseBytes-
#605748	REDUCE cov: 390 ft: 693 corp: 178/4549b lim: 3898 exec/s: 201916 rss: 223Mb L: 75/83 MS: 2 CMP-EraseBytes- DE: "\001\000\000\000\000\000\000\000"-
#606614	REDUCE cov: 390 ft: 693 corp: 178/4547b lim: 3898 exec/s: 202204 rss: 223Mb L: 52/83 MS: 1 EraseBytes-
#606848	NEW    cov: 391 ft: 694 corp: 179/4579b lim: 3898 exec/s: 202282 rss: 223Mb L: 32/83 MS: 4 PersAutoDict-CopyPart-EraseBytes-ShuffleBytes- DE: "precisi\177n"-
#607044	REDUCE cov: 391 ft: 694 corp: 179/4578b lim: 3898 exec/s: 202348 rss: 223Mb L: 57/83 MS: 1 EraseBytes-
#608445	REDUCE cov: 391 ft: 694 corp: 179/4574b lim: 3909 exec/s: 202815 rss: 223Mb L: 62/83 MS: 1 EraseBytes-
#609346	REDUCE cov: 391 ft: 694 corp: 179/4568b lim: 3909 exec/s: 203115 rss: 224Mb L: 42/83 MS: 1 EraseBytes-
#611502	REDUCE cov: 391 ft: 694 corp: 179/4562b lim: 3920 exec/s: 203834 rss: 225Mb L: 44/83 MS: 1 EraseBytes-
#614229	REDUCE cov: 391 ft: 694 corp: 179/4555b lim: 3942 exec/s: 204743 rss: 225Mb L: 20/83 MS: 2 ChangeBinInt-EraseBytes-
#616140	REDUCE cov: 391 ft: 694 corp: 179/4553b lim: 3953 exec/s: 205380 rss: 225Mb L: 24/83 MS: 1 EraseBytes-
#617836	REDUCE cov: 391 ft: 694 corp: 179/4549b lim: 3964 exec/s: 205945 rss: 226Mb L: 48/83 MS: 1 EraseBytes-
#617942	REDUCE cov: 391 ft: 694 corp: 179/4546b lim: 3964 exec/s: 205980 rss: 226Mb L: 32/83 MS: 1 EraseBytes-
#619013	REDUCE cov: 391 ft: 694 corp: 179/4545b lim: 3964 exec/s: 206337 rss: 226Mb L: 46/83 MS: 1 EraseBytes-
#620818	REDUCE cov: 393 ft: 696 corp: 180/4588b lim: 3975 exec/s: 206939 rss: 227Mb L: 43/83 MS: 5 ChangeBit-PersAutoDict-InsertByte-ChangeBinInt-CMP- DE: "\000\000\000\000\000\000\000P"-"origin"-
#621069	REDUCE cov: 393 ft: 696 corp: 180/4587b lim: 3975 exec/s: 207023 rss: 227Mb L: 28/83 MS: 1 EraseBytes-
#621218	REDUCE cov: 393 ft: 696 corp: 180/4579b lim: 3975 exec/s: 207072 rss: 227Mb L: 35/83 MS: 4 PersAutoDict-ChangeBit-CopyPart-EraseBytes- DE: "name"-
#625525	REDUCE cov: 393 ft: 696 corp: 180/4577b lim: 4008 exec/s: 208508 rss: 227Mb L: 44/83 MS: 2 ChangeByte-EraseBytes-
#625651	REDUCE cov: 393 ft: 696 corp: 180/4575b lim: 4008 exec/s: 208550 rss: 227Mb L: 61/83 MS: 1 EraseBytes-
#628647	REDUCE cov: 393 ft: 696 corp: 180/4563b lim: 4030 exec/s: 209549 rss: 227Mb L: 23/83 MS: 1 EraseBytes-
#629898	REDUCE cov: 393 ft: 696 corp: 180/4562b lim: 4041 exec/s: 209966 rss: 227Mb L: 30/83 MS: 1 EraseBytes-
#634234	REDUCE cov: 394 ft: 697 corp: 181/4593b lim: 4074 exec/s: 211411 rss: 227Mb L: 31/83 MS: 1 CrossOver-
#638544	REDUCE cov: 400 ft: 703 corp: 182/4681b lim: 4096 exec/s: 212848 rss: 228Mb L: 88/88 MS: 5 CrossOver-ChangeByte-CMP-ChangeBit-CMP- DE: ")\234\366\377O\000\000\000"-"address"-
#641195	REDUCE cov: 400 ft: 703 corp: 182/4678b lim: 4096 exec/s: 213731 rss: 228Mb L: 28/88 MS: 1 EraseBytes-
#641246	REDUCE cov: 400 ft: 703 corp: 182/4655b lim: 4096 exec/s: 213748 rss: 228Mb L: 65/83 MS: 1 EraseBytes-
#644433	REDUCE cov: 400 ft: 703 corp: 182/4651b lim: 4096 exec/s: 214811 rss: 228Mb L: 76/83 MS: 2 ChangeBinInt-EraseBytes-
#646720	REDUCE cov: 401 ft: 704 corp: 183/4717b lim: 4096 exec/s: 215573 rss: 228Mb L: 66/83 MS: 2 InsertByte-ChangeByte-
#647691	REDUCE cov: 401 ft: 704 corp: 183/4716b lim: 4096 exec/s: 215897 rss: 228Mb L: 36/83 MS: 1 EraseBytes-
#649027	NEW    cov: 401 ft: 705 corp: 184/4743b lim: 4096 exec/s: 216342 rss: 228Mb L: 27/83 MS: 1 CopyPart-
#652028	REDUCE cov: 401 ft: 705 corp: 184/4742b lim: 4096 exec/s: 217342 rss: 229Mb L: 68/83 MS: 1 EraseBytes-
#652934	REDUCE cov: 401 ft: 705 corp: 184/4730b lim: 4096 exec/s: 217644 rss: 229Mb L: 53/83 MS: 1 EraseBytes-
#653011	NEW    cov: 402 ft: 706 corp: 185/4818b lim: 4096 exec/s: 217670 rss: 229Mb L: 88/88 MS: 2 CrossOver-ChangeBit-
#656572	REDUCE cov: 402 ft: 706 corp: 185/4815b lim: 4096 exec/s: 218857 rss: 229Mb L: 12/88 MS: 1 EraseBytes-
#657648	REDUCE cov: 402 ft: 706 corp: 185/4813b lim: 4096 exec/s: 219216 rss: 229Mb L: 23/88 MS: 1 EraseBytes-
#658594	REDUCE cov: 402 ft: 706 corp: 185/4812b lim: 4096 exec/s: 219531 rss: 229Mb L: 43/88 MS: 1 EraseBytes-
#659530	REDUCE cov: 402 ft: 706 corp: 185/4800b lim: 4096 exec/s: 219843 rss: 229Mb L: 71/88 MS: 1 EraseBytes-
#660741	REDUCE cov: 402 ft: 706 corp: 185/4798b lim: 4096 exec/s: 220247 rss: 229Mb L: 15/88 MS: 1 EraseBytes-
#661507	REDUCE cov: 402 ft: 706 corp: 185/4789b lim: 4096 exec/s: 220502 rss: 229Mb L: 54/88 MS: 1 EraseBytes-
#661644	REDUCE cov: 402 ft: 706 corp: 185/4775b lim: 4096 exec/s: 220548 rss: 229Mb L: 74/76 MS: 2 ChangeBinInt-EraseBytes-
#662770	REDUCE cov: 402 ft: 706 corp: 185/4774b lim: 4096 exec/s: 220923 rss: 229Mb L: 15/76 MS: 1 EraseBytes-
#663076	REDUCE cov: 402 ft: 706 corp: 185/4761b lim: 4096 exec/s: 221025 rss: 229Mb L: 61/76 MS: 1 EraseBytes-
#664507	REDUCE cov: 402 ft: 706 corp: 185/4759b lim: 4096 exec/s: 221502 rss: 229Mb L: 26/76 MS: 1 EraseBytes-
#666783	REDUCE cov: 402 ft: 706 corp: 185/4757b lim: 4096 exec/s: 222261 rss: 229Mb L: 41/76 MS: 1 EraseBytes-
#669026	REDUCE cov: 402 ft: 706 corp: 185/4755b lim: 4096 exec/s: 223008 rss: 229Mb L: 20/76 MS: 3 ChangeBinInt-InsertByte-EraseBytes-
#669598	REDUCE cov: 402 ft: 706 corp: 185/4747b lim: 4096 exec/s: 223199 rss: 229Mb L: 40/76 MS: 2 PersAutoDict-EraseBytes- DE: "\016\000"-
#671370	REDUCE cov: 402 ft: 706 corp: 185/4744b lim: 4096 exec/s: 223790 rss: 229Mb L: 50/76 MS: 2 ChangeBinInt-EraseBytes-
#672956	REDUCE cov: 402 ft: 706 corp: 185/4740b lim: 4096 exec/s: 224318 rss: 229Mb L: 27/76 MS: 1 EraseBytes-
#679902	REDUCE cov: 402 ft: 706 corp: 185/4736b lim: 4096 exec/s: 226634 rss: 230Mb L: 62/76 MS: 1 EraseBytes-
#680669	REDUCE cov: 402 ft: 706 corp: 185/4734b lim: 4096 exec/s: 226889 rss: 230Mb L: 29/76 MS: 2 ChangeBit-EraseBytes-
#681215	REDUCE cov: 402 ft: 706 corp: 185/4730b lim: 4096 exec/s: 227071 rss: 230Mb L: 25/76 MS: 1 EraseBytes-
#682411	REDUCE cov: 402 ft: 706 corp: 185/4726b lim: 4096 exec/s: 227470 rss: 230Mb L: 23/76 MS: 1 EraseBytes-
#683967	REDUCE cov: 402 ft: 706 corp: 185/4725b lim: 4096 exec/s: 227989 rss: 230Mb L: 27/76 MS: 1 EraseBytes-
#686585	REDUCE cov: 402 ft: 706 corp: 185/4697b lim: 4096 exec/s: 228861 rss: 230Mb L: 47/76 MS: 3 ChangeBit-ChangeBit-EraseBytes-
#687962	REDUCE cov: 402 ft: 706 corp: 185/4682b lim: 4096 exec/s: 229320 rss: 230Mb L: 47/76 MS: 2 ChangeByte-EraseBytes-
#691573	REDUCE cov: 402 ft: 706 corp: 185/4681b lim: 4096 exec/s: 230524 rss: 230Mb L: 25/76 MS: 1 EraseBytes-
#694514	REDUCE cov: 402 ft: 706 corp: 185/4674b lim: 4096 exec/s: 231504 rss: 230Mb L: 42/76 MS: 1 EraseBytes-
#695815	REDUCE cov: 402 ft: 706 corp: 185/4672b lim: 4096 exec/s: 231938 rss: 230Mb L: 51/76 MS: 1 EraseBytes-
#696601	REDUCE cov: 402 ft: 706 corp: 185/4668b lim: 4096 exec/s: 232200 rss: 230Mb L: 43/76 MS: 1 EraseBytes-
#696892	REDUCE cov: 402 ft: 706 corp: 185/4661b lim: 4096 exec/s: 232297 rss: 230Mb L: 36/76 MS: 1 EraseBytes-
#700203	REDUCE cov: 402 ft: 706 corp: 185/4660b lim: 4096 exec/s: 233401 rss: 230Mb L: 67/76 MS: 1 EraseBytes-
#700285	REDUCE cov: 402 ft: 706 corp: 185/4656b lim: 4096 exec/s: 233428 rss: 230Mb L: 29/76 MS: 2 ChangeBit-EraseBytes-
#700616	REDUCE cov: 402 ft: 706 corp: 185/4653b lim: 4096 exec/s: 233538 rss: 230Mb L: 64/76 MS: 1 EraseBytes-
#701162	REDUCE cov: 402 ft: 706 corp: 185/4652b lim: 4096 exec/s: 233720 rss: 230Mb L: 12/76 MS: 1 EraseBytes-
#703594	REDUCE cov: 402 ft: 706 corp: 185/4647b lim: 4096 exec/s: 234531 rss: 230Mb L: 46/76 MS: 2 ShuffleBytes-EraseBytes-
#704910	REDUCE cov: 402 ft: 706 corp: 185/4646b lim: 4096 exec/s: 234970 rss: 230Mb L: 12/76 MS: 1 EraseBytes-
#706566	REDUCE cov: 402 ft: 706 corp: 185/4639b lim: 4096 exec/s: 235522 rss: 230Mb L: 29/76 MS: 1 EraseBytes-
#707478	REDUCE cov: 402 ft: 706 corp: 185/4630b lim: 4096 exec/s: 235826 rss: 230Mb L: 23/76 MS: 2 ChangeByte-EraseBytes-
#710804	REDUCE cov: 402 ft: 706 corp: 185/4623b lim: 4096 exec/s: 236934 rss: 230Mb L: 44/76 MS: 1 EraseBytes-
#713415	REDUCE cov: 402 ft: 706 corp: 185/4617b lim: 4096 exec/s: 237805 rss: 230Mb L: 44/76 MS: 1 EraseBytes-
#718878	RELOAD cov: 407 ft: 713 corp: 190/4782b lim: 4096 exec/s: 179719 rss: 230Mb
#728724	REDUCE cov: 407 ft: 713 corp: 190/4781b lim: 4096 exec/s: 182181 rss: 230Mb L: 24/76 MS: 1 EraseBytes-
#732620	REDUCE cov: 407 ft: 713 corp: 190/4776b lim: 4096 exec/s: 183155 rss: 230Mb L: 23/76 MS: 1 EraseBytes-
#734311	REDUCE cov: 407 ft: 713 corp: 190/4775b lim: 4096 exec/s: 183577 rss: 230Mb L: 22/76 MS: 1 EraseBytes-
#734912	REDUCE cov: 407 ft: 713 corp: 190/4768b lim: 4096 exec/s: 183728 rss: 230Mb L: 29/76 MS: 1 EraseBytes-
#747078	REDUCE cov: 407 ft: 713 corp: 190/4761b lim: 4096 exec/s: 186769 rss: 230Mb L: 31/76 MS: 1 EraseBytes-
#752160	REDUCE cov: 407 ft: 713 corp: 190/4759b lim: 4096 exec/s: 188040 rss: 230Mb L: 49/76 MS: 2 CMP-EraseBytes- DE: "pr\242\210"-
#758796	REDUCE cov: 407 ft: 713 corp: 190/4758b lim: 4096 exec/s: 189699 rss: 230Mb L: 26/76 MS: 1 EraseBytes-
#763408	REDUCE cov: 407 ft: 713 corp: 190/4756b lim: 4096 exec/s: 190852 rss: 230Mb L: 28/76 MS: 2 InsertRepeatedBytes-EraseBytes-
#763769	REDUCE cov: 407 ft: 713 corp: 190/4750b lim: 4096 exec/s: 190942 rss: 230Mb L: 55/76 MS: 1 EraseBytes-
#765675	REDUCE cov: 407 ft: 713 corp: 190/4749b lim: 4096 exec/s: 191418 rss: 230Mb L: 45/76 MS: 1 EraseBytes-
#767091	REDUCE cov: 407 ft: 713 corp: 190/4733b lim: 4096 exec/s: 191772 rss: 230Mb L: 24/76 MS: 1 EraseBytes-
#776388	REDUCE cov: 407 ft: 713 corp: 190/4729b lim: 4096 exec/s: 194097 rss: 230Mb L: 67/76 MS: 2 ShuffleBytes-EraseBytes-
#779934	REDUCE cov: 407 ft: 713 corp: 190/4722b lim: 4096 exec/s: 194983 rss: 230Mb L: 27/76 MS: 1 EraseBytes-
#780673	REDUCE cov: 407 ft: 713 corp: 190/4721b lim: 4096 exec/s: 195168 rss: 230Mb L: 31/76 MS: 4 ChangeBinInt-ShuffleBytes-ShuffleBytes-EraseBytes-
#787855	REDUCE cov: 407 ft: 713 corp: 190/4720b lim: 4096 exec/s: 196963 rss: 230Mb L: 28/76 MS: 2 ShuffleBytes-EraseBytes-
#792707	REDUCE cov: 407 ft: 713 corp: 190/4719b lim: 4096 exec/s: 198176 rss: 230Mb L: 27/76 MS: 2 PersAutoDict-EraseBytes- DE: "precisi\177n"-
#793030	REDUCE cov: 407 ft: 713 corp: 190/4717b lim: 4096 exec/s: 198257 rss: 230Mb L: 3/76 MS: 3 CopyPart-EraseBytes-ChangeByte-
#794282	REDUCE cov: 407 ft: 713 corp: 190/4716b lim: 4096 exec/s: 198570 rss: 230Mb L: 14/76 MS: 2 CopyPart-EraseBytes-
#802588	REDUCE cov: 407 ft: 713 corp: 190/4715b lim: 4096 exec/s: 200647 rss: 230Mb L: 75/75 MS: 1 EraseBytes-
#803504	REDUCE cov: 407 ft: 713 corp: 190/4714b lim: 4096 exec/s: 200876 rss: 230Mb L: 12/75 MS: 1 EraseBytes-
#808925	REDUCE cov: 407 ft: 714 corp: 191/4750b lim: 4096 exec/s: 202231 rss: 231Mb L: 36/75 MS: 1 CopyPart-
#827306	REDUCE cov: 407 ft: 714 corp: 191/4748b lim: 4096 exec/s: 206826 rss: 231Mb L: 45/75 MS: 1 EraseBytes-
#833637	REDUCE cov: 407 ft: 714 corp: 191/4747b lim: 4096 exec/s: 208409 rss: 231Mb L: 44/75 MS: 1 EraseBytes-
#834128	REDUCE cov: 407 ft: 714 corp: 191/4746b lim: 4096 exec/s: 208532 rss: 231Mb L: 13/75 MS: 1 EraseBytes-
#839504	REDUCE cov: 407 ft: 714 corp: 191/4745b lim: 4096 exec/s: 209876 rss: 231Mb L: 33/75 MS: 1 EraseBytes-
#845751	REDUCE cov: 407 ft: 714 corp: 191/4744b lim: 4096 exec/s: 211437 rss: 231Mb L: 16/75 MS: 2 InsertByte-EraseBytes-
#851317	REDUCE cov: 407 ft: 714 corp: 191/4743b lim: 4096 exec/s: 212829 rss: 231Mb L: 36/75 MS: 1 EraseBytes-
#853627	REDUCE cov: 407 ft: 714 corp: 191/4742b lim: 4096 exec/s: 213406 rss: 231Mb L: 30/75 MS: 5 ChangeByte-ChangeBinInt-ChangeBit-EraseBytes-CopyPart-
#858285	RELOAD cov: 410 ft: 743 corp: 196/4884b lim: 4096 exec/s: 171657 rss: 231Mb
#868241	REDUCE cov: 410 ft: 743 corp: 196/4883b lim: 4096 exec/s: 173648 rss: 231Mb L: 25/75 MS: 1 EraseBytes-
	NEW_FUNC[1/1]: 0x582c93b042d0  (/home/jack/projects/peios/timed/fuzz/target/x86_64-unknown-linux-gnu/release/time_wire+0x1442d0) (BuildId: 7ca9100398e2386a3523e950c0181d0d5ddd72ae)
#892158	REDUCE cov: 419 ft: 752 corp: 197/4899b lim: 4096 exec/s: 178431 rss: 231Mb L: 16/75 MS: 2 ChangeASCIIInt-CMP- DE: "reference_id"-
#901054	REDUCE cov: 419 ft: 752 corp: 197/4897b lim: 4096 exec/s: 180210 rss: 231Mb L: 11/75 MS: 1 EraseBytes-
#902188	REDUCE cov: 419 ft: 753 corp: 198/5020b lim: 4096 exec/s: 180437 rss: 231Mb L: 123/123 MS: 4 ShuffleBytes-InsertRepeatedBytes-CMP-CopyPart- DE: "\011\000\000\000\000\000\000\000"-
#902394	REDUCE cov: 419 ft: 753 corp: 198/4960b lim: 4096 exec/s: 180478 rss: 231Mb L: 63/75 MS: 1 EraseBytes-
#904570	REDUCE cov: 419 ft: 753 corp: 198/4958b lim: 4096 exec/s: 180914 rss: 231Mb L: 28/75 MS: 1 EraseBytes-
#905611	REDUCE cov: 419 ft: 753 corp: 198/4948b lim: 4096 exec/s: 181122 rss: 231Mb L: 53/75 MS: 1 EraseBytes-
#905702	REDUCE cov: 419 ft: 753 corp: 198/4947b lim: 4096 exec/s: 181140 rss: 231Mb L: 52/75 MS: 1 EraseBytes-
#905713	REDUCE cov: 419 ft: 753 corp: 198/4934b lim: 4096 exec/s: 181142 rss: 231Mb L: 39/75 MS: 1 EraseBytes-
#907079	REDUCE cov: 419 ft: 753 corp: 198/4933b lim: 4096 exec/s: 181415 rss: 231Mb L: 9/75 MS: 1 EraseBytes-
#907811	REDUCE cov: 419 ft: 753 corp: 198/4932b lim: 4096 exec/s: 181562 rss: 231Mb L: 38/75 MS: 2 ShuffleBytes-EraseBytes-
#908632	REDUCE cov: 419 ft: 753 corp: 198/4930b lim: 4096 exec/s: 181726 rss: 231Mb L: 23/75 MS: 1 EraseBytes-
#910614	REDUCE cov: 419 ft: 754 corp: 199/4976b lim: 4096 exec/s: 182122 rss: 231Mb L: 46/75 MS: 2 CopyPart-ChangeByte-
#918231	REDUCE cov: 419 ft: 754 corp: 199/4975b lim: 4096 exec/s: 183646 rss: 231Mb L: 26/75 MS: 2 InsertByte-EraseBytes-
#919069	REDUCE cov: 419 ft: 754 corp: 199/4967b lim: 4096 exec/s: 183813 rss: 231Mb L: 47/75 MS: 3 InsertRepeatedBytes-CrossOver-EraseBytes-
#923002	REDUCE cov: 419 ft: 754 corp: 199/4965b lim: 4096 exec/s: 184600 rss: 231Mb L: 20/75 MS: 3 InsertByte-ChangeByte-EraseBytes-
#924509	REDUCE cov: 421 ft: 756 corp: 200/5015b lim: 4096 exec/s: 184901 rss: 231Mb L: 50/75 MS: 2 ChangeBit-CMP- DE: "reference"-
#931395	REDUCE cov: 421 ft: 756 corp: 200/5009b lim: 4096 exec/s: 186279 rss: 231Mb L: 44/75 MS: 1 EraseBytes-
#935161	REDUCE cov: 421 ft: 756 corp: 200/5002b lim: 4096 exec/s: 187032 rss: 231Mb L: 60/75 MS: 1 EraseBytes-
#939102	REDUCE cov: 421 ft: 756 corp: 200/5001b lim: 4096 exec/s: 187820 rss: 231Mb L: 13/75 MS: 1 EraseBytes-
#942458	REDUCE cov: 421 ft: 756 corp: 200/5000b lim: 4096 exec/s: 188491 rss: 231Mb L: 27/75 MS: 1 EraseBytes-
#943719	REDUCE cov: 421 ft: 756 corp: 200/4999b lim: 4096 exec/s: 188743 rss: 231Mb L: 32/75 MS: 1 EraseBytes-
#944570	REDUCE cov: 421 ft: 756 corp: 200/4998b lim: 4096 exec/s: 188914 rss: 231Mb L: 19/75 MS: 1 EraseBytes-
#946711	REDUCE cov: 421 ft: 756 corp: 200/4993b lim: 4096 exec/s: 189342 rss: 231Mb L: 70/72 MS: 1 EraseBytes-
#947597	REDUCE cov: 421 ft: 756 corp: 200/4992b lim: 4096 exec/s: 189519 rss: 231Mb L: 43/72 MS: 1 EraseBytes-
#957863	REDUCE cov: 421 ft: 756 corp: 200/4990b lim: 4096 exec/s: 191572 rss: 231Mb L: 30/72 MS: 1 EraseBytes-
#960929	REDUCE cov: 421 ft: 756 corp: 200/4988b lim: 4096 exec/s: 192185 rss: 231Mb L: 24/72 MS: 1 EraseBytes-
#970440	REDUCE cov: 421 ft: 756 corp: 200/4986b lim: 4096 exec/s: 194088 rss: 231Mb L: 42/72 MS: 1 EraseBytes-
#972281	REDUCE cov: 421 ft: 756 corp: 200/4984b lim: 4096 exec/s: 194456 rss: 231Mb L: 41/72 MS: 1 EraseBytes-
#974847	REDUCE cov: 421 ft: 756 corp: 200/4982b lim: 4096 exec/s: 194969 rss: 231Mb L: 23/72 MS: 1 EraseBytes-
#975594	REDUCE cov: 421 ft: 756 corp: 200/4977b lim: 4096 exec/s: 195118 rss: 231Mb L: 24/72 MS: 2 ChangeBit-EraseBytes-
#976675	REDUCE cov: 421 ft: 756 corp: 200/4966b lim: 4096 exec/s: 195335 rss: 231Mb L: 30/72 MS: 1 EraseBytes-
#982426	REDUCE cov: 421 ft: 756 corp: 200/4959b lim: 4096 exec/s: 196485 rss: 231Mb L: 40/72 MS: 1 EraseBytes-
#992573	REDUCE cov: 421 ft: 756 corp: 200/4958b lim: 4096 exec/s: 198514 rss: 231Mb L: 45/72 MS: 2 ChangeBit-EraseBytes-
#993499	REDUCE cov: 421 ft: 756 corp: 200/4956b lim: 4096 exec/s: 198699 rss: 231Mb L: 42/72 MS: 1 EraseBytes-
#997939	RELOAD cov: 423 ft: 759 corp: 202/5022b lim: 4096 exec/s: 166323 rss: 231Mb
#1006220	REDUCE cov: 423 ft: 759 corp: 202/5016b lim: 4096 exec/s: 167703 rss: 231Mb L: 37/72 MS: 1 EraseBytes-
#1009591	REDUCE cov: 423 ft: 759 corp: 202/5015b lim: 4096 exec/s: 168265 rss: 231Mb L: 19/72 MS: 1 EraseBytes-
#1009907	REDUCE cov: 423 ft: 759 corp: 202/5011b lim: 4096 exec/s: 168317 rss: 231Mb L: 23/72 MS: 1 EraseBytes-
#1031828	REDUCE cov: 423 ft: 759 corp: 202/5005b lim: 4096 exec/s: 171971 rss: 231Mb L: 56/72 MS: 1 EraseBytes-
#1048576	pulse  cov: 423 ft: 759 corp: 202/5005b lim: 4096 exec/s: 174762 rss: 231Mb
#1055564	REDUCE cov: 423 ft: 759 corp: 202/5003b lim: 4096 exec/s: 175927 rss: 231Mb L: 20/72 MS: 1 EraseBytes-
#1062720	REDUCE cov: 423 ft: 759 corp: 202/5002b lim: 4096 exec/s: 177120 rss: 231Mb L: 16/72 MS: 1 EraseBytes-
#1062836	REDUCE cov: 424 ft: 760 corp: 203/5061b lim: 4096 exec/s: 177139 rss: 231Mb L: 59/72 MS: 1 InsertRepeatedBytes-
#1063188	REDUCE cov: 424 ft: 760 corp: 203/5046b lim: 4096 exec/s: 177198 rss: 231Mb L: 44/72 MS: 2 InsertByte-EraseBytes-
#1064841	REDUCE cov: 424 ft: 761 corp: 204/5079b lim: 4096 exec/s: 177473 rss: 231Mb L: 33/72 MS: 3 CrossOver-ChangeBit-CrossOver-
#1065633	REDUCE cov: 424 ft: 761 corp: 204/5073b lim: 4096 exec/s: 177605 rss: 231Mb L: 38/72 MS: 2 InsertByte-EraseBytes-
#1066717	REDUCE cov: 424 ft: 761 corp: 204/5071b lim: 4096 exec/s: 177786 rss: 231Mb L: 36/72 MS: 4 CMP-ChangeBit-ChangeBinInt-EraseBytes- DE: "\000\000\000\000\000\000\000\007"-
#1068303	REDUCE cov: 424 ft: 761 corp: 204/5062b lim: 4096 exec/s: 178050 rss: 231Mb L: 27/72 MS: 1 EraseBytes-
#1068499	REDUCE cov: 424 ft: 761 corp: 204/5061b lim: 4096 exec/s: 178083 rss: 231Mb L: 26/72 MS: 1 EraseBytes-
#1071242	REDUCE cov: 424 ft: 761 corp: 204/5054b lim: 4096 exec/s: 178540 rss: 231Mb L: 35/72 MS: 3 ChangeByte-CopyPart-EraseBytes-
#1073853	REDUCE cov: 424 ft: 761 corp: 204/5053b lim: 4096 exec/s: 178975 rss: 231Mb L: 31/72 MS: 1 EraseBytes-
#1074985	REDUCE cov: 424 ft: 761 corp: 204/5052b lim: 4096 exec/s: 179164 rss: 231Mb L: 25/72 MS: 2 CrossOver-EraseBytes-
#1076096	REDUCE cov: 424 ft: 761 corp: 204/5046b lim: 4096 exec/s: 179349 rss: 231Mb L: 27/72 MS: 1 EraseBytes-
#1078825	REDUCE cov: 424 ft: 761 corp: 204/5040b lim: 4096 exec/s: 179804 rss: 231Mb L: 20/72 MS: 4 CrossOver-ChangeByte-ChangeBit-EraseBytes-
#1082526	REDUCE cov: 424 ft: 761 corp: 204/5038b lim: 4096 exec/s: 180421 rss: 231Mb L: 52/72 MS: 1 EraseBytes-
#1092957	REDUCE cov: 424 ft: 762 corp: 205/5103b lim: 4096 exec/s: 182159 rss: 231Mb L: 65/72 MS: 1 CrossOver-
#1105223	REDUCE cov: 424 ft: 762 corp: 205/5102b lim: 4096 exec/s: 184203 rss: 231Mb L: 15/72 MS: 1 EraseBytes-
#1107794	REDUCE cov: 424 ft: 762 corp: 205/5101b lim: 4096 exec/s: 184632 rss: 231Mb L: 48/72 MS: 1 EraseBytes-
#1117037	REDUCE cov: 424 ft: 762 corp: 205/5098b lim: 4096 exec/s: 186172 rss: 231Mb L: 48/72 MS: 3 ShuffleBytes-EraseBytes-CMP- DE: "\000\020\000\000"-
#1119483	REDUCE cov: 424 ft: 762 corp: 205/5097b lim: 4096 exec/s: 186580 rss: 231Mb L: 10/72 MS: 1 EraseBytes-
#1120554	REDUCE cov: 424 ft: 762 corp: 205/5090b lim: 4096 exec/s: 186759 rss: 231Mb L: 58/72 MS: 1 EraseBytes-
#1121955	REDUCE cov: 424 ft: 762 corp: 205/5085b lim: 4096 exec/s: 186992 rss: 231Mb L: 53/72 MS: 1 EraseBytes-
#1129221	REDUCE cov: 424 ft: 762 corp: 205/5081b lim: 4096 exec/s: 188203 rss: 231Mb L: 44/72 MS: 1 EraseBytes-
#1132642	REDUCE cov: 424 ft: 763 corp: 206/5245b lim: 4096 exec/s: 188773 rss: 231Mb L: 164/164 MS: 1 InsertRepeatedBytes-
#1132883	REDUCE cov: 424 ft: 763 corp: 206/5192b lim: 4096 exec/s: 188813 rss: 231Mb L: 111/111 MS: 1 EraseBytes-
#1133234	REDUCE cov: 424 ft: 763 corp: 206/5163b lim: 4096 exec/s: 188872 rss: 231Mb L: 82/82 MS: 1 EraseBytes-
#1133665	REDUCE cov: 424 ft: 763 corp: 206/5138b lim: 4096 exec/s: 188944 rss: 231Mb L: 57/72 MS: 1 EraseBytes-
#1141947	REDUCE cov: 424 ft: 763 corp: 206/5134b lim: 4096 exec/s: 190324 rss: 231Mb L: 38/72 MS: 2 ShuffleBytes-EraseBytes-
#1143513	REDUCE cov: 424 ft: 763 corp: 206/5125b lim: 4096 exec/s: 190585 rss: 231Mb L: 48/72 MS: 1 EraseBytes-
#1145580	REDUCE cov: 424 ft: 763 corp: 206/5120b lim: 4096 exec/s: 190930 rss: 231Mb L: 43/72 MS: 2 PersAutoDict-EraseBytes- DE: "\000\001"-
#1152022	REDUCE cov: 424 ft: 763 corp: 206/5108b lim: 4096 exec/s: 192003 rss: 231Mb L: 28/72 MS: 2 ChangeBit-EraseBytes-
#1152028	REDUCE cov: 424 ft: 763 corp: 206/5106b lim: 4096 exec/s: 192004 rss: 231Mb L: 28/72 MS: 1 EraseBytes-
#1157734	REDUCE cov: 424 ft: 763 corp: 206/5105b lim: 4096 exec/s: 192955 rss: 231Mb L: 42/72 MS: 1 EraseBytes-
#1159605	REDUCE cov: 424 ft: 763 corp: 206/5104b lim: 4096 exec/s: 193267 rss: 231Mb L: 35/72 MS: 1 EraseBytes-
#1167686	REDUCE cov: 424 ft: 763 corp: 206/5103b lim: 4096 exec/s: 166812 rss: 231Mb L: 9/72 MS: 1 EraseBytes-
#1168739	RELOAD cov: 424 ft: 764 corp: 207/5143b lim: 4096 exec/s: 166962 rss: 231Mb
#1171390	REDUCE cov: 424 ft: 764 corp: 207/5139b lim: 4096 exec/s: 167341 rss: 231Mb L: 36/72 MS: 1 EraseBytes-
#1171661	REDUCE cov: 424 ft: 764 corp: 207/5137b lim: 4096 exec/s: 167380 rss: 231Mb L: 20/72 MS: 1 EraseBytes-
#1178877	REDUCE cov: 424 ft: 764 corp: 207/5126b lim: 4096 exec/s: 168411 rss: 231Mb L: 42/72 MS: 1 EraseBytes-
#1183868	REDUCE cov: 424 ft: 764 corp: 207/5125b lim: 4096 exec/s: 169124 rss: 231Mb L: 25/72 MS: 1 EraseBytes-
#1188610	REDUCE cov: 424 ft: 764 corp: 207/5122b lim: 4096 exec/s: 169801 rss: 231Mb L: 39/72 MS: 2 CMP-EraseBytes- DE: "1\202\000\000\000\000\000\000"-
#1191256	REDUCE cov: 424 ft: 764 corp: 207/5121b lim: 4096 exec/s: 170179 rss: 231Mb L: 27/72 MS: 1 EraseBytes-
#1192582	REDUCE cov: 424 ft: 764 corp: 207/5120b lim: 4096 exec/s: 170368 rss: 231Mb L: 24/72 MS: 1 EraseBytes-
#1192619	REDUCE cov: 424 ft: 764 corp: 207/5116b lim: 4096 exec/s: 170374 rss: 231Mb L: 16/72 MS: 2 ChangeByte-EraseBytes-
#1196410	REDUCE cov: 424 ft: 764 corp: 207/5104b lim: 4096 exec/s: 170915 rss: 231Mb L: 30/72 MS: 1 EraseBytes-
#1198721	REDUCE cov: 424 ft: 764 corp: 207/5103b lim: 4096 exec/s: 171245 rss: 231Mb L: 23/72 MS: 1 EraseBytes-
#1211792	REDUCE cov: 424 ft: 764 corp: 207/5102b lim: 4096 exec/s: 173113 rss: 231Mb L: 26/72 MS: 1 EraseBytes-
#1212523	REDUCE cov: 424 ft: 765 corp: 208/5137b lim: 4096 exec/s: 173217 rss: 231Mb L: 35/72 MS: 1 CopyPart-
#1213870	REDUCE cov: 424 ft: 765 corp: 208/5134b lim: 4096 exec/s: 173410 rss: 231Mb L: 29/72 MS: 2 ChangeByte-EraseBytes-
#1217316	REDUCE cov: 424 ft: 765 corp: 208/5131b lim: 4096 exec/s: 173902 rss: 231Mb L: 27/72 MS: 1 EraseBytes-
#1220382	NEW    cov: 424 ft: 767 corp: 209/5166b lim: 4096 exec/s: 174340 rss: 231Mb L: 35/72 MS: 1 ChangeBinInt-
#1236048	REDUCE cov: 424 ft: 767 corp: 209/5165b lim: 4096 exec/s: 176578 rss: 231Mb L: 47/72 MS: 1 EraseBytes-
#1237354	REDUCE cov: 424 ft: 767 corp: 209/5160b lim: 4096 exec/s: 176764 rss: 231Mb L: 34/72 MS: 1 EraseBytes-
#1246683	REDUCE cov: 424 ft: 767 corp: 209/5159b lim: 4096 exec/s: 178097 rss: 231Mb L: 54/72 MS: 4 PersAutoDict-InsertByte-EraseBytes-CopyPart- DE: "\000\011"-
#1249334	REDUCE cov: 424 ft: 767 corp: 209/5157b lim: 4096 exec/s: 178476 rss: 231Mb L: 12/72 MS: 1 EraseBytes-
#1254100	REDUCE cov: 424 ft: 767 corp: 209/5156b lim: 4096 exec/s: 179157 rss: 231Mb L: 33/72 MS: 1 EraseBytes-
#1261811	NEW    cov: 424 ft: 771 corp: 210/5203b lim: 4096 exec/s: 180258 rss: 231Mb L: 47/72 MS: 1 CopyPart-
#1262763	REDUCE cov: 424 ft: 771 corp: 210/5197b lim: 4096 exec/s: 180394 rss: 231Mb L: 41/72 MS: 2 InsertByte-EraseBytes-
#1266154	REDUCE cov: 424 ft: 771 corp: 210/5192b lim: 4096 exec/s: 180879 rss: 231Mb L: 24/72 MS: 1 EraseBytes-
#1297971	REDUCE cov: 424 ft: 771 corp: 210/5191b lim: 4096 exec/s: 185424 rss: 231Mb L: 37/72 MS: 2 CrossOver-EraseBytes-
#1299592	REDUCE cov: 424 ft: 771 corp: 210/5189b lim: 4096 exec/s: 185656 rss: 231Mb L: 70/70 MS: 1 CrossOver-
#1302553	REDUCE cov: 425 ft: 772 corp: 211/5238b lim: 4096 exec/s: 186079 rss: 231Mb L: 49/70 MS: 1 CopyPart-
#1308924	REDUCE cov: 425 ft: 772 corp: 211/5236b lim: 4096 exec/s: 186989 rss: 231Mb L: 27/70 MS: 1 EraseBytes-
#1309110	REDUCE cov: 425 ft: 772 corp: 211/5235b lim: 4096 exec/s: 187015 rss: 231Mb L: 27/70 MS: 1 EraseBytes-
#1328443	REDUCE cov: 425 ft: 772 corp: 211/5230b lim: 4096 exec/s: 189777 rss: 231Mb L: 44/70 MS: 3 CopyPart-ChangeBit-EraseBytes-
#1345489	REDUCE cov: 425 ft: 772 corp: 211/5227b lim: 4096 exec/s: 192212 rss: 231Mb L: 61/70 MS: 1 EraseBytes-
#1347630	REDUCE cov: 425 ft: 772 corp: 211/5225b lim: 4096 exec/s: 192518 rss: 231Mb L: 33/70 MS: 1 EraseBytes-
#1358532	REDUCE cov: 425 ft: 772 corp: 211/5223b lim: 4096 exec/s: 169816 rss: 231Mb L: 47/70 MS: 2 ChangeBit-EraseBytes-
#1358617	RELOAD cov: 427 ft: 780 corp: 214/5344b lim: 4096 exec/s: 169827 rss: 231Mb
#1364504	NEW    cov: 428 ft: 781 corp: 215/5384b lim: 4096 exec/s: 170563 rss: 231Mb L: 40/70 MS: 2 InsertByte-CMP- DE: "offset"-
#1381185	REDUCE cov: 428 ft: 781 corp: 215/5383b lim: 4096 exec/s: 172648 rss: 231Mb L: 59/70 MS: 1 EraseBytes-
#1388321	REDUCE cov: 428 ft: 781 corp: 215/5382b lim: 4096 exec/s: 173540 rss: 231Mb L: 28/70 MS: 1 EraseBytes-
#1388807	REDUCE cov: 428 ft: 781 corp: 215/5381b lim: 4096 exec/s: 173600 rss: 231Mb L: 40/70 MS: 1 EraseBytes-
#1398628	REDUCE cov: 428 ft: 781 corp: 215/5377b lim: 4096 exec/s: 174828 rss: 231Mb L: 24/70 MS: 1 EraseBytes-
#1410229	REDUCE cov: 428 ft: 781 corp: 215/5376b lim: 4096 exec/s: 176278 rss: 231Mb L: 19/70 MS: 1 EraseBytes-
#1433765	REDUCE cov: 428 ft: 781 corp: 215/5375b lim: 4096 exec/s: 179220 rss: 231Mb L: 35/70 MS: 1 EraseBytes-
#1450366	REDUCE cov: 428 ft: 781 corp: 215/5371b lim: 4096 exec/s: 181295 rss: 231Mb L: 38/70 MS: 1 EraseBytes-
#1468512	REDUCE cov: 428 ft: 781 corp: 215/5363b lim: 4096 exec/s: 183564 rss: 231Mb L: 52/70 MS: 1 EraseBytes-
#1475565	NEW    cov: 429 ft: 782 corp: 216/5402b lim: 4096 exec/s: 184445 rss: 231Mb L: 39/70 MS: 3 InsertByte-InsertByte-EraseBytes-
#1477761	REDUCE cov: 429 ft: 782 corp: 216/5399b lim: 4096 exec/s: 184720 rss: 231Mb L: 36/70 MS: 1 EraseBytes-
#1495995	RELOAD cov: 429 ft: 790 corp: 218/5478b lim: 4096 exec/s: 166221 rss: 231Mb
#1496158	REDUCE cov: 429 ft: 790 corp: 218/5475b lim: 4096 exec/s: 166239 rss: 231Mb L: 35/70 MS: 3 ChangeBinInt-ChangeByte-EraseBytes-
#1498944	REDUCE cov: 430 ft: 791 corp: 219/5530b lim: 4096 exec/s: 166549 rss: 231Mb L: 55/70 MS: 1 PersAutoDict- DE: "\011\000\000\000\000\000\000\000"-
#1501035	REDUCE cov: 430 ft: 791 corp: 219/5527b lim: 4096 exec/s: 166781 rss: 231Mb L: 52/70 MS: 1 EraseBytes-
#1506851	REDUCE cov: 430 ft: 791 corp: 219/5526b lim: 4096 exec/s: 167427 rss: 231Mb L: 17/70 MS: 1 EraseBytes-
#1509109	REDUCE cov: 430 ft: 792 corp: 220/5557b lim: 4096 exec/s: 167678 rss: 231Mb L: 31/70 MS: 3 CopyPart-CopyPart-ShuffleBytes-
#1515955	REDUCE cov: 430 ft: 792 corp: 220/5556b lim: 4096 exec/s: 168439 rss: 231Mb L: 30/70 MS: 1 EraseBytes-
#1529586	REDUCE cov: 430 ft: 792 corp: 220/5555b lim: 4096 exec/s: 169954 rss: 231Mb L: 25/70 MS: 1 EraseBytes-
#1531052	REDUCE cov: 430 ft: 792 corp: 220/5553b lim: 4096 exec/s: 170116 rss: 231Mb L: 23/70 MS: 1 EraseBytes-
#1533385	REDUCE cov: 430 ft: 792 corp: 220/5551b lim: 4096 exec/s: 170376 rss: 231Mb L: 50/70 MS: 3 ChangeBit-ShuffleBytes-EraseBytes-
#1538566	REDUCE cov: 430 ft: 792 corp: 220/5549b lim: 4096 exec/s: 170951 rss: 231Mb L: 45/70 MS: 1 EraseBytes-
#1541072	REDUCE cov: 430 ft: 792 corp: 220/5540b lim: 4096 exec/s: 171230 rss: 231Mb L: 24/70 MS: 1 EraseBytes-
#1542703	REDUCE cov: 430 ft: 792 corp: 220/5539b lim: 4096 exec/s: 171411 rss: 231Mb L: 41/70 MS: 1 EraseBytes-
#1547210	REDUCE cov: 430 ft: 792 corp: 220/5537b lim: 4096 exec/s: 171912 rss: 231Mb L: 33/70 MS: 2 InsertRepeatedBytes-EraseBytes-
#1550102	REDUCE cov: 430 ft: 792 corp: 220/5523b lim: 4096 exec/s: 172233 rss: 231Mb L: 22/70 MS: 2 ChangeBinInt-EraseBytes-
#1565773	REDUCE cov: 430 ft: 792 corp: 220/5522b lim: 4096 exec/s: 173974 rss: 231Mb L: 39/70 MS: 1 EraseBytes-
#1565825	REDUCE cov: 430 ft: 792 corp: 220/5518b lim: 4096 exec/s: 173980 rss: 231Mb L: 18/70 MS: 2 ChangeBit-EraseBytes-
#1576534	REDUCE cov: 430 ft: 793 corp: 221/5576b lim: 4096 exec/s: 175170 rss: 231Mb L: 58/70 MS: 4 ChangeBit-EraseBytes-ShuffleBytes-CrossOver-
#1576725	REDUCE cov: 430 ft: 793 corp: 221/5572b lim: 4096 exec/s: 175191 rss: 231Mb L: 54/70 MS: 1 EraseBytes-
#1585127	REDUCE cov: 430 ft: 793 corp: 221/5565b lim: 4096 exec/s: 176125 rss: 231Mb L: 47/70 MS: 2 ChangeBit-EraseBytes-
#1592218	REDUCE cov: 430 ft: 793 corp: 221/5562b lim: 4096 exec/s: 176913 rss: 231Mb L: 23/70 MS: 1 EraseBytes-
#1606219	REDUCE cov: 430 ft: 793 corp: 221/5561b lim: 4096 exec/s: 178468 rss: 231Mb L: 44/70 MS: 1 EraseBytes-
#1607445	REDUCE cov: 430 ft: 793 corp: 221/5554b lim: 4096 exec/s: 178605 rss: 231Mb L: 24/70 MS: 1 EraseBytes-
#1642321	REDUCE cov: 430 ft: 793 corp: 221/5538b lim: 4096 exec/s: 182480 rss: 231Mb L: 28/70 MS: 1 EraseBytes-
#1646064	RELOAD cov: 430 ft: 795 corp: 222/5591b lim: 4096 exec/s: 164606 rss: 231Mb
#1653350	REDUCE cov: 430 ft: 796 corp: 223/5649b lim: 4096 exec/s: 165335 rss: 231Mb L: 58/70 MS: 1 CopyPart-
#1654196	REDUCE cov: 430 ft: 796 corp: 223/5648b lim: 4096 exec/s: 165419 rss: 231Mb L: 23/70 MS: 1 EraseBytes-
#1665672	REDUCE cov: 430 ft: 796 corp: 223/5647b lim: 4096 exec/s: 166567 rss: 231Mb L: 52/70 MS: 1 EraseBytes-
#1665860	REDUCE cov: 430 ft: 796 corp: 223/5645b lim: 4096 exec/s: 166586 rss: 231Mb L: 48/70 MS: 3 ChangeBit-EraseBytes-PersAutoDict- DE: "reference"-
#1668711	REDUCE cov: 430 ft: 796 corp: 223/5644b lim: 4096 exec/s: 166871 rss: 231Mb L: 23/70 MS: 1 EraseBytes-
#1669767	REDUCE cov: 430 ft: 796 corp: 223/5642b lim: 4096 exec/s: 166976 rss: 231Mb L: 46/70 MS: 1 EraseBytes-
#1681963	REDUCE cov: 430 ft: 796 corp: 223/5638b lim: 4096 exec/s: 168196 rss: 231Mb L: 42/70 MS: 1 EraseBytes-
#1695294	REDUCE cov: 430 ft: 796 corp: 223/5635b lim: 4096 exec/s: 169529 rss: 231Mb L: 34/70 MS: 1 EraseBytes-
#1701855	REDUCE cov: 430 ft: 796 corp: 223/5634b lim: 4096 exec/s: 170185 rss: 231Mb L: 19/70 MS: 1 EraseBytes-
#1709751	REDUCE cov: 430 ft: 797 corp: 224/5700b lim: 4096 exec/s: 170975 rss: 231Mb L: 66/70 MS: 1 CopyPart-
#1736902	REDUCE cov: 430 ft: 797 corp: 224/5698b lim: 4096 exec/s: 173690 rss: 231Mb L: 50/70 MS: 1 EraseBytes-
#1738418	REDUCE cov: 430 ft: 797 corp: 224/5696b lim: 4096 exec/s: 173841 rss: 231Mb L: 56/70 MS: 1 EraseBytes-
#1750719	REDUCE cov: 430 ft: 797 corp: 224/5694b lim: 4096 exec/s: 175071 rss: 231Mb L: 51/70 MS: 1 EraseBytes-
#1751053	REDUCE cov: 430 ft: 797 corp: 224/5693b lim: 4096 exec/s: 175105 rss: 231Mb L: 41/70 MS: 4 ChangeByte-InsertRepeatedBytes-ChangeBit-EraseBytes-
#1771969	REDUCE cov: 430 ft: 798 corp: 225/5761b lim: 4096 exec/s: 177196 rss: 231Mb L: 68/70 MS: 1 CrossOver-
#1788291	RELOAD cov: 436 ft: 817 corp: 230/5951b lim: 4096 exec/s: 162571 rss: 231Mb
#1794228	REDUCE cov: 436 ft: 817 corp: 230/5950b lim: 4096 exec/s: 163111 rss: 231Mb L: 32/70 MS: 2 ChangeBit-EraseBytes-
#1799290	REDUCE cov: 436 ft: 817 corp: 230/5949b lim: 4096 exec/s: 163571 rss: 231Mb L: 33/70 MS: 2 EraseBytes-InsertByte-
#1803881	REDUCE cov: 436 ft: 817 corp: 230/5948b lim: 4096 exec/s: 163989 rss: 231Mb L: 23/70 MS: 1 EraseBytes-
#1853893	NEW    cov: 436 ft: 818 corp: 231/6072b lim: 4096 exec/s: 168535 rss: 231Mb L: 124/124 MS: 2 ChangeBit-CopyPart-
#1860333	REDUCE cov: 436 ft: 819 corp: 232/6171b lim: 4096 exec/s: 169121 rss: 231Mb L: 99/124 MS: 5 CMP-CopyPart-CopyPart-InsertByte-CMP- DE: "\000a"-"N\000"-
#1861694	REDUCE cov: 436 ft: 819 corp: 232/6169b lim: 4096 exec/s: 169244 rss: 231Mb L: 97/124 MS: 1 EraseBytes-
#1861755	REDUCE cov: 436 ft: 819 corp: 232/6165b lim: 4096 exec/s: 169250 rss: 231Mb L: 43/124 MS: 1 EraseBytes-
#1863901	REDUCE cov: 436 ft: 819 corp: 232/6137b lim: 4096 exec/s: 169445 rss: 231Mb L: 96/97 MS: 1 EraseBytes-
#1870598	REDUCE cov: 436 ft: 819 corp: 232/6126b lim: 4096 exec/s: 170054 rss: 231Mb L: 86/96 MS: 2 CrossOver-EraseBytes-
#1872464	REDUCE cov: 436 ft: 819 corp: 232/6120b lim: 4096 exec/s: 170224 rss: 231Mb L: 80/96 MS: 1 EraseBytes-
#1882915	REDUCE cov: 436 ft: 819 corp: 232/6119b lim: 4096 exec/s: 171174 rss: 231Mb L: 11/96 MS: 1 EraseBytes-
#1885421	REDUCE cov: 436 ft: 819 corp: 232/6113b lim: 4096 exec/s: 171401 rss: 231Mb L: 90/90 MS: 1 EraseBytes-
#1885962	REDUCE cov: 436 ft: 819 corp: 232/6112b lim: 4096 exec/s: 171451 rss: 231Mb L: 65/90 MS: 1 EraseBytes-
#1900373	REDUCE cov: 436 ft: 819 corp: 232/6106b lim: 4096 exec/s: 172761 rss: 231Mb L: 62/90 MS: 1 EraseBytes-
#1900816	REDUCE cov: 436 ft: 819 corp: 232/6092b lim: 4096 exec/s: 172801 rss: 231Mb L: 76/80 MS: 3 ChangeBit-PersAutoDict-EraseBytes- DE: "\001\000\000\000"-
#1906158	REDUCE cov: 436 ft: 819 corp: 232/6089b lim: 4096 exec/s: 173287 rss: 231Mb L: 62/80 MS: 2 CMP-EraseBytes- DE: "\000\000\000\000\000\000\001'"-
#1908039	REDUCE cov: 436 ft: 819 corp: 232/6084b lim: 4096 exec/s: 173458 rss: 231Mb L: 75/76 MS: 1 EraseBytes-
#1911340	REDUCE cov: 436 ft: 819 corp: 232/6083b lim: 4096 exec/s: 173758 rss: 231Mb L: 27/76 MS: 1 EraseBytes-
#1917101	REDUCE cov: 436 ft: 819 corp: 232/6080b lim: 4096 exec/s: 174281 rss: 231Mb L: 59/76 MS: 1 EraseBytes-
#1917382	REDUCE cov: 436 ft: 819 corp: 232/6079b lim: 4096 exec/s: 174307 rss: 231Mb L: 41/76 MS: 1 EraseBytes-
#1923933	REDUCE cov: 436 ft: 819 corp: 232/6075b lim: 4096 exec/s: 174903 rss: 231Mb L: 14/76 MS: 1 EraseBytes-
#1930444	REDUCE cov: 436 ft: 819 corp: 232/6074b lim: 4096 exec/s: 175494 rss: 231Mb L: 24/76 MS: 1 EraseBytes-
#1936300	REDUCE cov: 436 ft: 819 corp: 232/6072b lim: 4096 exec/s: 176027 rss: 231Mb L: 60/76 MS: 1 EraseBytes-
#1952756	REDUCE cov: 436 ft: 819 corp: 232/6070b lim: 4096 exec/s: 162729 rss: 231Mb L: 43/76 MS: 1 EraseBytes-
#1953782	RELOAD cov: 438 ft: 823 corp: 236/6253b lim: 4096 exec/s: 162815 rss: 231Mb
#1953859	REDUCE cov: 438 ft: 823 corp: 236/6252b lim: 4096 exec/s: 162821 rss: 231Mb L: 6/76 MS: 2 EraseBytes-ChangeBit-
#1979540	REDUCE cov: 438 ft: 823 corp: 236/6250b lim: 4096 exec/s: 164961 rss: 231Mb L: 58/76 MS: 1 EraseBytes-
#2012956	REDUCE cov: 438 ft: 823 corp: 236/6248b lim: 4096 exec/s: 167746 rss: 231Mb L: 26/76 MS: 1 EraseBytes-
#2038838	REDUCE cov: 438 ft: 823 corp: 236/6245b lim: 4096 exec/s: 169903 rss: 231Mb L: 24/76 MS: 2 ChangeByte-EraseBytes-
#2050241	REDUCE cov: 438 ft: 823 corp: 236/6244b lim: 4096 exec/s: 170853 rss: 231Mb L: 44/76 MS: 3 ChangeByte-InsertRepeatedBytes-EraseBytes-
#2054508	NEW    cov: 439 ft: 824 corp: 237/6277b lim: 4096 exec/s: 171209 rss: 231Mb L: 33/76 MS: 2 ChangeBit-CMP- DE: "unusable"-
#2058764	REDUCE cov: 439 ft: 824 corp: 237/6276b lim: 4096 exec/s: 171563 rss: 231Mb L: 60/76 MS: 1 EraseBytes-
#2066986	REDUCE cov: 439 ft: 824 corp: 237/6275b lim: 4096 exec/s: 172248 rss: 231Mb L: 28/76 MS: 2 ChangeByte-EraseBytes-
#2070429	REDUCE cov: 439 ft: 824 corp: 237/6272b lim: 4096 exec/s: 172535 rss: 231Mb L: 55/76 MS: 3 ChangeBit-ChangeBit-EraseBytes-
#2075530	REDUCE cov: 439 ft: 824 corp: 237/6271b lim: 4096 exec/s: 172960 rss: 231Mb L: 15/76 MS: 1 EraseBytes-
#2097152	pulse  cov: 439 ft: 824 corp: 237/6271b lim: 4096 exec/s: 174762 rss: 231Mb
#2110712	RELOAD cov: 439 ft: 842 corp: 238/6347b lim: 4096 exec/s: 162362 rss: 231Mb
#2136834	REDUCE cov: 439 ft: 842 corp: 238/6344b lim: 4096 exec/s: 164371 rss: 231Mb L: 41/76 MS: 2 ChangeByte-EraseBytes-
#2181713	NEW    cov: 439 ft: 847 corp: 239/6419b lim: 4096 exec/s: 167824 rss: 231Mb L: 75/76 MS: 4 InsertByte-ChangeBit-CopyPart-CrossOver-
#2183792	REDUCE cov: 439 ft: 847 corp: 239/6418b lim: 4096 exec/s: 167984 rss: 231Mb L: 40/76 MS: 4 CopyPart-CrossOver-InsertByte-EraseBytes-
#2183804	REDUCE cov: 439 ft: 847 corp: 239/6415b lim: 4096 exec/s: 167984 rss: 231Mb L: 54/76 MS: 2 ChangeBinInt-EraseBytes-
#2188251	REDUCE cov: 439 ft: 847 corp: 239/6400b lim: 4096 exec/s: 168327 rss: 231Mb L: 60/76 MS: 2 ShuffleBytes-EraseBytes-
#2192202	REDUCE cov: 439 ft: 847 corp: 239/6398b lim: 4096 exec/s: 168630 rss: 231Mb L: 31/76 MS: 1 EraseBytes-
#2202439	REDUCE cov: 439 ft: 847 corp: 239/6396b lim: 4096 exec/s: 169418 rss: 231Mb L: 23/76 MS: 2 ChangeBinInt-EraseBytes-
#2204006	REDUCE cov: 439 ft: 847 corp: 239/6395b lim: 4096 exec/s: 169538 rss: 231Mb L: 44/76 MS: 2 EraseBytes-CMP- DE: "\000\000\000\000\000\000\000\000"-
#2207028	REDUCE cov: 439 ft: 847 corp: 239/6394b lim: 4096 exec/s: 169771 rss: 231Mb L: 22/76 MS: 2 ChangeByte-EraseBytes-
#2229986	REDUCE cov: 440 ft: 848 corp: 240/6433b lim: 4096 exec/s: 171537 rss: 231Mb L: 39/76 MS: 3 EraseBytes-CMP-PersAutoDict- DE: "\250\313\002\000 \000\000\000"-"stepped"-
#2231307	REDUCE cov: 440 ft: 848 corp: 240/6418b lim: 4096 exec/s: 171639 rss: 231Mb L: 24/76 MS: 1 EraseBytes-
#2240838	REDUCE cov: 440 ft: 848 corp: 240/6415b lim: 4096 exec/s: 172372 rss: 231Mb L: 21/76 MS: 1 EraseBytes-
	NEW_FUNC[1/1]: 0x582c93b04a80  (/home/jack/projects/peios/timed/fuzz/target/x86_64-unknown-linux-gnu/release/time_wire+0x144a80) (BuildId: 7ca9100398e2386a3523e950c0181d0d5ddd72ae)
#2263029	RELOAD cov: 443 ft: 851 corp: 241/6439b lim: 4096 exec/s: 161644 rss: 231Mb
#2293265	REDUCE cov: 443 ft: 851 corp: 241/6437b lim: 4096 exec/s: 163804 rss: 231Mb L: 33/76 MS: 1 EraseBytes-
#2331681	REDUCE cov: 443 ft: 851 corp: 241/6436b lim: 4096 exec/s: 166548 rss: 231Mb L: 30/76 MS: 1 EraseBytes-
#2360991	RELOAD cov: 443 ft: 857 corp: 243/6565b lim: 4096 exec/s: 157399 rss: 231Mb
#2384762	REDUCE cov: 443 ft: 857 corp: 243/6564b lim: 4096 exec/s: 158984 rss: 231Mb L: 51/76 MS: 1 EraseBytes-
#2387034	REDUCE cov: 443 ft: 857 corp: 243/6563b lim: 4096 exec/s: 159135 rss: 231Mb L: 74/76 MS: 2 CopyPart-EraseBytes-
#2393005	REDUCE cov: 443 ft: 857 corp: 243/6553b lim: 4096 exec/s: 159533 rss: 231Mb L: 51/76 MS: 1 EraseBytes-
#2395391	REDUCE cov: 443 ft: 857 corp: 243/6552b lim: 4096 exec/s: 159692 rss: 231Mb L: 22/76 MS: 1 EraseBytes-
#2433957	REDUCE cov: 443 ft: 857 corp: 243/6551b lim: 4096 exec/s: 162263 rss: 231Mb L: 49/76 MS: 1 EraseBytes-
#2435728	REDUCE cov: 443 ft: 857 corp: 243/6550b lim: 4096 exec/s: 162381 rss: 231Mb L: 63/76 MS: 1 EraseBytes-
#2437925	REDUCE cov: 443 ft: 857 corp: 243/6544b lim: 4096 exec/s: 162528 rss: 231Mb L: 70/76 MS: 2 EraseBytes-PersAutoDict- DE: "state"-
#2479736	REDUCE cov: 443 ft: 857 corp: 243/6537b lim: 4096 exec/s: 154983 rss: 231Mb L: 34/76 MS: 1 EraseBytes-
#2487882	REDUCE cov: 443 ft: 857 corp: 243/6524b lim: 4096 exec/s: 155492 rss: 231Mb L: 47/76 MS: 1 EraseBytes-
#2513319	REDUCE cov: 443 ft: 857 corp: 243/6521b lim: 4096 exec/s: 157082 rss: 231Mb L: 57/76 MS: 2 ChangeBinInt-EraseBytes-
#2522315	REDUCE cov: 443 ft: 857 corp: 243/6520b lim: 4096 exec/s: 157644 rss: 231Mb L: 30/76 MS: 1 EraseBytes-
#2524711	REDUCE cov: 443 ft: 858 corp: 244/6593b lim: 4096 exec/s: 157794 rss: 231Mb L: 73/76 MS: 1 CopyPart-
#2529812	REDUCE cov: 443 ft: 858 corp: 244/6592b lim: 4096 exec/s: 158113 rss: 231Mb L: 23/76 MS: 1 EraseBytes-
#2555186	RELOAD cov: 444 ft: 859 corp: 245/6609b lim: 4096 exec/s: 150305 rss: 231Mb
#2560922	REDUCE cov: 444 ft: 859 corp: 245/6608b lim: 4096 exec/s: 150642 rss: 231Mb L: 22/76 MS: 1 EraseBytes-
#2591548	REDUCE cov: 444 ft: 859 corp: 245/6607b lim: 4096 exec/s: 152444 rss: 231Mb L: 34/76 MS: 1 EraseBytes-
#2605209	NEW    cov: 444 ft: 863 corp: 246/6807b lim: 4096 exec/s: 153247 rss: 231Mb L: 200/200 MS: 1 InsertRepeatedBytes-
#2605510	REDUCE cov: 444 ft: 863 corp: 246/6801b lim: 4096 exec/s: 153265 rss: 231Mb L: 194/194 MS: 1 EraseBytes-
#2605826	REDUCE cov: 444 ft: 863 corp: 246/6743b lim: 4096 exec/s: 153283 rss: 231Mb L: 136/136 MS: 1 EraseBytes-
#2605882	REDUCE cov: 444 ft: 863 corp: 246/6698b lim: 4096 exec/s: 153287 rss: 231Mb L: 91/91 MS: 1 EraseBytes-
#2606795	REDUCE cov: 444 ft: 863 corp: 246/6657b lim: 4096 exec/s: 153340 rss: 231Mb L: 50/76 MS: 3 CopyPart-ShuffleBytes-EraseBytes-
#2608114	REDUCE cov: 444 ft: 863 corp: 246/6640b lim: 4096 exec/s: 153418 rss: 231Mb L: 33/76 MS: 4 ChangeBit-InsertByte-ChangeByte-EraseBytes-
#2620871	NEW    cov: 445 ft: 864 corp: 247/6702b lim: 4096 exec/s: 154168 rss: 231Mb L: 62/76 MS: 2 EraseBytes-CrossOver-
#2622442	REDUCE cov: 445 ft: 864 corp: 247/6701b lim: 4096 exec/s: 154261 rss: 231Mb L: 32/76 MS: 1 EraseBytes-
#2624644	REDUCE cov: 446 ft: 865 corp: 248/6806b lim: 4096 exec/s: 154390 rss: 231Mb L: 105/105 MS: 2 ChangeBit-CrossOver-
#2627977	REDUCE cov: 446 ft: 865 corp: 248/6803b lim: 4096 exec/s: 154586 rss: 231Mb L: 102/102 MS: 3 ChangeBinInt-CopyPart-EraseBytes-
#2639612	RELOAD cov: 446 ft: 867 corp: 250/6928b lim: 4096 exec/s: 146645 rss: 231Mb
#2643533	REDUCE cov: 446 ft: 867 corp: 250/6922b lim: 4096 exec/s: 146862 rss: 231Mb L: 96/96 MS: 1 EraseBytes-
#2645990	REDUCE cov: 446 ft: 867 corp: 250/6913b lim: 4096 exec/s: 146999 rss: 231Mb L: 87/87 MS: 2 ChangeASCIIInt-EraseBytes-
#2646561	REDUCE cov: 446 ft: 867 corp: 250/6904b lim: 4096 exec/s: 147031 rss: 231Mb L: 56/87 MS: 1 EraseBytes-
#2652929	REDUCE cov: 446 ft: 867 corp: 250/6887b lim: 4096 exec/s: 147384 rss: 231Mb L: 70/76 MS: 3 InsertByte-ChangeBinInt-EraseBytes-
#2667365	REDUCE cov: 446 ft: 867 corp: 250/6879b lim: 4096 exec/s: 148186 rss: 231Mb L: 54/76 MS: 1 EraseBytes-
#2668746	REDUCE cov: 446 ft: 867 corp: 250/6875b lim: 4096 exec/s: 148263 rss: 231Mb L: 28/76 MS: 1 EraseBytes-
#2673513	REDUCE cov: 446 ft: 867 corp: 250/6873b lim: 4096 exec/s: 148528 rss: 231Mb L: 31/76 MS: 2 ChangeBinInt-EraseBytes-
#2678599	REDUCE cov: 446 ft: 867 corp: 250/6864b lim: 4096 exec/s: 148811 rss: 231Mb L: 61/76 MS: 1 EraseBytes-
#2684975	REDUCE cov: 446 ft: 867 corp: 250/6861b lim: 4096 exec/s: 149165 rss: 231Mb L: 28/76 MS: 1 EraseBytes-
#2713917	REDUCE cov: 446 ft: 867 corp: 250/6860b lim: 4096 exec/s: 150773 rss: 231Mb L: 27/76 MS: 2 ChangeBit-EraseBytes-
#2714158	REDUCE cov: 446 ft: 867 corp: 250/6856b lim: 4096 exec/s: 150786 rss: 231Mb L: 56/76 MS: 1 EraseBytes-
#2716179	REDUCE cov: 446 ft: 867 corp: 250/6850b lim: 4096 exec/s: 150898 rss: 231Mb L: 55/76 MS: 1 EraseBytes-
#2729823	REDUCE cov: 446 ft: 867 corp: 250/6846b lim: 4096 exec/s: 151656 rss: 231Mb L: 52/76 MS: 4 ChangeBit-ChangeBit-ShuffleBytes-EraseBytes-
#2733070	REDUCE cov: 446 ft: 867 corp: 250/6819b lim: 4096 exec/s: 151837 rss: 231Mb L: 27/76 MS: 2 PersAutoDict-EraseBytes- DE: "query"-
#2737946	REDUCE cov: 446 ft: 867 corp: 250/6817b lim: 4096 exec/s: 152108 rss: 231Mb L: 52/76 MS: 1 EraseBytes-
#2752698	RELOAD cov: 447 ft: 869 corp: 252/6885b lim: 4096 exec/s: 144878 rss: 231Mb
#2753834	REDUCE cov: 447 ft: 869 corp: 252/6877b lim: 4096 exec/s: 144938 rss: 231Mb L: 25/76 MS: 1 EraseBytes-
#2764146	REDUCE cov: 447 ft: 869 corp: 252/6866b lim: 4096 exec/s: 145481 rss: 231Mb L: 44/76 MS: 2 InsertByte-EraseBytes-
#2768727	REDUCE cov: 447 ft: 869 corp: 252/6865b lim: 4096 exec/s: 145722 rss: 231Mb L: 43/76 MS: 1 EraseBytes-
#2774409	REDUCE cov: 447 ft: 869 corp: 252/6864b lim: 4096 exec/s: 146021 rss: 231Mb L: 31/76 MS: 2 PersAutoDict-EraseBytes- DE: "query"-
#2777470	REDUCE cov: 447 ft: 869 corp: 252/6860b lim: 4096 exec/s: 146182 rss: 231Mb L: 33/76 MS: 1 EraseBytes-
#2788551	REDUCE cov: 447 ft: 869 corp: 252/6857b lim: 4096 exec/s: 146765 rss: 231Mb L: 65/76 MS: 1 EraseBytes-
#2793712	REDUCE cov: 447 ft: 869 corp: 252/6856b lim: 4096 exec/s: 147037 rss: 231Mb L: 51/76 MS: 1 EraseBytes-
#2803989	REDUCE cov: 447 ft: 869 corp: 252/6847b lim: 4096 exec/s: 147578 rss: 231Mb L: 47/76 MS: 2 ShuffleBytes-EraseBytes-
#2805722	REDUCE cov: 447 ft: 869 corp: 252/6840b lim: 4096 exec/s: 147669 rss: 231Mb L: 37/76 MS: 3 InsertByte-ChangeByte-EraseBytes-
#2814804	REDUCE cov: 448 ft: 870 corp: 253/6871b lim: 4096 exec/s: 148147 rss: 231Mb L: 31/76 MS: 2 PersAutoDict-CrossOver- DE: "\000\000\000\010"-
#2815000	REDUCE cov: 448 ft: 870 corp: 253/6870b lim: 4096 exec/s: 148157 rss: 231Mb L: 30/76 MS: 1 EraseBytes-
#2836711	REDUCE cov: 448 ft: 870 corp: 253/6869b lim: 4096 exec/s: 149300 rss: 231Mb L: 23/76 MS: 1 EraseBytes-
#2839657	REDUCE cov: 448 ft: 870 corp: 253/6868b lim: 4096 exec/s: 149455 rss: 231Mb L: 26/76 MS: 1 EraseBytes-
#2840814	REDUCE cov: 448 ft: 870 corp: 253/6865b lim: 4096 exec/s: 149516 rss: 231Mb L: 27/76 MS: 2 PersAutoDict-EraseBytes- DE: "root_dispersion"-
#2845080	REDUCE cov: 448 ft: 870 corp: 253/6863b lim: 4096 exec/s: 149741 rss: 231Mb L: 41/76 MS: 1 EraseBytes-
#2848356	NEW    cov: 451 ft: 873 corp: 254/6880b lim: 4096 exec/s: 149913 rss: 231Mb L: 17/76 MS: 1 ChangeBinInt-
#2857277	REDUCE cov: 451 ft: 873 corp: 254/6879b lim: 4096 exec/s: 150383 rss: 231Mb L: 12/76 MS: 1 EraseBytes-
#2871308	REDUCE cov: 452 ft: 874 corp: 255/6900b lim: 4096 exec/s: 151121 rss: 231Mb L: 21/76 MS: 1 CrossOver-
#2872434	REDUCE cov: 452 ft: 874 corp: 255/6899b lim: 4096 exec/s: 151180 rss: 231Mb L: 27/76 MS: 1 EraseBytes-
#2879853	REDUCE cov: 452 ft: 874 corp: 255/6896b lim: 4096 exec/s: 143992 rss: 231Mb L: 18/76 MS: 4 CopyPart-CrossOver-ShuffleBytes-EraseBytes-
#2885353	RELOAD cov: 459 ft: 881 corp: 256/6960b lim: 4096 exec/s: 144267 rss: 231Mb
#2895339	REDUCE cov: 459 ft: 882 corp: 257/7049b lim: 4096 exec/s: 144766 rss: 231Mb L: 89/89 MS: 1 CopyPart-
#2901510	REDUCE cov: 459 ft: 882 corp: 257/7030b lim: 4096 exec/s: 145075 rss: 231Mb L: 70/76 MS: 1 EraseBytes-
#2916256	NEW    cov: 459 ft: 883 corp: 258/7081b lim: 4096 exec/s: 145812 rss: 231Mb L: 51/76 MS: 1 CopyPart-
#2923132	REDUCE cov: 459 ft: 883 corp: 258/7078b lim: 4096 exec/s: 146156 rss: 231Mb L: 48/76 MS: 1 EraseBytes-
#2923658	REDUCE cov: 459 ft: 883 corp: 258/7074b lim: 4096 exec/s: 146182 rss: 231Mb L: 60/76 MS: 1 EraseBytes-
#2924999	REDUCE cov: 459 ft: 883 corp: 258/7072b lim: 4096 exec/s: 146249 rss: 231Mb L: 46/76 MS: 1 EraseBytes-
#2925355	REDUCE cov: 459 ft: 883 corp: 258/7071b lim: 4096 exec/s: 146267 rss: 231Mb L: 17/76 MS: 1 EraseBytes-
#2925556	REDUCE cov: 459 ft: 883 corp: 258/7070b lim: 4096 exec/s: 146277 rss: 231Mb L: 11/76 MS: 1 EraseBytes-
#2939873	REDUCE cov: 459 ft: 883 corp: 258/7066b lim: 4096 exec/s: 146993 rss: 231Mb L: 27/76 MS: 2 EraseBytes-CrossOver-
#2946699	REDUCE cov: 459 ft: 883 corp: 258/7065b lim: 4096 exec/s: 147334 rss: 231Mb L: 69/76 MS: 1 EraseBytes-
#2958831	REDUCE cov: 459 ft: 883 corp: 258/7063b lim: 4096 exec/s: 147941 rss: 231Mb L: 39/76 MS: 2 ChangeBit-EraseBytes-
#2981432	REDUCE cov: 459 ft: 883 corp: 258/7062b lim: 4096 exec/s: 149071 rss: 231Mb L: 38/76 MS: 1 EraseBytes-
#2990327	REDUCE cov: 459 ft: 883 corp: 258/7061b lim: 4096 exec/s: 149516 rss: 231Mb L: 17/76 MS: 5 InsertRepeatedBytes-EraseBytes-PersAutoDict-CrossOver-InsertByte- DE: "\000\000\000\010"-
#2998763	REDUCE cov: 459 ft: 883 corp: 258/7060b lim: 4096 exec/s: 149938 rss: 231Mb L: 31/76 MS: 1 EraseBytes-
#3048176	REDUCE cov: 459 ft: 883 corp: 258/7053b lim: 4096 exec/s: 145151 rss: 231Mb L: 43/76 MS: 1 EraseBytes-
#3064738	REDUCE cov: 460 ft: 884 corp: 259/7186b lim: 4096 exec/s: 145939 rss: 231Mb L: 133/133 MS: 2 ChangeBinInt-InsertRepeatedBytes-
#3064785	REDUCE cov: 460 ft: 884 corp: 259/7149b lim: 4096 exec/s: 145942 rss: 231Mb L: 96/96 MS: 2 ChangeByte-EraseBytes-
#3065209	REDUCE cov: 460 ft: 884 corp: 259/7112b lim: 4096 exec/s: 145962 rss: 231Mb L: 59/76 MS: 4 ChangeBinInt-ChangeByte-ShuffleBytes-EraseBytes-
#3065765	REDUCE cov: 460 ft: 884 corp: 259/7095b lim: 4096 exec/s: 145988 rss: 231Mb L: 42/76 MS: 1 EraseBytes-
#3070851	REDUCE cov: 460 ft: 884 corp: 259/7094b lim: 4096 exec/s: 146231 rss: 231Mb L: 25/76 MS: 1 EraseBytes-
#3072152	REDUCE cov: 460 ft: 884 corp: 259/7080b lim: 4096 exec/s: 146292 rss: 231Mb L: 28/76 MS: 1 EraseBytes-
#3092389	REDUCE cov: 461 ft: 885 corp: 260/7122b lim: 4096 exec/s: 147256 rss: 231Mb L: 42/76 MS: 2 ChangeBit-CMP- DE: "\001\000\000\000\000\000\000\000"-
#3110785	REDUCE cov: 461 ft: 885 corp: 260/7116b lim: 4096 exec/s: 148132 rss: 231Mb L: 36/76 MS: 1 EraseBytes-
#3123286	REDUCE cov: 461 ft: 885 corp: 260/7111b lim: 4096 exec/s: 148727 rss: 231Mb L: 64/76 MS: 1 EraseBytes-
#3129797	REDUCE cov: 462 ft: 886 corp: 261/7139b lim: 4096 exec/s: 149037 rss: 231Mb L: 28/76 MS: 1 ChangeBit-
#3134591	REDUCE cov: 462 ft: 886 corp: 261/7135b lim: 4096 exec/s: 149266 rss: 231Mb L: 24/76 MS: 4 ChangeByte-InsertByte-CrossOver-EraseBytes-
#3143972	REDUCE cov: 462 ft: 886 corp: 261/7134b lim: 4096 exec/s: 142907 rss: 231Mb L: 59/76 MS: 1 EraseBytes-
#3149503	REDUCE cov: 462 ft: 886 corp: 261/7131b lim: 4096 exec/s: 143159 rss: 231Mb L: 24/76 MS: 1 EraseBytes-
#3151266	RELOAD cov: 463 ft: 887 corp: 262/7161b lim: 4096 exec/s: 143239 rss: 231Mb
#3154777	REDUCE cov: 463 ft: 887 corp: 262/7160b lim: 4096 exec/s: 143398 rss: 231Mb L: 27/76 MS: 1 EraseBytes-
#3178789	REDUCE cov: 463 ft: 887 corp: 262/7159b lim: 4096 exec/s: 144490 rss: 231Mb L: 58/76 MS: 2 ChangeByte-EraseBytes-
#3181620	REDUCE cov: 463 ft: 887 corp: 262/7158b lim: 4096 exec/s: 144619 rss: 231Mb L: 42/76 MS: 1 EraseBytes-
#3186116	REDUCE cov: 463 ft: 887 corp: 262/7157b lim: 4096 exec/s: 144823 rss: 231Mb L: 50/76 MS: 1 EraseBytes-
#3229087	REDUCE cov: 463 ft: 887 corp: 262/7156b lim: 4096 exec/s: 146776 rss: 231Mb L: 33/76 MS: 1 EraseBytes-
#3232628	REDUCE cov: 463 ft: 887 corp: 262/7155b lim: 4096 exec/s: 146937 rss: 231Mb L: 33/76 MS: 1 EraseBytes-
#3278024	REDUCE cov: 463 ft: 887 corp: 262/7153b lim: 4096 exec/s: 142522 rss: 231Mb L: 31/76 MS: 1 EraseBytes-
#3282630	REDUCE cov: 463 ft: 887 corp: 262/7151b lim: 4096 exec/s: 142723 rss: 231Mb L: 28/76 MS: 1 EraseBytes-
#3287471	REDUCE cov: 463 ft: 887 corp: 262/7150b lim: 4096 exec/s: 142933 rss: 231Mb L: 26/76 MS: 1 EraseBytes-
#3287839	REDUCE cov: 464 ft: 888 corp: 263/7178b lim: 4096 exec/s: 142949 rss: 231Mb L: 28/76 MS: 3 CopyPart-PersAutoDict-CMP- DE: "\000a"-"unsynchronised"-
#3308277	REDUCE cov: 464 ft: 888 corp: 263/7176b lim: 4096 exec/s: 143838 rss: 231Mb L: 26/76 MS: 1 EraseBytes-
#3386996	REDUCE cov: 464 ft: 888 corp: 263/7171b lim: 4096 exec/s: 147260 rss: 231Mb L: 39/76 MS: 4 CrossOver-CMP-EraseBytes-EraseBytes- DE: "\003\000\000\000"-
#3414302	REDUCE cov: 465 ft: 889 corp: 264/7203b lim: 4096 exec/s: 148447 rss: 231Mb L: 32/76 MS: 1 PersAutoDict- DE: "\006\000\000\000\000\000\000\000"-
#3470077	REDUCE cov: 465 ft: 889 corp: 264/7202b lim: 4096 exec/s: 144586 rss: 231Mb L: 16/76 MS: 1 EraseBytes-
#3472743	REDUCE cov: 465 ft: 889 corp: 264/7201b lim: 4096 exec/s: 144697 rss: 231Mb L: 27/76 MS: 1 EraseBytes-
#3495124	REDUCE cov: 465 ft: 889 corp: 264/7199b lim: 4096 exec/s: 145630 rss: 231Mb L: 25/76 MS: 1 EraseBytes-
#3505786	REDUCE cov: 466 ft: 890 corp: 265/7235b lim: 4096 exec/s: 146074 rss: 231Mb L: 36/76 MS: 2 EraseBytes-PersAutoDict- DE: "auth"-
#3509692	REDUCE cov: 466 ft: 890 corp: 265/7234b lim: 4096 exec/s: 146237 rss: 231Mb L: 35/76 MS: 1 EraseBytes-
#3518264	REDUCE cov: 466 ft: 890 corp: 265/7233b lim: 4096 exec/s: 146594 rss: 231Mb L: 31/76 MS: 2 ShuffleBytes-EraseBytes-
#3521080	REDUCE cov: 466 ft: 890 corp: 265/7229b lim: 4096 exec/s: 146711 rss: 231Mb L: 31/76 MS: 1 EraseBytes-
#3523371	REDUCE cov: 466 ft: 890 corp: 265/7228b lim: 4096 exec/s: 146807 rss: 231Mb L: 60/76 MS: 1 EraseBytes-
#3530097	REDUCE cov: 466 ft: 890 corp: 265/7227b lim: 4096 exec/s: 147087 rss: 231Mb L: 30/76 MS: 1 EraseBytes-
#3544649	REDUCE cov: 466 ft: 890 corp: 265/7225b lim: 4096 exec/s: 147693 rss: 231Mb L: 11/76 MS: 2 EraseBytes-ShuffleBytes-
#3550835	REDUCE cov: 466 ft: 890 corp: 265/7224b lim: 4096 exec/s: 147951 rss: 231Mb L: 26/76 MS: 1 EraseBytes-
#3611315	REDUCE cov: 466 ft: 890 corp: 265/7216b lim: 4096 exec/s: 144452 rss: 231Mb L: 44/76 MS: 1 EraseBytes-
#3623936	REDUCE cov: 466 ft: 890 corp: 265/7215b lim: 4096 exec/s: 144957 rss: 231Mb L: 36/76 MS: 1 EraseBytes-
#3629973	REDUCE cov: 466 ft: 890 corp: 265/7214b lim: 4096 exec/s: 145198 rss: 231Mb L: 16/76 MS: 2 ChangeBit-EraseBytes-
#3681023	RELOAD cov: 468 ft: 892 corp: 266/7225b lim: 4096 exec/s: 141577 rss: 231Mb
#3695695	REDUCE cov: 468 ft: 892 corp: 266/7224b lim: 4096 exec/s: 142142 rss: 231Mb L: 23/76 MS: 2 EraseBytes-CopyPart-
#3699631	REDUCE cov: 468 ft: 892 corp: 266/7223b lim: 4096 exec/s: 142293 rss: 231Mb L: 23/76 MS: 1 EraseBytes-
#3726127	REDUCE cov: 468 ft: 892 corp: 266/7221b lim: 4096 exec/s: 143312 rss: 231Mb L: 39/76 MS: 1 EraseBytes-
#3733663	REDUCE cov: 468 ft: 892 corp: 266/7220b lim: 4096 exec/s: 143602 rss: 231Mb L: 15/76 MS: 1 EraseBytes-
#3736819	REDUCE cov: 468 ft: 892 corp: 266/7219b lim: 4096 exec/s: 143723 rss: 231Mb L: 26/76 MS: 1 EraseBytes-
#3741159	REDUCE cov: 468 ft: 892 corp: 266/7218b lim: 4096 exec/s: 143890 rss: 231Mb L: 25/76 MS: 5 PersAutoDict-ChangeBit-ShuffleBytes-EraseBytes-PersAutoDict- DE: "n\000"-"\000a"-
#3776800	REDUCE cov: 468 ft: 892 corp: 266/7217b lim: 4096 exec/s: 139881 rss: 231Mb L: 30/76 MS: 1 EraseBytes-
#3781856	REDUCE cov: 468 ft: 892 corp: 266/7215b lim: 4096 exec/s: 140068 rss: 231Mb L: 29/76 MS: 1 EraseBytes-
#3793631	REDUCE cov: 469 ft: 893 corp: 267/7240b lim: 4096 exec/s: 140504 rss: 231Mb L: 25/76 MS: 1 CrossOver-
#3796092	REDUCE cov: 469 ft: 893 corp: 267/7238b lim: 4096 exec/s: 140596 rss: 231Mb L: 23/76 MS: 1 EraseBytes-
#3802308	REDUCE cov: 469 ft: 893 corp: 267/7237b lim: 4096 exec/s: 140826 rss: 231Mb L: 24/76 MS: 1 EraseBytes-
#3814726	REDUCE cov: 470 ft: 894 corp: 268/7260b lim: 4096 exec/s: 141286 rss: 231Mb L: 23/76 MS: 3 ChangeBinInt-ChangeBinInt-ChangeBit-
#3819728	REDUCE cov: 470 ft: 894 corp: 268/7256b lim: 4096 exec/s: 141471 rss: 231Mb L: 19/76 MS: 2 ShuffleBytes-EraseBytes-
#3826666	REDUCE cov: 471 ft: 895 corp: 269/7275b lim: 4096 exec/s: 141728 rss: 231Mb L: 19/76 MS: 3 ChangeByte-CrossOver-CMP- DE: "settling"-
#3828027	REDUCE cov: 471 ft: 895 corp: 269/7274b lim: 4096 exec/s: 141778 rss: 231Mb L: 10/76 MS: 1 EraseBytes-
#3861078	REDUCE cov: 471 ft: 895 corp: 269/7273b lim: 4096 exec/s: 143002 rss: 231Mb L: 10/76 MS: 1 EraseBytes-
#3874029	REDUCE cov: 471 ft: 895 corp: 269/7272b lim: 4096 exec/s: 143482 rss: 231Mb L: 29/76 MS: 1 EraseBytes-
#3874535	REDUCE cov: 471 ft: 895 corp: 269/7271b lim: 4096 exec/s: 143501 rss: 231Mb L: 18/76 MS: 1 EraseBytes-
#3900457	REDUCE cov: 471 ft: 895 corp: 269/7269b lim: 4096 exec/s: 139302 rss: 231Mb L: 42/76 MS: 2 EraseBytes-CopyPart-
#3950065	REDUCE cov: 471 ft: 895 corp: 269/7268b lim: 4096 exec/s: 141073 rss: 231Mb L: 27/76 MS: 1 EraseBytes-
#3998961	REDUCE cov: 471 ft: 895 corp: 269/7267b lim: 4096 exec/s: 142820 rss: 231Mb L: 28/76 MS: 1 EraseBytes-
#4019494	REDUCE cov: 477 ft: 901 corp: 270/7325b lim: 4096 exec/s: 143553 rss: 231Mb L: 58/76 MS: 3 ChangeBinInt-ChangeBinInt-CMP- DE: "reply"-
#4043216	REDUCE cov: 477 ft: 901 corp: 270/7324b lim: 4096 exec/s: 139421 rss: 231Mb L: 44/76 MS: 2 ShuffleBytes-EraseBytes-
#4057639	REDUCE cov: 477 ft: 901 corp: 270/7323b lim: 4096 exec/s: 139918 rss: 231Mb L: 32/76 MS: 1 EraseBytes-
#4094175	REDUCE cov: 477 ft: 901 corp: 270/7320b lim: 4096 exec/s: 141178 rss: 231Mb L: 36/76 MS: 1 EraseBytes-
#4110501	REDUCE cov: 477 ft: 901 corp: 270/7319b lim: 4096 exec/s: 141741 rss: 231Mb L: 29/76 MS: 1 EraseBytes-
#4121497	REDUCE cov: 477 ft: 901 corp: 270/7315b lim: 4096 exec/s: 142120 rss: 231Mb L: 52/76 MS: 1 EraseBytes-
#4126298	REDUCE cov: 477 ft: 901 corp: 270/7313b lim: 4096 exec/s: 142286 rss: 231Mb L: 22/76 MS: 1 EraseBytes-
#4141542	REDUCE cov: 477 ft: 901 corp: 270/7312b lim: 4096 exec/s: 138051 rss: 231Mb L: 22/76 MS: 2 CopyPart-EraseBytes-
#4157603	REDUCE cov: 477 ft: 901 corp: 270/7311b lim: 4096 exec/s: 138586 rss: 231Mb L: 41/76 MS: 1 EraseBytes-
#4172894	REDUCE cov: 477 ft: 901 corp: 270/7310b lim: 4096 exec/s: 139096 rss: 231Mb L: 21/76 MS: 1 EraseBytes-
#4183620	REDUCE cov: 477 ft: 901 corp: 270/7309b lim: 4096 exec/s: 139454 rss: 231Mb L: 40/76 MS: 1 EraseBytes-
#4191344	REDUCE cov: 477 ft: 901 corp: 270/7308b lim: 4096 exec/s: 139711 rss: 231Mb L: 29/76 MS: 4 InsertByte-ChangeByte-PersAutoDict-EraseBytes- DE: "name"-
#4194304	pulse  cov: 477 ft: 901 corp: 270/7308b lim: 4096 exec/s: 139810 rss: 231Mb
#4206570	REDUCE cov: 477 ft: 901 corp: 270/7307b lim: 4096 exec/s: 140219 rss: 231Mb L: 18/76 MS: 1 EraseBytes-
#4262388	REDUCE cov: 477 ft: 901 corp: 270/7306b lim: 4096 exec/s: 137496 rss: 231Mb L: 25/76 MS: 1 EraseBytes-
#4277904	REDUCE cov: 482 ft: 906 corp: 271/7379b lim: 4096 exec/s: 137996 rss: 231Mb L: 73/76 MS: 1 CrossOver-
#4285420	REDUCE cov: 482 ft: 906 corp: 271/7378b lim: 4096 exec/s: 138239 rss: 231Mb L: 28/76 MS: 1 EraseBytes-
#4286421	REDUCE cov: 482 ft: 906 corp: 271/7353b lim: 4096 exec/s: 138271 rss: 231Mb L: 48/76 MS: 1 EraseBytes-
#4291692	REDUCE cov: 482 ft: 906 corp: 271/7352b lim: 4096 exec/s: 138441 rss: 231Mb L: 23/76 MS: 1 EraseBytes-
#4377534	REDUCE cov: 482 ft: 906 corp: 271/7342b lim: 4096 exec/s: 136797 rss: 231Mb L: 34/76 MS: 2 PersAutoDict-CrossOver- DE: "\001\000\000'"-
#4385060	REDUCE cov: 482 ft: 906 corp: 271/7340b lim: 4096 exec/s: 137033 rss: 231Mb L: 45/76 MS: 1 EraseBytes-
#4412427	REDUCE cov: 482 ft: 906 corp: 271/7333b lim: 4096 exec/s: 137888 rss: 231Mb L: 33/76 MS: 2 ChangeByte-EraseBytes-
#4413373	REDUCE cov: 482 ft: 906 corp: 271/7331b lim: 4096 exec/s: 137917 rss: 231Mb L: 34/76 MS: 1 EraseBytes-
#4414085	REDUCE cov: 482 ft: 906 corp: 271/7330b lim: 4096 exec/s: 137940 rss: 231Mb L: 42/76 MS: 2 ChangeBinInt-EraseBytes-
#4464228	NEW    cov: 482 ft: 926 corp: 272/7445b lim: 4096 exec/s: 139507 rss: 231Mb L: 115/115 MS: 3 ChangeBinInt-ChangeBinInt-CrossOver-
#4474904	REDUCE cov: 482 ft: 926 corp: 272/7443b lim: 4096 exec/s: 135603 rss: 231Mb L: 32/115 MS: 1 EraseBytes-
#4502954	REDUCE cov: 482 ft: 926 corp: 272/7442b lim: 4096 exec/s: 136453 rss: 231Mb L: 35/115 MS: 1 EraseBytes-
#4503405	REDUCE cov: 482 ft: 926 corp: 272/7441b lim: 4096 exec/s: 136466 rss: 231Mb L: 22/115 MS: 1 EraseBytes-
#4573501	NEW    cov: 483 ft: 927 corp: 273/7507b lim: 4096 exec/s: 138590 rss: 231Mb L: 66/115 MS: 1 CrossOver-
#4582008	NEW    cov: 484 ft: 928 corp: 274/7579b lim: 4096 exec/s: 138848 rss: 231Mb L: 72/115 MS: 2 InsertRepeatedBytes-CopyPart-
#4589679	REDUCE cov: 484 ft: 928 corp: 274/7578b lim: 4096 exec/s: 139081 rss: 231Mb L: 71/115 MS: 1 EraseBytes-
#4603546	REDUCE cov: 484 ft: 928 corp: 274/7572b lim: 4096 exec/s: 135398 rss: 231Mb L: 26/115 MS: 2 ChangeByte-EraseBytes-
#4612547	REDUCE cov: 484 ft: 928 corp: 274/7566b lim: 4096 exec/s: 135663 rss: 231Mb L: 65/115 MS: 1 EraseBytes-
	NEW_FUNC[1/9]: 0x582c93af26b0  (/home/jack/projects/peios/timed/fuzz/target/x86_64-unknown-linux-gnu/release/time_wire+0x1326b0) (BuildId: 7ca9100398e2386a3523e950c0181d0d5ddd72ae)
	NEW_FUNC[2/9]: 0x582c93b010b0  (/home/jack/projects/peios/timed/fuzz/target/x86_64-unknown-linux-gnu/release/time_wire+0x1410b0) (BuildId: 7ca9100398e2386a3523e950c0181d0d5ddd72ae)
#4616233	NEW    cov: 526 ft: 991 corp: 275/7632b lim: 4096 exec/s: 135771 rss: 231Mb L: 66/115 MS: 1 CMP- DE: "sources"-
#4616574	REDUCE cov: 526 ft: 991 corp: 275/7624b lim: 4096 exec/s: 135781 rss: 231Mb L: 58/115 MS: 1 EraseBytes-
#4621373	RELOAD cov: 526 ft: 993 corp: 276/7753b lim: 4096 exec/s: 135922 rss: 231Mb
#4636954	REDUCE cov: 526 ft: 993 corp: 276/7746b lim: 4096 exec/s: 136381 rss: 231Mb L: 59/129 MS: 1 EraseBytes-
#4644161	REDUCE cov: 526 ft: 993 corp: 276/7742b lim: 4096 exec/s: 136592 rss: 231Mb L: 55/129 MS: 2 CMP-EraseBytes- DE: "\377\377\377\007"-
#4699197	REDUCE cov: 526 ft: 993 corp: 276/7740b lim: 4096 exec/s: 138211 rss: 231Mb L: 56/129 MS: 1 EraseBytes-
#4699948	REDUCE cov: 526 ft: 993 corp: 276/7739b lim: 4096 exec/s: 138233 rss: 231Mb L: 51/129 MS: 1 EraseBytes-
#4723605	REDUCE cov: 526 ft: 993 corp: 276/7738b lim: 4096 exec/s: 134960 rss: 231Mb L: 54/129 MS: 2 ChangeBit-EraseBytes-
#4727971	NEW    cov: 526 ft: 994 corp: 277/7874b lim: 4096 exec/s: 135084 rss: 231Mb L: 136/136 MS: 1 CrossOver-
#4727980	RELOAD cov: 526 ft: 998 corp: 278/8019b lim: 4096 exec/s: 135085 rss: 231Mb
#4729831	REDUCE cov: 526 ft: 998 corp: 278/8011b lim: 4096 exec/s: 135138 rss: 231Mb L: 52/145 MS: 1 EraseBytes-
#4738332	REDUCE cov: 526 ft: 998 corp: 278/8005b lim: 4096 exec/s: 135380 rss: 231Mb L: 130/145 MS: 1 EraseBytes-
#4751138	REDUCE cov: 526 ft: 998 corp: 278/7998b lim: 4096 exec/s: 135746 rss: 231Mb L: 138/138 MS: 1 EraseBytes-
#4767335	REDUCE cov: 527 ft: 999 corp: 279/8066b lim: 4096 exec/s: 136209 rss: 231Mb L: 68/138 MS: 2 ChangeByte-CopyPart-
#4769056	REDUCE cov: 527 ft: 999 corp: 279/8064b lim: 4096 exec/s: 136258 rss: 231Mb L: 52/138 MS: 1 EraseBytes-
#4787763	REDUCE cov: 527 ft: 999 corp: 279/8063b lim: 4096 exec/s: 136793 rss: 231Mb L: 25/138 MS: 2 ChangeByte-EraseBytes-
#4806911	REDUCE cov: 527 ft: 999 corp: 279/8061b lim: 4096 exec/s: 137340 rss: 231Mb L: 66/138 MS: 3 ChangeBit-ChangeByte-EraseBytes-
#4815367	REDUCE cov: 527 ft: 999 corp: 279/8059b lim: 4096 exec/s: 137581 rss: 231Mb L: 54/138 MS: 1 EraseBytes-
#4823868	NEW    cov: 527 ft: 1001 corp: 280/8187b lim: 4096 exec/s: 133996 rss: 231Mb L: 128/138 MS: 1 CrossOver-
#4835545	REDUCE cov: 527 ft: 1001 corp: 280/8184b lim: 4096 exec/s: 134320 rss: 231Mb L: 125/138 MS: 2 PersAutoDict-EraseBytes- DE: "sources"-
#4848064	REDUCE cov: 527 ft: 1001 corp: 280/8174b lim: 4096 exec/s: 134668 rss: 231Mb L: 56/138 MS: 4 EraseBytes-CMP-ChangeBinInt-ChangeBinInt- DE: "ta"-
#4919555	REDUCE cov: 527 ft: 1001 corp: 280/8161b lim: 4096 exec/s: 132960 rss: 232Mb L: 112/138 MS: 1 EraseBytes-
#4924612	REDUCE cov: 527 ft: 1001 corp: 280/8160b lim: 4096 exec/s: 133097 rss: 232Mb L: 25/138 MS: 2 InsertByte-EraseBytes-
#4928620	RELOAD cov: 530 ft: 1004 corp: 281/8208b lim: 4096 exec/s: 133205 rss: 232Mb
#4937146	REDUCE cov: 530 ft: 1004 corp: 281/8207b lim: 4096 exec/s: 133436 rss: 232Mb L: 31/138 MS: 1 EraseBytes-
#4951407	REDUCE cov: 530 ft: 1004 corp: 281/8203b lim: 4096 exec/s: 133821 rss: 232Mb L: 27/138 MS: 1 EraseBytes-
#5007063	REDUCE cov: 530 ft: 1004 corp: 281/8196b lim: 4096 exec/s: 131764 rss: 234Mb L: 49/138 MS: 1 EraseBytes-
#5010339	REDUCE cov: 530 ft: 1004 corp: 281/8191b lim: 4096 exec/s: 131851 rss: 234Mb L: 60/138 MS: 1 EraseBytes-
#5048196	REDUCE cov: 531 ft: 1005 corp: 282/8207b lim: 4096 exec/s: 132847 rss: 236Mb L: 16/138 MS: 1 InsertByte-
#5153885	REDUCE cov: 531 ft: 1005 corp: 282/8205b lim: 4096 exec/s: 132150 rss: 236Mb L: 25/138 MS: 1 EraseBytes-
#5162291	REDUCE cov: 533 ft: 1007 corp: 283/8246b lim: 4096 exec/s: 132366 rss: 236Mb L: 41/138 MS: 1 CrossOver-
#5163667	REDUCE cov: 533 ft: 1007 corp: 283/8239b lim: 4096 exec/s: 132401 rss: 236Mb L: 34/138 MS: 1 EraseBytes-
#5174203	REDUCE cov: 533 ft: 1007 corp: 283/8230b lim: 4096 exec/s: 132671 rss: 237Mb L: 25/138 MS: 1 EraseBytes-
#5179954	REDUCE cov: 533 ft: 1007 corp: 283/8225b lim: 4096 exec/s: 132819 rss: 237Mb L: 107/138 MS: 1 EraseBytes-
#5182765	REDUCE cov: 533 ft: 1007 corp: 283/8219b lim: 4096 exec/s: 132891 rss: 237Mb L: 101/138 MS: 1 EraseBytes-
#5184276	REDUCE cov: 533 ft: 1007 corp: 283/8218b lim: 4096 exec/s: 132930 rss: 237Mb L: 38/138 MS: 1 EraseBytes-
#5193107	REDUCE cov: 533 ft: 1007 corp: 283/8214b lim: 4096 exec/s: 133156 rss: 238Mb L: 21/138 MS: 1 EraseBytes-
#5218853	REDUCE cov: 533 ft: 1007 corp: 283/8211b lim: 4096 exec/s: 130471 rss: 238Mb L: 46/138 MS: 1 EraseBytes-
#5273569	REDUCE cov: 535 ft: 1009 corp: 284/8232b lim: 4096 exec/s: 131839 rss: 239Mb L: 21/138 MS: 2 CopyPart-ChangeBit-
#5320414	REDUCE cov: 535 ft: 1009 corp: 284/8230b lim: 4096 exec/s: 129766 rss: 239Mb L: 19/138 MS: 1 EraseBytes-
#5395782	REDUCE cov: 535 ft: 1009 corp: 284/8229b lim: 4096 exec/s: 131604 rss: 241Mb L: 48/138 MS: 3 CopyPart-ChangeASCIIInt-EraseBytes-
#5417478	REDUCE cov: 535 ft: 1009 corp: 284/8228b lim: 4096 exec/s: 132133 rss: 243Mb L: 39/138 MS: 1 EraseBytes-
#5453374	REDUCE cov: 535 ft: 1009 corp: 284/8227b lim: 4096 exec/s: 129842 rss: 243Mb L: 43/138 MS: 1 EraseBytes-
#5464395	REDUCE cov: 535 ft: 1009 corp: 284/8225b lim: 4096 exec/s: 130104 rss: 243Mb L: 17/138 MS: 1 EraseBytes-
#5481227	REDUCE cov: 535 ft: 1009 corp: 284/8222b lim: 4096 exec/s: 130505 rss: 244Mb L: 18/138 MS: 2 EraseBytes-CrossOver-
#5518503	REDUCE cov: 535 ft: 1009 corp: 284/8221b lim: 4096 exec/s: 128337 rss: 244Mb L: 26/138 MS: 1 EraseBytes-
#5526900	RELOAD cov: 535 ft: 1012 corp: 285/8426b lim: 4096 exec/s: 128532 rss: 244Mb
#5575997	REDUCE cov: 535 ft: 1012 corp: 285/8391b lim: 4096 exec/s: 129674 rss: 245Mb L: 170/170 MS: 2 ShuffleBytes-EraseBytes-
#5576110	REDUCE cov: 536 ft: 1013 corp: 286/8427b lim: 4096 exec/s: 129676 rss: 245Mb L: 36/170 MS: 3 CMP-ChangeByte-CMP- DE: "\333\377\377\377"-"none"-
#5577921	REDUCE cov: 536 ft: 1013 corp: 286/8426b lim: 4096 exec/s: 129719 rss: 245Mb L: 35/170 MS: 1 EraseBytes-
#5581003	REDUCE cov: 536 ft: 1013 corp: 286/8424b lim: 4096 exec/s: 129790 rss: 245Mb L: 33/170 MS: 2 ChangeBit-EraseBytes-
#5604735	REDUCE cov: 536 ft: 1016 corp: 287/8617b lim: 4096 exec/s: 127380 rss: 246Mb L: 193/193 MS: 2 ShuffleBytes-CrossOver-
#5607136	REDUCE cov: 536 ft: 1016 corp: 287/8616b lim: 4096 exec/s: 127434 rss: 246Mb L: 59/193 MS: 1 EraseBytes-
#5616401	REDUCE cov: 536 ft: 1016 corp: 287/8615b lim: 4096 exec/s: 127645 rss: 246Mb L: 192/192 MS: 2 PersAutoDict-EraseBytes- DE: "\000a"-
#5659537	REDUCE cov: 536 ft: 1016 corp: 287/8614b lim: 4096 exec/s: 128625 rss: 246Mb L: 50/192 MS: 1 EraseBytes-
#5666828	REDUCE cov: 536 ft: 1016 corp: 287/8612b lim: 4096 exec/s: 128791 rss: 246Mb L: 168/192 MS: 1 EraseBytes-
#5692539	REDUCE cov: 536 ft: 1016 corp: 287/8608b lim: 4096 exec/s: 129375 rss: 246Mb L: 164/192 MS: 1 EraseBytes-
#5698165	REDUCE cov: 536 ft: 1016 corp: 287/8590b lim: 4096 exec/s: 129503 rss: 246Mb L: 174/174 MS: 1 EraseBytes-
#5711151	REDUCE cov: 536 ft: 1016 corp: 287/8588b lim: 4096 exec/s: 126914 rss: 246Mb L: 49/174 MS: 1 EraseBytes-
#5712758	REDUCE cov: 536 ft: 1016 corp: 287/8580b lim: 4096 exec/s: 126950 rss: 246Mb L: 130/174 MS: 2 ChangeBit-EraseBytes-
#5731660	RELOAD cov: 537 ft: 1017 corp: 288/8627b lim: 4096 exec/s: 127370 rss: 246Mb
#5739656	REDUCE cov: 537 ft: 1017 corp: 288/8620b lim: 4096 exec/s: 127547 rss: 246Mb L: 40/174 MS: 1 EraseBytes-
#5764502	REDUCE cov: 537 ft: 1017 corp: 288/8619b lim: 4096 exec/s: 128100 rss: 246Mb L: 31/174 MS: 1 EraseBytes-
#5787185	REDUCE cov: 537 ft: 1017 corp: 288/8611b lim: 4096 exec/s: 128604 rss: 246Mb L: 32/174 MS: 3 ShuffleBytes-InsertByte-EraseBytes-
#5815826	REDUCE cov: 537 ft: 1017 corp: 288/8609b lim: 4096 exec/s: 126431 rss: 246Mb L: 52/174 MS: 1 EraseBytes-
#5827122	REDUCE cov: 537 ft: 1017 corp: 288/8607b lim: 4096 exec/s: 126676 rss: 246Mb L: 24/174 MS: 1 EraseBytes-
#5835209	REDUCE cov: 537 ft: 1017 corp: 288/8605b lim: 4096 exec/s: 126852 rss: 246Mb L: 11/174 MS: 2 ChangeBinInt-EraseBytes-
#5840815	REDUCE cov: 537 ft: 1017 corp: 288/8600b lim: 4096 exec/s: 126974 rss: 246Mb L: 159/174 MS: 1 EraseBytes-
#5870168	REDUCE cov: 537 ft: 1017 corp: 288/8599b lim: 4096 exec/s: 127612 rss: 246Mb L: 10/174 MS: 3 InsertByte-CopyPart-EraseBytes-
#5920701	REDUCE cov: 537 ft: 1017 corp: 288/8598b lim: 4096 exec/s: 125972 rss: 246Mb L: 173/173 MS: 3 ChangeBit-ChangeByte-EraseBytes-
#5926818	REDUCE cov: 537 ft: 1017 corp: 288/8594b lim: 4096 exec/s: 126102 rss: 246Mb L: 29/173 MS: 2 ShuffleBytes-EraseBytes-
#5981989	REDUCE cov: 537 ft: 1017 corp: 288/8593b lim: 4096 exec/s: 127276 rss: 246Mb L: 37/173 MS: 1 EraseBytes-
#5991540	REDUCE cov: 537 ft: 1017 corp: 288/8585b lim: 4096 exec/s: 127479 rss: 246Mb L: 151/173 MS: 1 EraseBytes-
#6004626	REDUCE cov: 537 ft: 1017 corp: 288/8578b lim: 4096 exec/s: 127758 rss: 246Mb L: 41/173 MS: 1 EraseBytes-
#6018309	REDUCE cov: 537 ft: 1017 corp: 288/8577b lim: 4096 exec/s: 125381 rss: 246Mb L: 9/173 MS: 3 ChangeBit-CopyPart-EraseBytes-
#6074625	REDUCE cov: 537 ft: 1017 corp: 288/8573b lim: 4096 exec/s: 126554 rss: 246Mb L: 18/173 MS: 1 EraseBytes-
#6079191	REDUCE cov: 537 ft: 1017 corp: 288/8572b lim: 4096 exec/s: 126649 rss: 246Mb L: 48/173 MS: 1 EraseBytes-
#6136497	REDUCE cov: 537 ft: 1017 corp: 288/8571b lim: 4096 exec/s: 125234 rss: 246Mb L: 16/173 MS: 1 EraseBytes-
#6162838	REDUCE cov: 537 ft: 1017 corp: 288/8570b lim: 4096 exec/s: 125772 rss: 246Mb L: 22/173 MS: 1 EraseBytes-
#6214952	REDUCE cov: 537 ft: 1017 corp: 288/8564b lim: 4096 exec/s: 124299 rss: 246Mb L: 145/173 MS: 4 ChangeByte-ChangeByte-CrossOver-CMP- DE: "sync"-
#6262524	REDUCE cov: 537 ft: 1017 corp: 288/8563b lim: 4096 exec/s: 125250 rss: 246Mb L: 34/173 MS: 1 EraseBytes-
#6337660	REDUCE cov: 537 ft: 1017 corp: 288/8562b lim: 4096 exec/s: 124267 rss: 246Mb L: 33/173 MS: 1 EraseBytes-
#6339036	REDUCE cov: 537 ft: 1017 corp: 288/8561b lim: 4096 exec/s: 124294 rss: 246Mb L: 25/173 MS: 1 EraseBytes-
#6380333	REDUCE cov: 537 ft: 1017 corp: 288/8560b lim: 4096 exec/s: 122698 rss: 246Mb L: 25/173 MS: 2 CrossOver-EraseBytes-
	NEW_FUNC[1/1]: 0x582c93afae30  (/home/jack/projects/peios/timed/fuzz/target/x86_64-unknown-linux-gnu/release/time_wire+0x13ae30) (BuildId: 7ca9100398e2386a3523e950c0181d0d5ddd72ae)
#6382159	RELOAD cov: 551 ft: 1043 corp: 290/8654b lim: 4096 exec/s: 122733 rss: 246Mb
#6393140	REDUCE cov: 551 ft: 1043 corp: 290/8646b lim: 4096 exec/s: 122945 rss: 246Mb L: 62/173 MS: 1 EraseBytes-
#6439191	REDUCE cov: 551 ft: 1043 corp: 290/8645b lim: 4096 exec/s: 121494 rss: 246Mb L: 10/173 MS: 1 EraseBytes-
#6488573	REDUCE cov: 551 ft: 1043 corp: 290/8637b lim: 4096 exec/s: 122425 rss: 246Mb L: 137/173 MS: 2 ChangeBinInt-EraseBytes-
#6535059	REDUCE cov: 551 ft: 1043 corp: 290/8636b lim: 4096 exec/s: 121019 rss: 246Mb L: 69/173 MS: 1 EraseBytes-
#6582236	REDUCE cov: 551 ft: 1044 corp: 291/8697b lim: 4096 exec/s: 121893 rss: 246Mb L: 61/173 MS: 3 CopyPart-InsertByte-EraseBytes-
#6608777	REDUCE cov: 551 ft: 1044 corp: 291/8696b lim: 4096 exec/s: 122384 rss: 246Mb L: 60/173 MS: 1 EraseBytes-
#6686647	REDUCE cov: 551 ft: 1044 corp: 291/8692b lim: 4096 exec/s: 121575 rss: 253Mb L: 48/173 MS: 1 EraseBytes-
#6805525	RELOAD cov: 553 ft: 1046 corp: 293/8808b lim: 4096 exec/s: 119395 rss: 253Mb
#6841787	REDUCE cov: 553 ft: 1046 corp: 293/8805b lim: 4096 exec/s: 120031 rss: 253Mb L: 58/173 MS: 2 ChangeBit-EraseBytes-
#6885313	REDUCE cov: 553 ft: 1046 corp: 293/8803b lim: 4096 exec/s: 118712 rss: 253Mb L: 58/173 MS: 2 ShuffleBytes-EraseBytes-
#7060328	REDUCE cov: 553 ft: 1046 corp: 293/8798b lim: 4096 exec/s: 115743 rss: 253Mb L: 168/168 MS: 1 EraseBytes-
#7092424	REDUCE cov: 553 ft: 1046 corp: 293/8794b lim: 4096 exec/s: 116269 rss: 253Mb L: 54/168 MS: 1 EraseBytes-
#7096901	REDUCE cov: 553 ft: 1046 corp: 293/8786b lim: 4096 exec/s: 116342 rss: 253Mb L: 47/168 MS: 2 ShuffleBytes-EraseBytes-
	NEW_FUNC[1/4]: 0x582c93b057e0  (/home/jack/projects/peios/timed/fuzz/target/x86_64-unknown-linux-gnu/release/time_wire+0x1457e0) (BuildId: 7ca9100398e2386a3523e950c0181d0d5ddd72ae)
	NEW_FUNC[2/4]: 0x582c93b058e0  (/home/jack/projects/peios/timed/fuzz/target/x86_64-unknown-linux-gnu/release/time_wire+0x1458e0) (BuildId: 7ca9100398e2386a3523e950c0181d0d5ddd72ae)
#7316862	RELOAD cov: 610 ft: 1124 corp: 295/8896b lim: 4096 exec/s: 114325 rss: 253Mb
#7341408	REDUCE cov: 610 ft: 1124 corp: 295/8895b lim: 4096 exec/s: 114709 rss: 253Mb L: 54/168 MS: 1 EraseBytes-
#7525206	REDUCE cov: 610 ft: 1124 corp: 295/8894b lim: 4096 exec/s: 114018 rss: 253Mb L: 54/168 MS: 1 EraseBytes-
#7628179	REDUCE cov: 610 ft: 1124 corp: 295/8893b lim: 4096 exec/s: 113853 rss: 253Mb L: 53/168 MS: 1 EraseBytes-
#7766406	REDUCE cov: 610 ft: 1124 corp: 295/8887b lim: 4096 exec/s: 114211 rss: 253Mb L: 124/168 MS: 3 PersAutoDict-ChangeBit-EraseBytes- DE: "none"-
#7871916	REDUCE cov: 610 ft: 1124 corp: 295/8883b lim: 4096 exec/s: 114085 rss: 253Mb L: 48/168 MS: 3 ChangeBit-EraseBytes-CrossOver-
#7985323	REDUCE cov: 610 ft: 1124 corp: 295/8882b lim: 4096 exec/s: 114076 rss: 253Mb L: 16/168 MS: 1 EraseBytes-
#8141414	REDUCE cov: 610 ft: 1124 corp: 295/8881b lim: 4096 exec/s: 113075 rss: 253Mb L: 47/168 MS: 1 EraseBytes-
#8306556	REDUCE cov: 610 ft: 1124 corp: 295/8879b lim: 4096 exec/s: 112250 rss: 253Mb L: 23/168 MS: 2 ShuffleBytes-EraseBytes-
#8341424	REDUCE cov: 610 ft: 1124 corp: 295/8877b lim: 4096 exec/s: 112721 rss: 253Mb L: 29/168 MS: 1 EraseBytes-
#8388608	pulse  cov: 610 ft: 1124 corp: 295/8877b lim: 4096 exec/s: 111848 rss: 253Mb
#8392110	REDUCE cov: 610 ft: 1124 corp: 295/8875b lim: 4096 exec/s: 111894 rss: 253Mb L: 37/168 MS: 1 EraseBytes-
#8650738	REDUCE cov: 610 ft: 1124 corp: 295/8874b lim: 4096 exec/s: 110906 rss: 253Mb L: 24/168 MS: 1 EraseBytes-
#8888819	REDUCE cov: 610 ft: 1124 corp: 295/8873b lim: 4096 exec/s: 111110 rss: 253Mb L: 47/168 MS: 1 EraseBytes-
#9210238	REDUCE cov: 610 ft: 1124 corp: 295/8872b lim: 4096 exec/s: 109645 rss: 253Mb L: 18/168 MS: 5 ChangeByte-EraseBytes-InsertByte-InsertByte-CopyPart-
#9327087	REDUCE cov: 610 ft: 1124 corp: 295/8871b lim: 4096 exec/s: 109730 rss: 253Mb L: 58/168 MS: 2 ShuffleBytes-EraseBytes-
#9414810	REDUCE cov: 610 ft: 1124 corp: 295/8870b lim: 4096 exec/s: 109474 rss: 253Mb L: 52/168 MS: 1 EraseBytes-
#9436371	REDUCE cov: 610 ft: 1124 corp: 295/8868b lim: 4096 exec/s: 108464 rss: 253Mb L: 35/168 MS: 1 EraseBytes-
#9502291	REDUCE cov: 610 ft: 1124 corp: 295/8867b lim: 4096 exec/s: 109221 rss: 253Mb L: 17/168 MS: 4 ChangeBinInt-EraseBytes-CopyPart-CrossOver-
#9509553	REDUCE cov: 610 ft: 1124 corp: 295/8866b lim: 4096 exec/s: 109305 rss: 253Mb L: 38/168 MS: 2 EraseBytes-CMP- DE: "\000\000\000\000\000\000\000\000"-
#9537135	RELOAD cov: 611 ft: 1125 corp: 296/8921b lim: 4096 exec/s: 108376 rss: 253Mb
#9555223	REDUCE cov: 611 ft: 1125 corp: 296/8912b lim: 4096 exec/s: 108582 rss: 253Mb L: 17/168 MS: 3 ChangeByte-EraseBytes-CrossOver-
#9571074	REDUCE cov: 611 ft: 1125 corp: 296/8908b lim: 4096 exec/s: 108762 rss: 253Mb L: 51/168 MS: 1 EraseBytes-
#9629460	RELOAD cov: 611 ft: 1129 corp: 298/9027b lim: 4096 exec/s: 108196 rss: 253Mb
#9686806	REDUCE cov: 611 ft: 1129 corp: 298/9024b lim: 4096 exec/s: 107631 rss: 253Mb L: 62/168 MS: 1 EraseBytes-
#9695339	REDUCE cov: 611 ft: 1129 corp: 298/9022b lim: 4096 exec/s: 107725 rss: 253Mb L: 60/168 MS: 2 ChangeByte-EraseBytes-
#9710570	REDUCE cov: 611 ft: 1129 corp: 298/9021b lim: 4096 exec/s: 107895 rss: 253Mb L: 100/168 MS: 1 EraseBytes-
#9751422	REDUCE cov: 611 ft: 1129 corp: 298/9017b lim: 4096 exec/s: 107158 rss: 253Mb L: 56/168 MS: 2 ShuffleBytes-EraseBytes-
#9914052	RELOAD cov: 613 ft: 1131 corp: 299/9071b lim: 4096 exec/s: 106602 rss: 253Mb
#9962533	REDUCE cov: 613 ft: 1131 corp: 299/9070b lim: 4096 exec/s: 107124 rss: 253Mb L: 23/168 MS: 1 EraseBytes-
#10193058	REDUCE cov: 613 ft: 1131 corp: 299/9069b lim: 4096 exec/s: 106177 rss: 253Mb L: 44/168 MS: 2 ChangeByte-EraseBytes-
#10334741	RELOAD cov: 615 ft: 1133 corp: 300/9130b lim: 4096 exec/s: 105456 rss: 253Mb
#10388482	REDUCE cov: 615 ft: 1133 corp: 300/9128b lim: 4096 exec/s: 104934 rss: 253Mb L: 26/168 MS: 1 EraseBytes-
#10413783	REDUCE cov: 615 ft: 1133 corp: 300/9127b lim: 4096 exec/s: 105189 rss: 253Mb L: 53/168 MS: 1 EraseBytes-
#10439236	REDUCE cov: 615 ft: 1133 corp: 300/9125b lim: 4096 exec/s: 105446 rss: 253Mb L: 35/168 MS: 3 PersAutoDict-ChangeBit-EraseBytes- DE: "p'=q"-
#10594589	REDUCE cov: 615 ft: 1133 corp: 300/9118b lim: 4096 exec/s: 104896 rss: 253Mb L: 54/168 MS: 1 EraseBytes-
#10965136	REDUCE cov: 615 ft: 1133 corp: 300/9116b lim: 4096 exec/s: 103444 rss: 253Mb L: 52/168 MS: 1 EraseBytes-
#11078309	REDUCE cov: 615 ft: 1133 corp: 300/9114b lim: 4096 exec/s: 103535 rss: 253Mb L: 32/168 MS: 1 EraseBytes-
#11083916	RELOAD cov: 615 ft: 1135 corp: 301/9183b lim: 4096 exec/s: 103588 rss: 253Mb
#11130138	REDUCE cov: 615 ft: 1135 corp: 301/9176b lim: 4096 exec/s: 104019 rss: 253Mb L: 62/168 MS: 2 InsertByte-EraseBytes-
#11210469	REDUCE cov: 615 ft: 1135 corp: 301/9175b lim: 4096 exec/s: 103800 rss: 253Mb L: 39/168 MS: 1 EraseBytes-
#11318993	REDUCE cov: 615 ft: 1135 corp: 301/9173b lim: 4096 exec/s: 103843 rss: 253Mb L: 54/168 MS: 1 EraseBytes-
#11346919	REDUCE cov: 615 ft: 1135 corp: 301/9170b lim: 4096 exec/s: 104100 rss: 253Mb L: 59/168 MS: 1 EraseBytes-
#11407857	RELOAD cov: 618 ft: 1138 corp: 302/9223b lim: 4096 exec/s: 103707 rss: 253Mb
#11422989	REDUCE cov: 618 ft: 1138 corp: 302/9192b lim: 4096 exec/s: 103845 rss: 253Mb L: 39/168 MS: 2 EraseBytes-CrossOver-
#11436546	REDUCE cov: 619 ft: 1139 corp: 303/9248b lim: 4096 exec/s: 103968 rss: 253Mb L: 56/168 MS: 2 PersAutoDict-ChangeByte- DE: "leap"-
#11607007	REDUCE cov: 619 ft: 1139 corp: 303/9247b lim: 4096 exec/s: 103633 rss: 253Mb L: 123/168 MS: 1 EraseBytes-
#11759586	REDUCE cov: 619 ft: 1139 corp: 303/9246b lim: 4096 exec/s: 103154 rss: 253Mb L: 47/168 MS: 1 EraseBytes-
#11820828	REDUCE cov: 619 ft: 1139 corp: 303/9245b lim: 4096 exec/s: 103691 rss: 253Mb L: 55/168 MS: 1 EraseBytes-
#11846239	REDUCE cov: 619 ft: 1139 corp: 303/9244b lim: 4096 exec/s: 103010 rss: 253Mb L: 53/168 MS: 1 EraseBytes-
#12017426	REDUCE cov: 619 ft: 1139 corp: 303/9243b lim: 4096 exec/s: 102713 rss: 253Mb L: 52/168 MS: 1 EraseBytes-
#12043086	REDUCE cov: 619 ft: 1139 corp: 303/9239b lim: 4096 exec/s: 102932 rss: 253Mb L: 13/168 MS: 5 CMP-InsertByte-CopyPart-ShuffleBytes-EraseBytes- DE: "ta"-
#12192970	REDUCE cov: 619 ft: 1139 corp: 303/9238b lim: 4096 exec/s: 101608 rss: 253Mb L: 52/168 MS: 1 EraseBytes-
#12358280	RELOAD cov: 619 ft: 1159 corp: 304/9288b lim: 4096 exec/s: 101297 rss: 253Mb
#12397571	REDUCE cov: 619 ft: 1159 corp: 304/9284b lim: 4096 exec/s: 100793 rss: 253Mb L: 46/168 MS: 1 EraseBytes-
#12845043	RELOAD cov: 619 ft: 1165 corp: 305/9328b lim: 4096 exec/s: 100351 rss: 253Mb
#12857899	REDUCE cov: 619 ft: 1165 corp: 305/9321b lim: 4096 exec/s: 100452 rss: 253Mb L: 37/168 MS: 1 EraseBytes-
#12869550	REDUCE cov: 619 ft: 1165 corp: 305/9318b lim: 4096 exec/s: 100543 rss: 253Mb L: 34/168 MS: 1 EraseBytes-
#12875472	REDUCE cov: 619 ft: 1165 corp: 305/9317b lim: 4096 exec/s: 100589 rss: 253Mb L: 33/168 MS: 2 ShuffleBytes-EraseBytes-
#12882108	REDUCE cov: 619 ft: 1165 corp: 305/9316b lim: 4096 exec/s: 100641 rss: 253Mb L: 32/168 MS: 1 EraseBytes-
#12887414	REDUCE cov: 619 ft: 1165 corp: 305/9314b lim: 4096 exec/s: 99902 rss: 253Mb L: 30/168 MS: 1 EraseBytes-
#12926735	REDUCE cov: 619 ft: 1165 corp: 305/9311b lim: 4096 exec/s: 100207 rss: 253Mb L: 27/168 MS: 1 EraseBytes-
#12929991	REDUCE cov: 619 ft: 1165 corp: 305/9309b lim: 4096 exec/s: 100232 rss: 253Mb L: 37/168 MS: 1 EraseBytes-
#13282324	REDUCE cov: 619 ft: 1165 corp: 305/9308b lim: 4096 exec/s: 99867 rss: 253Mb L: 58/168 MS: 2 EraseBytes-InsertByte-
#13329133	REDUCE cov: 619 ft: 1165 corp: 305/9301b lim: 4096 exec/s: 100219 rss: 253Mb L: 40/168 MS: 1 EraseBytes-
#13899448	REDUCE cov: 619 ft: 1165 corp: 305/9300b lim: 4096 exec/s: 99996 rss: 253Mb L: 39/168 MS: 1 EraseBytes-
#14020670	REDUCE cov: 621 ft: 1167 corp: 306/9454b lim: 4096 exec/s: 100147 rss: 253Mb L: 154/168 MS: 2 InsertRepeatedBytes-CMP- DE: "subscribe"-
#14020837	REDUCE cov: 621 ft: 1167 corp: 306/9399b lim: 4096 exec/s: 100148 rss: 253Mb L: 99/168 MS: 2 ChangeBit-EraseBytes-
#14149404	REDUCE cov: 621 ft: 1167 corp: 306/9374b lim: 4096 exec/s: 100350 rss: 253Mb L: 74/168 MS: 1 EraseBytes-
#14178037	REDUCE cov: 621 ft: 1167 corp: 306/9360b lim: 4096 exec/s: 100553 rss: 253Mb L: 60/168 MS: 1 EraseBytes-
#14516788	REDUCE cov: 621 ft: 1167 corp: 306/9359b lim: 4096 exec/s: 100115 rss: 253Mb L: 22/168 MS: 1 EraseBytes-
#14767484	REDUCE cov: 621 ft: 1167 corp: 306/9358b lim: 4096 exec/s: 99780 rss: 253Mb L: 59/168 MS: 1 EraseBytes-
#14851369	REDUCE cov: 621 ft: 1167 corp: 306/9354b lim: 4096 exec/s: 99673 rss: 253Mb L: 55/168 MS: 1 EraseBytes-
#15555042	REDUCE cov: 621 ft: 1167 corp: 306/9353b lim: 4096 exec/s: 97830 rss: 253Mb L: 24/168 MS: 1 EraseBytes-
#15758329	REDUCE cov: 621 ft: 1167 corp: 306/9352b lim: 4096 exec/s: 97877 rss: 253Mb L: 53/168 MS: 1 EraseBytes-
#15980465	RELOAD cov: 621 ft: 1172 corp: 307/9509b lim: 4096 exec/s: 97441 rss: 253Mb
#16032336	REDUCE cov: 621 ft: 1172 corp: 307/9508b lim: 4096 exec/s: 97165 rss: 253Mb L: 48/168 MS: 1 EraseBytes-
#16082679	REDUCE cov: 621 ft: 1172 corp: 307/9504b lim: 4096 exec/s: 97470 rss: 253Mb L: 51/168 MS: 2 EraseBytes-ChangeBit-
#16088540	REDUCE cov: 621 ft: 1172 corp: 307/9481b lim: 4096 exec/s: 97506 rss: 253Mb L: 134/168 MS: 1 EraseBytes-
#16206681	REDUCE cov: 621 ft: 1172 corp: 307/9480b lim: 4096 exec/s: 97045 rss: 253Mb L: 53/168 MS: 1 EraseBytes-
#16210047	REDUCE cov: 621 ft: 1172 corp: 307/9479b lim: 4096 exec/s: 97066 rss: 253Mb L: 99/168 MS: 1 EraseBytes-
#16314401	REDUCE cov: 621 ft: 1172 corp: 307/9440b lim: 4096 exec/s: 97109 rss: 253Mb L: 95/168 MS: 3 ChangeBinInt-ChangeASCIIInt-EraseBytes-
#16369983	REDUCE cov: 621 ft: 1172 corp: 307/9406b lim: 4096 exec/s: 96863 rss: 253Mb L: 61/168 MS: 1 EraseBytes-
#16426074	REDUCE cov: 621 ft: 1172 corp: 307/9396b lim: 4096 exec/s: 97195 rss: 253Mb L: 51/168 MS: 1 EraseBytes-
#16515286	RELOAD cov: 623 ft: 1174 corp: 308/9449b lim: 4096 exec/s: 97148 rss: 253Mb
#16716933	REDUCE cov: 623 ft: 1174 corp: 308/9447b lim: 4096 exec/s: 96629 rss: 253Mb L: 51/168 MS: 2 ChangeBinInt-EraseBytes-
#16777216	pulse  cov: 623 ft: 1174 corp: 308/9447b lim: 4096 exec/s: 96420 rss: 253Mb
#16813456	REDUCE cov: 623 ft: 1174 corp: 308/9441b lim: 4096 exec/s: 96629 rss: 253Mb L: 45/168 MS: 1 EraseBytes-
#16836848	RELOAD cov: 623 ft: 1177 corp: 309/9553b lim: 4096 exec/s: 96763 rss: 253Mb
#17084147	RELOAD cov: 624 ft: 1178 corp: 310/9591b lim: 4096 exec/s: 96520 rss: 253Mb
#17174163	REDUCE cov: 624 ft: 1178 corp: 310/9586b lim: 4096 exec/s: 96484 rss: 253Mb L: 107/168 MS: 1 EraseBytes-
#17499024	REDUCE cov: 624 ft: 1178 corp: 310/9584b lim: 4096 exec/s: 96148 rss: 253Mb L: 166/166 MS: 1 EraseBytes-
#17610960	REDUCE cov: 624 ft: 1178 corp: 310/9580b lim: 4096 exec/s: 96234 rss: 253Mb L: 41/166 MS: 1 EraseBytes-
#17635061	REDUCE cov: 624 ft: 1178 corp: 310/9579b lim: 4096 exec/s: 96366 rss: 253Mb L: 40/166 MS: 1 EraseBytes-
#17641897	REDUCE cov: 624 ft: 1178 corp: 310/9574b lim: 4096 exec/s: 96403 rss: 253Mb L: 102/166 MS: 1 EraseBytes-
#17762820	REDUCE cov: 624 ft: 1178 corp: 310/9573b lim: 4096 exec/s: 96537 rss: 253Mb L: 52/166 MS: 1 EraseBytes-
#17779111	REDUCE cov: 624 ft: 1178 corp: 310/9572b lim: 4096 exec/s: 96103 rss: 253Mb L: 37/166 MS: 1 EraseBytes-
#18364334	REDUCE cov: 624 ft: 1178 corp: 310/9564b lim: 4096 exec/s: 95647 rss: 253Mb L: 32/166 MS: 1 EraseBytes-
#18373835	REDUCE cov: 624 ft: 1178 corp: 310/9557b lim: 4096 exec/s: 95697 rss: 253Mb L: 25/166 MS: 1 EraseBytes-
#18459704	REDUCE cov: 624 ft: 1178 corp: 310/9555b lim: 4096 exec/s: 95646 rss: 253Mb L: 164/164 MS: 1 EraseBytes-
#18482908	REDUCE cov: 624 ft: 1178 corp: 310/9554b lim: 4096 exec/s: 95766 rss: 253Mb L: 46/164 MS: 4 CrossOver-ChangeByte-PersAutoDict-EraseBytes- DE: "\333\377\377\377"-
#18705092	REDUCE cov: 624 ft: 1178 corp: 310/9553b lim: 4096 exec/s: 95923 rss: 253Mb L: 32/164 MS: 1 EraseBytes-
#18843871	REDUCE cov: 624 ft: 1178 corp: 310/9547b lim: 4096 exec/s: 95654 rss: 253Mb L: 131/164 MS: 1 EraseBytes-
#19112734	REDUCE cov: 624 ft: 1179 corp: 311/9578b lim: 4096 exec/s: 95088 rss: 253Mb L: 31/164 MS: 1 CopyPart-
#19129176	REDUCE cov: 624 ft: 1179 corp: 311/9573b lim: 4096 exec/s: 95170 rss: 253Mb L: 26/164 MS: 2 CMP-EraseBytes- DE: "\376\377\377\223"-
#19237809	REDUCE cov: 624 ft: 1179 corp: 311/9570b lim: 4096 exec/s: 95236 rss: 253Mb L: 96/164 MS: 1 EraseBytes-
#19421531	REDUCE cov: 624 ft: 1179 corp: 311/9564b lim: 4096 exec/s: 95203 rss: 253Mb L: 125/164 MS: 1 EraseBytes-
#19442172	REDUCE cov: 624 ft: 1179 corp: 311/9561b lim: 4096 exec/s: 94839 rss: 253Mb L: 122/164 MS: 1 EraseBytes-
#19821776	REDUCE cov: 624 ft: 1179 corp: 311/9560b lim: 4096 exec/s: 94841 rss: 253Mb L: 54/164 MS: 2 ChangeBit-EraseBytes-
#19823677	REDUCE cov: 624 ft: 1179 corp: 311/9555b lim: 4096 exec/s: 94850 rss: 253Mb L: 97/164 MS: 1 EraseBytes-
#19981934	REDUCE cov: 624 ft: 1179 corp: 311/9551b lim: 4096 exec/s: 94701 rss: 253Mb L: 93/164 MS: 1 EraseBytes-
#20031515	REDUCE cov: 624 ft: 1179 corp: 311/9550b lim: 4096 exec/s: 94488 rss: 253Mb L: 2/164 MS: 4 EraseBytes-CrossOver-ShuffleBytes-ChangeBit-
#20078363	REDUCE cov: 624 ft: 1179 corp: 311/9549b lim: 4096 exec/s: 94709 rss: 253Mb L: 16/164 MS: 3 ShuffleBytes-ChangeBinInt-EraseBytes-
#20094909	REDUCE cov: 624 ft: 1179 corp: 311/9548b lim: 4096 exec/s: 94787 rss: 253Mb L: 121/164 MS: 1 EraseBytes-
#20391126	REDUCE cov: 624 ft: 1179 corp: 311/9541b lim: 4096 exec/s: 94403 rss: 253Mb L: 32/164 MS: 1 EraseBytes-
#20464713	RELOAD cov: 624 ft: 1180 corp: 312/9693b lim: 4096 exec/s: 94307 rss: 253Mb
#20477356	REDUCE cov: 624 ft: 1180 corp: 312/9692b lim: 4096 exec/s: 93932 rss: 253Mb L: 15/164 MS: 3 InsertByte-CrossOver-EraseBytes-
#20731334	REDUCE cov: 624 ft: 1180 corp: 312/9691b lim: 4096 exec/s: 93806 rss: 253Mb L: 58/164 MS: 1 EraseBytes-
#20836058	REDUCE cov: 624 ft: 1180 corp: 312/9683b lim: 4096 exec/s: 93856 rss: 253Mb L: 144/164 MS: 1 EraseBytes-
#20854984	REDUCE cov: 624 ft: 1180 corp: 312/9681b lim: 4096 exec/s: 93520 rss: 253Mb L: 13/164 MS: 1 EraseBytes-
#22234134	REDUCE cov: 624 ft: 1180 corp: 312/9679b lim: 4096 exec/s: 92642 rss: 253Mb L: 49/164 MS: 2 ShuffleBytes-EraseBytes-
#22484028	RELOAD cov: 624 ft: 1182 corp: 313/9803b lim: 4096 exec/s: 92526 rss: 253Mb
#22688125	REDUCE cov: 624 ft: 1182 corp: 313/9802b lim: 4096 exec/s: 92228 rss: 253Mb L: 25/164 MS: 1 EraseBytes-
#22762928	REDUCE cov: 624 ft: 1182 corp: 313/9794b lim: 4096 exec/s: 92157 rss: 253Mb L: 116/164 MS: 2 ChangeByte-EraseBytes-
#22907939	REDUCE cov: 624 ft: 1182 corp: 313/9793b lim: 4096 exec/s: 92370 rss: 253Mb L: 115/164 MS: 1 EraseBytes-
#23483360	RELOAD cov: 624 ft: 1183 corp: 314/10005b lim: 4096 exec/s: 92454 rss: 255Mb
#23871793	REDUCE cov: 624 ft: 1183 corp: 314/10003b lim: 4096 exec/s: 92886 rss: 255Mb L: 50/212 MS: 3 ChangeBit-ChangeByte-EraseBytes-
#24379451	REDUCE cov: 624 ft: 1183 corp: 314/10002b lim: 4096 exec/s: 92697 rss: 255Mb L: 32/212 MS: 2 CrossOver-EraseBytes-
#24568486	REDUCE cov: 624 ft: 1183 corp: 314/10001b lim: 4096 exec/s: 92711 rss: 255Mb L: 12/212 MS: 1 EraseBytes-
#25117963	REDUCE cov: 624 ft: 1183 corp: 314/9976b lim: 4096 exec/s: 92686 rss: 255Mb L: 27/212 MS: 4 PersAutoDict-PersAutoDict-ChangeBinInt-EraseBytes- DE: "name"-"p'=q"-
#25155201	RELOAD cov: 624 ft: 1190 corp: 315/10004b lim: 4096 exec/s: 92482 rss: 255Mb
#25409322	REDUCE cov: 624 ft: 1190 corp: 315/9991b lim: 4096 exec/s: 91730 rss: 255Mb L: 102/212 MS: 1 EraseBytes-
#25417253	REDUCE cov: 624 ft: 1190 corp: 315/9990b lim: 4096 exec/s: 91759 rss: 255Mb L: 163/212 MS: 1 EraseBytes-
#25553864	REDUCE cov: 624 ft: 1190 corp: 315/9982b lim: 4096 exec/s: 91263 rss: 255Mb L: 27/212 MS: 1 EraseBytes-
#25722374	REDUCE cov: 624 ft: 1192 corp: 316/10064b lim: 4096 exec/s: 91214 rss: 255Mb L: 82/212 MS: 5 ChangeBit-EraseBytes-CrossOver-InsertRepeatedBytes-CrossOver-
#25851356	REDUCE cov: 624 ft: 1192 corp: 316/10063b lim: 4096 exec/s: 91025 rss: 255Mb L: 101/212 MS: 1 EraseBytes-
#25923424	REDUCE cov: 624 ft: 1192 corp: 316/10058b lim: 4096 exec/s: 90959 rss: 255Mb L: 77/212 MS: 1 EraseBytes-
#26042151	REDUCE cov: 624 ft: 1192 corp: 316/10052b lim: 4096 exec/s: 91056 rss: 255Mb L: 49/212 MS: 2 EraseBytes-InsertByte-
#26384729	NEW    cov: 625 ft: 1193 corp: 317/10128b lim: 4096 exec/s: 90981 rss: 256Mb L: 76/212 MS: 5 CrossOver-PersAutoDict-CMP-ChangeByte-CMP- DE: "stepped"-"\373\377\377\377"-"nts"-
#26386790	REDUCE cov: 625 ft: 1193 corp: 317/10125b lim: 4096 exec/s: 90988 rss: 256Mb L: 73/212 MS: 1 EraseBytes-
#26387866	REDUCE cov: 625 ft: 1193 corp: 317/10119b lim: 4096 exec/s: 90992 rss: 256Mb L: 157/212 MS: 1 EraseBytes-
#26403504	REDUCE cov: 625 ft: 1193 corp: 317/10116b lim: 4096 exec/s: 90733 rss: 256Mb L: 70/212 MS: 3 ChangeByte-ShuffleBytes-EraseBytes-
#26406772	REDUCE cov: 625 ft: 1193 corp: 317/10101b lim: 4096 exec/s: 90744 rss: 256Mb L: 55/212 MS: 1 EraseBytes-
#26428164	REDUCE cov: 625 ft: 1193 corp: 317/10098b lim: 4096 exec/s: 90818 rss: 256Mb L: 52/212 MS: 2 ChangeByte-EraseBytes-
#26430056	REDUCE cov: 625 ft: 1193 corp: 317/10091b lim: 4096 exec/s: 90824 rss: 256Mb L: 45/212 MS: 2 ChangeByte-EraseBytes-
#26491702	REDUCE cov: 625 ft: 1193 corp: 317/10080b lim: 4096 exec/s: 91036 rss: 256Mb L: 66/212 MS: 1 EraseBytes-
#26496797	REDUCE cov: 626 ft: 1194 corp: 318/10198b lim: 4096 exec/s: 91054 rss: 256Mb L: 118/212 MS: 5 CMP-CrossOver-InsertByte-CopyPart-CMP- DE: "\001\000\000\000\000\000\000\001"-"spike"-
#26504892	REDUCE cov: 626 ft: 1194 corp: 318/10187b lim: 4096 exec/s: 90770 rss: 256Mb L: 107/212 MS: 2 CMP-EraseBytes- DE: "J["-
#26518809	REDUCE cov: 626 ft: 1194 corp: 318/10170b lim: 4096 exec/s: 90817 rss: 256Mb L: 90/212 MS: 2 ChangeBinInt-EraseBytes-
#26593575	REDUCE cov: 626 ft: 1194 corp: 318/10161b lim: 4096 exec/s: 90763 rss: 256Mb L: 36/212 MS: 1 EraseBytes-
#26597335	REDUCE cov: 626 ft: 1194 corp: 318/10158b lim: 4096 exec/s: 90775 rss: 256Mb L: 87/212 MS: 5 ChangeBinInt-CopyPart-InsertByte-ChangeBinInt-CrossOver-
#26601915	REDUCE cov: 626 ft: 1194 corp: 318/10148b lim: 4096 exec/s: 90791 rss: 256Mb L: 77/212 MS: 5 CrossOver-ChangeBinInt-InsertByte-ShuffleBytes-EraseBytes-
#26635986	REDUCE cov: 626 ft: 1194 corp: 318/10116b lim: 4096 exec/s: 90907 rss: 256Mb L: 45/212 MS: 1 EraseBytes-
#26657378	REDUCE cov: 626 ft: 1194 corp: 318/10109b lim: 4096 exec/s: 90980 rss: 256Mb L: 38/212 MS: 2 ChangeBit-EraseBytes-
#26700382	REDUCE cov: 626 ft: 1194 corp: 318/10104b lim: 4096 exec/s: 90817 rss: 256Mb L: 31/212 MS: 1 EraseBytes-
#26702834	REDUCE cov: 626 ft: 1194 corp: 318/10099b lim: 4096 exec/s: 90825 rss: 256Mb L: 46/212 MS: 2 CopyPart-EraseBytes-
#26794851	REDUCE cov: 626 ft: 1194 corp: 318/10090b lim: 4096 exec/s: 90830 rss: 256Mb L: 29/212 MS: 5 ChangeBit-ShuffleBytes-ChangeByte-CopyPart-EraseBytes-
#27109776	REDUCE cov: 626 ft: 1194 corp: 318/10089b lim: 4096 exec/s: 90972 rss: 256Mb L: 28/212 MS: 2 ShuffleBytes-EraseBytes-
#27220574	REDUCE cov: 626 ft: 1194 corp: 318/10083b lim: 4096 exec/s: 91038 rss: 256Mb L: 22/212 MS: 1 EraseBytes-
#27306586	REDUCE cov: 626 ft: 1194 corp: 318/10080b lim: 4096 exec/s: 91021 rss: 256Mb L: 19/212 MS: 1 EraseBytes-
#27684563	NEW    cov: 626 ft: 1200 corp: 319/10130b lim: 4096 exec/s: 90769 rss: 257Mb L: 50/212 MS: 1 CopyPart-
#27690679	REDUCE cov: 626 ft: 1200 corp: 319/10122b lim: 4096 exec/s: 90789 rss: 257Mb L: 42/212 MS: 1 EraseBytes-
#27756091	REDUCE cov: 626 ft: 1200 corp: 319/10117b lim: 4096 exec/s: 90706 rss: 258Mb L: 37/212 MS: 2 InsertByte-EraseBytes-
#27827734	REDUCE cov: 626 ft: 1200 corp: 319/10114b lim: 4096 exec/s: 90940 rss: 258Mb L: 34/212 MS: 2 ChangeBinInt-EraseBytes-
#27839235	REDUCE cov: 626 ft: 1200 corp: 319/10110b lim: 4096 exec/s: 90681 rss: 258Mb L: 117/212 MS: 1 EraseBytes-
#28008594	REDUCE cov: 626 ft: 1200 corp: 319/10106b lim: 4096 exec/s: 90642 rss: 258Mb L: 30/212 MS: 1 EraseBytes-
#28241985	REDUCE cov: 626 ft: 1200 corp: 319/10105b lim: 4096 exec/s: 90810 rss: 258Mb L: 24/212 MS: 1 EraseBytes-
#28387288	REDUCE cov: 626 ft: 1201 corp: 320/10198b lim: 4096 exec/s: 90694 rss: 258Mb L: 93/212 MS: 2 ChangeBinInt-CrossOver-
#28580677	REDUCE cov: 626 ft: 1201 corp: 320/10195b lim: 4096 exec/s: 90732 rss: 258Mb L: 44/212 MS: 1 EraseBytes-
#28713849	REDUCE cov: 626 ft: 1201 corp: 320/10188b lim: 4096 exec/s: 90579 rss: 258Mb L: 41/212 MS: 1 EraseBytes-
#28777280	RELOAD cov: 626 ft: 1208 corp: 321/10224b lim: 4096 exec/s: 90494 rss: 258Mb
#28837801	REDUCE cov: 626 ft: 1208 corp: 321/10220b lim: 4096 exec/s: 90400 rss: 258Mb L: 61/212 MS: 1 EraseBytes-
#28945622	REDUCE cov: 626 ft: 1208 corp: 321/10219b lim: 4096 exec/s: 90455 rss: 258Mb L: 30/212 MS: 1 EraseBytes-
#29062423	REDUCE cov: 626 ft: 1208 corp: 321/10216b lim: 4096 exec/s: 90537 rss: 258Mb L: 16/212 MS: 1 EraseBytes-
#30088273	REDUCE cov: 626 ft: 1208 corp: 321/10215b lim: 4096 exec/s: 90627 rss: 258Mb L: 92/212 MS: 1 EraseBytes-
#30166772	REDUCE cov: 626 ft: 1208 corp: 321/10213b lim: 4096 exec/s: 90590 rss: 258Mb L: 50/212 MS: 2 EraseBytes-CrossOver-
#30203813	REDUCE cov: 626 ft: 1208 corp: 321/10212b lim: 4096 exec/s: 90702 rss: 258Mb L: 24/212 MS: 1 EraseBytes-
#30287054	REDUCE cov: 626 ft: 1208 corp: 321/10200b lim: 4096 exec/s: 90679 rss: 258Mb L: 80/212 MS: 1 EraseBytes-
#31949519	REDUCE cov: 626 ft: 1208 corp: 321/10198b lim: 4096 exec/s: 90765 rss: 258Mb L: 25/212 MS: 2 ChangeBit-EraseBytes-
#32010125	REDUCE cov: 626 ft: 1208 corp: 321/10192b lim: 4096 exec/s: 90937 rss: 258Mb L: 151/212 MS: 1 EraseBytes-
#32264167	REDUCE cov: 626 ft: 1208 corp: 321/10191b lim: 4096 exec/s: 90884 rss: 258Mb L: 43/212 MS: 1 EraseBytes-
#32308424	REDUCE cov: 626 ft: 1208 corp: 321/10175b lim: 4096 exec/s: 91009 rss: 258Mb L: 31/212 MS: 2 EraseBytes-ChangeBinInt-
#32458700	REDUCE cov: 626 ft: 1208 corp: 321/10174b lim: 4096 exec/s: 90920 rss: 259Mb L: 48/212 MS: 1 EraseBytes-
#32519066	REDUCE cov: 626 ft: 1208 corp: 321/10170b lim: 4096 exec/s: 91089 rss: 259Mb L: 39/212 MS: 1 EraseBytes-
#33554432	pulse  cov: 626 ft: 1208 corp: 321/10170b lim: 4096 exec/s: 90933 rss: 259Mb
#33758144	REDUCE cov: 626 ft: 1208 corp: 321/10163b lim: 4096 exec/s: 90992 rss: 259Mb L: 137/212 MS: 1 EraseBytes-
#33913319	REDUCE cov: 626 ft: 1208 corp: 321/10162b lim: 4096 exec/s: 90920 rss: 259Mb L: 211/211 MS: 1 EraseBytes-
#34685341	REDUCE cov: 627 ft: 1209 corp: 322/10356b lim: 4096 exec/s: 91037 rss: 270Mb L: 194/211 MS: 3 InsertRepeatedBytes-InsertRepeatedBytes-CMP- DE: "falseticker"-
#34694794	REDUCE cov: 627 ft: 1209 corp: 322/10299b lim: 4096 exec/s: 91062 rss: 270Mb L: 137/211 MS: 3 CrossOver-ShuffleBytes-EraseBytes-
#34706823	REDUCE cov: 627 ft: 1209 corp: 322/10233b lim: 4096 exec/s: 91094 rss: 270Mb L: 71/211 MS: 4 InsertByte-ChangeBinInt-CMP-EraseBytes- DE: "\000\000\000\000\000\000\323="-
#34763924	REDUCE cov: 627 ft: 1209 corp: 322/10218b lim: 4096 exec/s: 91005 rss: 270Mb L: 56/211 MS: 1 EraseBytes-
#34997002	REDUCE cov: 627 ft: 1209 corp: 322/10213b lim: 4096 exec/s: 91138 rss: 270Mb L: 75/211 MS: 1 EraseBytes-
#35019823	REDUCE cov: 627 ft: 1209 corp: 322/10208b lim: 4096 exec/s: 90960 rss: 270Mb L: 132/211 MS: 1 EraseBytes-
#35052911	REDUCE cov: 627 ft: 1209 corp: 322/10196b lim: 4096 exec/s: 91046 rss: 270Mb L: 44/211 MS: 1 EraseBytes-
#35117047	REDUCE cov: 627 ft: 1209 corp: 322/10195b lim: 4096 exec/s: 90976 rss: 270Mb L: 131/211 MS: 1 EraseBytes-
#35232519	REDUCE cov: 627 ft: 1209 corp: 322/10194b lim: 4096 exec/s: 91040 rss: 270Mb L: 210/210 MS: 1 EraseBytes-
#35485186	REDUCE cov: 627 ft: 1209 corp: 322/10193b lim: 4096 exec/s: 90987 rss: 270Mb L: 116/210 MS: 1 EraseBytes-
#35499547	REDUCE cov: 627 ft: 1209 corp: 322/10188b lim: 4096 exec/s: 91024 rss: 270Mb L: 39/210 MS: 1 EraseBytes-
#35794748	REDUCE cov: 627 ft: 1209 corp: 322/10187b lim: 4096 exec/s: 90849 rss: 270Mb L: 32/210 MS: 1 EraseBytes-
#36189587	REDUCE cov: 627 ft: 1209 corp: 322/10186b lim: 4096 exec/s: 90700 rss: 270Mb L: 60/210 MS: 3 ChangeBinInt-ShuffleBytes-EraseBytes-
#36291858	REDUCE cov: 627 ft: 1209 corp: 322/10185b lim: 4096 exec/s: 90729 rss: 270Mb L: 59/210 MS: 1 EraseBytes-
#36450721	REDUCE cov: 627 ft: 1209 corp: 322/10184b lim: 4096 exec/s: 90673 rss: 270Mb L: 58/210 MS: 1 EraseBytes-
#36539755	REDUCE cov: 627 ft: 1209 corp: 322/10183b lim: 4096 exec/s: 90894 rss: 270Mb L: 57/210 MS: 2 ShuffleBytes-EraseBytes-
#36549573	REDUCE cov: 627 ft: 1211 corp: 323/10328b lim: 4096 exec/s: 90693 rss: 270Mb L: 145/210 MS: 3 ShuffleBytes-CrossOver-CopyPart-
#36563527	REDUCE cov: 627 ft: 1211 corp: 323/10292b lim: 4096 exec/s: 90728 rss: 270Mb L: 109/210 MS: 4 InsertRepeatedBytes-ShuffleBytes-ChangeBit-EraseBytes-
#36867054	REDUCE cov: 627 ft: 1211 corp: 323/10288b lim: 4096 exec/s: 90805 rss: 270Mb L: 147/210 MS: 1 EraseBytes-
#37114658	REDUCE cov: 627 ft: 1211 corp: 323/10287b lim: 4096 exec/s: 90967 rss: 270Mb L: 29/210 MS: 2 CrossOver-EraseBytes-
#37185301	REDUCE cov: 627 ft: 1211 corp: 323/10286b lim: 4096 exec/s: 90917 rss: 270Mb L: 74/210 MS: 2 ChangeByte-EraseBytes-
==25299== libFuzzer: run interrupted; exiting
raseBytes-
#720602	REDUCE cov: 407 ft: 2708 corp: 576/205Kb lim: 3326 exec/s: 13857 rss: 609Mb L: 979/3028 MS: 1 EraseBytes-
#721946	REDUCE cov: 407 ft: 2708 corp: 576/205Kb lim: 3337 exec/s: 13883 rss: 609Mb L: 34/3028 MS: 4 InsertByte-ChangeBit-CopyPart-EraseBytes-
#722027	REDUCE cov: 407 ft: 2708 corp: 576/205Kb lim: 3337 exec/s: 13885 rss: 609Mb L: 209/3028 MS: 1 EraseBytes-
#722069	REDUCE cov: 407 ft: 2708 corp: 576/205Kb lim: 3337 exec/s: 13885 rss: 609Mb L: 1857/3028 MS: 2 ShuffleBytes-EraseBytes-
#722070	REDUCE cov: 407 ft: 2708 corp: 576/205Kb lim: 3337 exec/s: 13885 rss: 609Mb L: 1827/3028 MS: 1 EraseBytes-
#724692	REDUCE cov: 407 ft: 2708 corp: 576/205Kb lim: 3359 exec/s: 13936 rss: 609Mb L: 1777/3028 MS: 5 ChangeBit-CrossOver-ChangeBinInt-ShuffleBytes-EraseBytes-
#725547	REDUCE cov: 407 ft: 2708 corp: 576/205Kb lim: 3359 exec/s: 13952 rss: 609Mb L: 573/3028 MS: 5 InsertRepeatedBytes-EraseBytes-ChangeBinInt-PersAutoDict-CrossOver- DE: "\000\000\000\000\000\000\000\015"-
#725973	REDUCE cov: 407 ft: 2708 corp: 576/205Kb lim: 3359 exec/s: 13961 rss: 609Mb L: 468/3028 MS: 1 EraseBytes-
#726774	REDUCE cov: 407 ft: 2708 corp: 576/205Kb lim: 3359 exec/s: 13712 rss: 609Mb L: 1200/3028 MS: 1 EraseBytes-
#727261	REDUCE cov: 407 ft: 2708 corp: 576/205Kb lim: 3359 exec/s: 13721 rss: 609Mb L: 101/3028 MS: 2 InsertByte-EraseBytes-
#727758	REDUCE cov: 407 ft: 2708 corp: 576/205Kb lim: 3359 exec/s: 13731 rss: 609Mb L: 341/3028 MS: 2 EraseBytes-InsertByte-
#728604	REDUCE cov: 407 ft: 2708 corp: 576/204Kb lim: 3359 exec/s: 13747 rss: 609Mb L: 1478/3028 MS: 1 EraseBytes-
#728623	REDUCE cov: 407 ft: 2708 corp: 576/204Kb lim: 3359 exec/s: 13747 rss: 609Mb L: 910/3028 MS: 4 InsertByte-ChangeBit-ChangeBit-EraseBytes-
#728871	REDUCE cov: 407 ft: 2708 corp: 576/204Kb lim: 3359 exec/s: 13752 rss: 609Mb L: 167/3028 MS: 3 ChangeByte-EraseBytes-CopyPart-
#729982	REDUCE cov: 407 ft: 2708 corp: 576/204Kb lim: 3370 exec/s: 13773 rss: 609Mb L: 857/3028 MS: 1 EraseBytes-
#733209	REDUCE cov: 407 ft: 2708 corp: 576/204Kb lim: 3392 exec/s: 13577 rss: 609Mb L: 2005/3028 MS: 2 InsertRepeatedBytes-EraseBytes-
#734037	REDUCE cov: 407 ft: 2708 corp: 576/204Kb lim: 3392 exec/s: 13593 rss: 609Mb L: 899/3028 MS: 3 CopyPart-ChangeBinInt-EraseBytes-
#735320	RELOAD cov: 407 ft: 2711 corp: 577/204Kb lim: 3403 exec/s: 13617 rss: 609Mb
#736381	REDUCE cov: 407 ft: 2711 corp: 577/204Kb lim: 3414 exec/s: 13636 rss: 609Mb L: 31/3028 MS: 1 EraseBytes-
#737322	REDUCE cov: 407 ft: 2711 corp: 577/204Kb lim: 3414 exec/s: 13405 rss: 609Mb L: 1183/3028 MS: 1 EraseBytes-
#738453	REDUCE cov: 407 ft: 2711 corp: 577/204Kb lim: 3425 exec/s: 13426 rss: 609Mb L: 1860/3028 MS: 1 EraseBytes-
#740590	REDUCE cov: 407 ft: 2711 corp: 577/204Kb lim: 3436 exec/s: 13465 rss: 609Mb L: 1024/3028 MS: 2 ChangeBit-EraseBytes-
#741031	REDUCE cov: 407 ft: 2711 corp: 577/204Kb lim: 3436 exec/s: 13473 rss: 609Mb L: 173/3028 MS: 1 EraseBytes-
#743497	REDUCE cov: 407 ft: 2711 corp: 577/204Kb lim: 3458 exec/s: 13276 rss: 609Mb L: 102/3028 MS: 1 EraseBytes-
#743948	REDUCE cov: 407 ft: 2711 corp: 577/204Kb lim: 3458 exec/s: 13284 rss: 609Mb L: 2067/3028 MS: 1 EraseBytes-
#744600	REDUCE cov: 407 ft: 2711 corp: 577/204Kb lim: 3458 exec/s: 13296 rss: 609Mb L: 1196/3028 MS: 2 CopyPart-EraseBytes-
#745977	REDUCE cov: 407 ft: 2711 corp: 577/204Kb lim: 3469 exec/s: 13321 rss: 609Mb L: 102/3028 MS: 2 CrossOver-EraseBytes-
#748184	REDUCE cov: 407 ft: 2711 corp: 577/204Kb lim: 3480 exec/s: 13360 rss: 609Mb L: 213/3028 MS: 2 ChangeByte-EraseBytes-
#748843	RELOAD cov: 407 ft: 2712 corp: 578/207Kb lim: 3480 exec/s: 13372 rss: 609Mb
#749429	REDUCE cov: 407 ft: 2712 corp: 578/207Kb lim: 3491 exec/s: 13382 rss: 609Mb L: 214/3028 MS: 1 EraseBytes-
#750141	REDUCE cov: 407 ft: 2713 corp: 579/210Kb lim: 3491 exec/s: 13395 rss: 609Mb L: 3419/3419 MS: 2 CrossOver-ChangeByte-
#752432	REDUCE cov: 407 ft: 2713 corp: 579/210Kb lim: 3513 exec/s: 13200 rss: 609Mb L: 1296/3419 MS: 1 EraseBytes-
#753603	REDUCE cov: 407 ft: 2713 corp: 579/210Kb lim: 3524 exec/s: 13221 rss: 609Mb L: 1123/3419 MS: 1 EraseBytes-
#754566	REDUCE cov: 407 ft: 2713 corp: 579/210Kb lim: 3524 exec/s: 13238 rss: 609Mb L: 3184/3184 MS: 3 InsertByte-ChangeBit-EraseBytes-
#755177	REDUCE cov: 407 ft: 2713 corp: 579/210Kb lim: 3524 exec/s: 13248 rss: 609Mb L: 1829/3184 MS: 1 EraseBytes-
#755389	REDUCE cov: 407 ft: 2713 corp: 579/210Kb lim: 3524 exec/s: 13252 rss: 609Mb L: 879/3184 MS: 2 EraseBytes-CopyPart-
#758720	REDUCE cov: 407 ft: 2713 corp: 579/210Kb lim: 3557 exec/s: 13081 rss: 609Mb L: 259/3184 MS: 1 EraseBytes-
#759231	REDUCE cov: 407 ft: 2713 corp: 579/208Kb lim: 3557 exec/s: 13090 rss: 609Mb L: 1927/3028 MS: 1 EraseBytes-
#761990	REDUCE cov: 407 ft: 2713 corp: 579/208Kb lim: 3579 exec/s: 13137 rss: 609Mb L: 564/3028 MS: 1 EraseBytes-
#762143	REDUCE cov: 407 ft: 2713 corp: 579/208Kb lim: 3579 exec/s: 13140 rss: 609Mb L: 1306/3028 MS: 3 CopyPart-ShuffleBytes-EraseBytes-
#762745	REDUCE cov: 407 ft: 2713 corp: 579/208Kb lim: 3579 exec/s: 12927 rss: 609Mb L: 229/3028 MS: 2 PersAutoDict-EraseBytes- DE: "\001\000"-
#763782	REDUCE cov: 407 ft: 2713 corp: 579/208Kb lim: 3579 exec/s: 12945 rss: 609Mb L: 470/3028 MS: 2 ChangeBit-EraseBytes-
#765469	REDUCE cov: 407 ft: 2713 corp: 579/208Kb lim: 3590 exec/s: 12974 rss: 609Mb L: 2902/3028 MS: 2 ChangeASCIIInt-EraseBytes-
#765542	REDUCE cov: 407 ft: 2713 corp: 579/208Kb lim: 3590 exec/s: 12975 rss: 609Mb L: 166/3028 MS: 3 PersAutoDict-ChangeASCIIInt-EraseBytes- DE: "\377\377\377\377"-
#768091	REDUCE cov: 407 ft: 2713 corp: 579/208Kb lim: 3612 exec/s: 12801 rss: 609Mb L: 1356/3028 MS: 3 ChangeByte-EraseBytes-PersAutoDict- DE: "\377\377\377\377\377\377\377\002"-
#768432	REDUCE cov: 407 ft: 2713 corp: 579/208Kb lim: 3612 exec/s: 12807 rss: 609Mb L: 713/3028 MS: 1 EraseBytes-
#768911	REDUCE cov: 407 ft: 2716 corp: 580/211Kb lim: 3612 exec/s: 12815 rss: 609Mb L: 3028/3028 MS: 4 ChangeBinInt-CMP-PersAutoDict-CopyPart- DE: "\024\000\000\000\000\000\000\000"-"\377\377"-
#770496	REDUCE cov: 407 ft: 2716 corp: 580/211Kb lim: 3623 exec/s: 12841 rss: 609Mb L: 251/3028 MS: 5 ChangeASCIIInt-InsertByte-ChangeBit-ShuffleBytes-EraseBytes-
#771650	REDUCE cov: 407 ft: 2716 corp: 580/211Kb lim: 3634 exec/s: 12860 rss: 609Mb L: 33/3028 MS: 4 EraseBytes-ChangeBit-ShuffleBytes-ShuffleBytes-
#772386	REDUCE cov: 407 ft: 2716 corp: 580/211Kb lim: 3634 exec/s: 12662 rss: 609Mb L: 2224/3028 MS: 1 EraseBytes-
#772867	REDUCE cov: 407 ft: 2716 corp: 580/211Kb lim: 3634 exec/s: 12669 rss: 609Mb L: 2073/3028 MS: 1 EraseBytes-
#774901	REDUCE cov: 407 ft: 2716 corp: 580/211Kb lim: 3645 exec/s: 12703 rss: 609Mb L: 561/3028 MS: 4 EraseBytes-ChangeBinInt-ShuffleBytes-CopyPart-
#776601	REDUCE cov: 407 ft: 2716 corp: 580/211Kb lim: 3656 exec/s: 12731 rss: 609Mb L: 2957/3028 MS: 2 ChangeASCIIInt-EraseBytes-
#777497	REDUCE cov: 407 ft: 2716 corp: 580/211Kb lim: 3656 exec/s: 12540 rss: 609Mb L: 856/3028 MS: 1 EraseBytes-
#778123	REDUCE cov: 407 ft: 2716 corp: 580/211Kb lim: 3656 exec/s: 12550 rss: 609Mb L: 676/3028 MS: 1 EraseBytes-
#779572	REDUCE cov: 407 ft: 2716 corp: 580/211Kb lim: 3667 exec/s: 12573 rss: 609Mb L: 658/3028 MS: 4 ShuffleBytes-ShuffleBytes-InsertByte-EraseBytes-
#779594	REDUCE cov: 407 ft: 2716 corp: 580/210Kb lim: 3667 exec/s: 12574 rss: 609Mb L: 664/3028 MS: 2 ShuffleBytes-EraseBytes-
#779860	REDUCE cov: 407 ft: 2716 corp: 580/210Kb lim: 3667 exec/s: 12578 rss: 609Mb L: 952/3028 MS: 1 EraseBytes-
#779866	REDUCE cov: 407 ft: 2716 corp: 580/210Kb lim: 3667 exec/s: 12578 rss: 609Mb L: 1962/3028 MS: 1 EraseBytes-
#782120	REDUCE cov: 407 ft: 2716 corp: 580/210Kb lim: 3689 exec/s: 12414 rss: 609Mb L: 148/3028 MS: 3 ChangeByte-ShuffleBytes-EraseBytes-
#782171	REDUCE cov: 407 ft: 2716 corp: 580/210Kb lim: 3689 exec/s: 12415 rss: 609Mb L: 924/3028 MS: 1 EraseBytes-
#785412	REDUCE cov: 407 ft: 2716 corp: 580/210Kb lim: 3711 exec/s: 12466 rss: 609Mb L: 206/3028 MS: 1 EraseBytes-
#786912	REDUCE cov: 407 ft: 2716 corp: 580/210Kb lim: 3722 exec/s: 12490 rss: 609Mb L: 474/3028 MS: 1 EraseBytes-
#788678	REDUCE cov: 407 ft: 2716 corp: 580/210Kb lim: 3733 exec/s: 12323 rss: 609Mb L: 309/3028 MS: 1 EraseBytes-
#789510	REDUCE cov: 407 ft: 2716 corp: 580/210Kb lim: 3733 exec/s: 12336 rss: 609Mb L: 248/3028 MS: 2 InsertByte-EraseBytes-
#790541	REDUCE cov: 407 ft: 2716 corp: 580/210Kb lim: 3733 exec/s: 12352 rss: 609Mb L: 2795/3028 MS: 1 EraseBytes-
#791912	REDUCE cov: 407 ft: 2716 corp: 580/210Kb lim: 3744 exec/s: 12373 rss: 609Mb L: 368/3028 MS: 1 EraseBytes-
#793273	REDUCE cov: 407 ft: 2716 corp: 580/210Kb lim: 3755 exec/s: 12394 rss: 609Mb L: 94/3028 MS: 1 EraseBytes-
#793640	RELOAD cov: 407 ft: 2717 corp: 581/211Kb lim: 3755 exec/s: 12400 rss: 609Mb
#794361	REDUCE cov: 407 ft: 2721 corp: 582/212Kb lim: 3755 exec/s: 12220 rss: 609Mb L: 1173/3028 MS: 1 CopyPart-
#795348	NEW    cov: 407 ft: 2723 corp: 583/214Kb lim: 3755 exec/s: 12236 rss: 609Mb L: 1413/3028 MS: 2 ChangeBit-InsertByte-
#797114	REDUCE cov: 407 ft: 2723 corp: 583/214Kb lim: 3766 exec/s: 12263 rss: 609Mb L: 300/3028 MS: 1 EraseBytes-
#797845	REDUCE cov: 407 ft: 2723 corp: 583/214Kb lim: 3766 exec/s: 12274 rss: 609Mb L: 489/3028 MS: 1 EraseBytes-
#800386	REDUCE cov: 407 ft: 2723 corp: 583/214Kb lim: 3788 exec/s: 12313 rss: 609Mb L: 9/3028 MS: 1 EraseBytes-
#800889	RELOAD cov: 407 ft: 2724 corp: 584/216Kb lim: 3788 exec/s: 12321 rss: 609Mb
#801996	REDUCE cov: 407 ft: 2724 corp: 584/216Kb lim: 3799 exec/s: 12151 rss: 609Mb L: 874/3028 MS: 2 ShuffleBytes-EraseBytes-
#802402	REDUCE cov: 407 ft: 2724 corp: 584/216Kb lim: 3799 exec/s: 12157 rss: 609Mb L: 634/3028 MS: 1 EraseBytes-
#802999	REDUCE cov: 407 ft: 2724 corp: 584/216Kb lim: 3799 exec/s: 12166 rss: 609Mb L: 125/3028 MS: 2 PersAutoDict-EraseBytes- DE: "\001\000\000\000\000\000\000\007"-
#803295	REDUCE cov: 407 ft: 2724 corp: 584/216Kb lim: 3799 exec/s: 12171 rss: 609Mb L: 1923/3028 MS: 1 EraseBytes-
#804378	REDUCE cov: 407 ft: 2724 corp: 584/216Kb lim: 3799 exec/s: 12187 rss: 609Mb L: 1265/3028 MS: 3 PersAutoDict-ChangeByte-EraseBytes- DE: "\022\\\254\250\301\344\020\300"-
#805532	RELOAD cov: 407 ft: 2731 corp: 587/221Kb lim: 3810 exec/s: 12022 rss: 609Mb
#805653	REDUCE cov: 407 ft: 2731 corp: 587/221Kb lim: 3810 exec/s: 12024 rss: 609Mb L: 2058/3028 MS: 1 EraseBytes-
#805752	REDUCE cov: 407 ft: 2733 corp: 588/223Kb lim: 3810 exec/s: 12026 rss: 609Mb L: 2087/3028 MS: 4 CopyPart-EraseBytes-InsertByte-CrossOver-
#805925	REDUCE cov: 407 ft: 2733 corp: 588/223Kb lim: 3810 exec/s: 12028 rss: 609Mb L: 1637/3028 MS: 3 InsertByte-ChangeByte-EraseBytes-
#807496	NEW    cov: 407 ft: 2734 corp: 589/225Kb lim: 3821 exec/s: 12052 rss: 609Mb L: 2270/3028 MS: 1 CopyPart-
#807903	REDUCE cov: 407 ft: 2734 corp: 589/225Kb lim: 3821 exec/s: 12058 rss: 609Mb L: 400/3028 MS: 2 ShuffleBytes-EraseBytes-
#810109	RELOAD cov: 407 ft: 2741 corp: 590/228Kb lim: 3832 exec/s: 11913 rss: 609Mb
#810292	REDUCE cov: 407 ft: 2741 corp: 590/228Kb lim: 3843 exec/s: 11916 rss: 609Mb L: 1736/3481 MS: 3 ChangeByte-ChangeASCIIInt-EraseBytes-
#813247	REDUCE cov: 407 ft: 2741 corp: 590/228Kb lim: 3865 exec/s: 11959 rss: 609Mb L: 789/3481 MS: 5 ShuffleBytes-PersAutoDict-CMP-EraseBytes-InsertByte- DE: "\024\000\000\000\000\000\000\000"-"\000\000\000\000"-
#815088	REDUCE cov: 407 ft: 2741 corp: 590/228Kb lim: 3876 exec/s: 11986 rss: 609Mb L: 562/3481 MS: 1 EraseBytes-
#815259	REDUCE cov: 407 ft: 2741 corp: 590/228Kb lim: 3876 exec/s: 11989 rss: 609Mb L: 222/3481 MS: 1 EraseBytes-
#816338	NEW    cov: 407 ft: 2742 corp: 591/232Kb lim: 3876 exec/s: 12004 rss: 609Mb L: 3365/3481 MS: 4 ChangeByte-CrossOver-PersAutoDict-CopyPart- DE: "\022\\\254\250\301\344\020\300"-
#816414	REDUCE cov: 407 ft: 2742 corp: 591/231Kb lim: 3876 exec/s: 12006 rss: 609Mb L: 2736/3481 MS: 1 EraseBytes-
#816523	REDUCE cov: 407 ft: 2742 corp: 591/231Kb lim: 3876 exec/s: 12007 rss: 609Mb L: 3013/3481 MS: 4 CrossOver-ChangeBit-EraseBytes-EraseBytes-
#817287	RELOAD cov: 407 ft: 2743 corp: 592/235Kb lim: 3876 exec/s: 11844 rss: 609Mb
#820265	REDUCE cov: 407 ft: 2743 corp: 592/235Kb lim: 3909 exec/s: 11887 rss: 609Mb L: 894/3566 MS: 3 ChangeBinInt-ChangeBit-EraseBytes-
#820336	REDUCE cov: 407 ft: 2743 corp: 592/235Kb lim: 3909 exec/s: 11888 rss: 609Mb L: 447/3566 MS: 1 EraseBytes-
#821588	REDUCE cov: 407 ft: 2743 corp: 592/234Kb lim: 3920 exec/s: 11907 rss: 609Mb L: 2263/3566 MS: 2 ChangeBit-EraseBytes-
#821702	REDUCE cov: 407 ft: 2743 corp: 592/234Kb lim: 3920 exec/s: 11908 rss: 609Mb L: 1917/3566 MS: 4 ShuffleBytes-ChangeBit-ChangeBit-EraseBytes-
#823099	REDUCE cov: 407 ft: 2743 corp: 592/234Kb lim: 3931 exec/s: 11928 rss: 609Mb L: 170/3566 MS: 2 ChangeByte-EraseBytes-
#824275	REDUCE cov: 407 ft: 2743 corp: 592/234Kb lim: 3942 exec/s: 11775 rss: 609Mb L: 1569/3566 MS: 1 EraseBytes-
#826587	NEW    cov: 407 ft: 2745 corp: 593/236Kb lim: 3964 exec/s: 11808 rss: 609Mb L: 1610/3566 MS: 2 ShuffleBytes-CopyPart-
#826701	REDUCE cov: 407 ft: 2745 corp: 593/236Kb lim: 3964 exec/s: 11810 rss: 609Mb L: 158/3566 MS: 4 ShuffleBytes-InsertByte-ChangeByte-EraseBytes-
#826977	REDUCE cov: 407 ft: 2745 corp: 593/236Kb lim: 3964 exec/s: 11813 rss: 609Mb L: 1918/3566 MS: 1 EraseBytes-
#827888	REDUCE cov: 407 ft: 2745 corp: 593/236Kb lim: 3964 exec/s: 11826 rss: 609Mb L: 1269/3566 MS: 1 EraseBytes-
#832764	REDUCE cov: 407 ft: 2745 corp: 593/235Kb lim: 4008 exec/s: 11729 rss: 609Mb L: 525/3566 MS: 1 EraseBytes-
#833640	REDUCE cov: 407 ft: 2745 corp: 593/235Kb lim: 4008 exec/s: 11741 rss: 609Mb L: 149/3566 MS: 1 EraseBytes-
#835521	REDUCE cov: 407 ft: 2745 corp: 593/235Kb lim: 4019 exec/s: 11767 rss: 609Mb L: 276/3566 MS: 1 EraseBytes-
#836196	REDUCE cov: 407 ft: 2745 corp: 593/235Kb lim: 4019 exec/s: 11777 rss: 609Mb L: 246/3566 MS: 5 ChangeBinInt-ChangeByte-InsertByte-ChangeBit-EraseBytes-
#837412	REDUCE cov: 407 ft: 2745 corp: 593/235Kb lim: 4030 exec/s: 11794 rss: 609Mb L: 137/3566 MS: 1 EraseBytes-
#840429	REDUCE cov: 407 ft: 2745 corp: 593/235Kb lim: 4052 exec/s: 11672 rss: 609Mb L: 919/3566 MS: 1 EraseBytes-
#840517	REDUCE cov: 407 ft: 2745 corp: 593/235Kb lim: 4052 exec/s: 11673 rss: 609Mb L: 207/3566 MS: 3 ChangeASCIIInt-ChangeByte-EraseBytes-
#842846	REDUCE cov: 407 ft: 2745 corp: 593/235Kb lim: 4074 exec/s: 11706 rss: 609Mb L: 1904/3566 MS: 4 InsertByte-CrossOver-ChangeByte-EraseBytes-
#843613	REDUCE cov: 407 ft: 2745 corp: 593/235Kb lim: 4074 exec/s: 11716 rss: 609Mb L: 1095/3566 MS: 2 ChangeASCIIInt-EraseBytes-
#845286	REDUCE cov: 407 ft: 2745 corp: 593/235Kb lim: 4085 exec/s: 11579 rss: 609Mb L: 2634/3566 MS: 3 ShuffleBytes-InsertByte-EraseBytes-
#845742	REDUCE cov: 407 ft: 2745 corp: 593/235Kb lim: 4085 exec/s: 11585 rss: 609Mb L: 699/3566 MS: 1 EraseBytes-
#846453	REDUCE cov: 407 ft: 2745 corp: 593/235Kb lim: 4085 exec/s: 11595 rss: 609Mb L: 296/3566 MS: 1 EraseBytes-
#846789	REDUCE cov: 407 ft: 2745 corp: 593/235Kb lim: 4085 exec/s: 11599 rss: 609Mb L: 1044/3566 MS: 1 EraseBytes-
#847247	REDUCE cov: 407 ft: 2745 corp: 593/235Kb lim: 4085 exec/s: 11606 rss: 609Mb L: 2139/3566 MS: 3 ChangeASCIIInt-CMP-EraseBytes- DE: "\000\000"-
#847267	REDUCE cov: 407 ft: 2745 corp: 593/235Kb lim: 4085 exec/s: 11606 rss: 609Mb L: 85/3566 MS: 5 ChangeBit-ShuffleBytes-InsertByte-PersAutoDict-EraseBytes- DE: "\377\377"-
#847325	REDUCE cov: 407 ft: 2745 corp: 593/235Kb lim: 4085 exec/s: 11607 rss: 609Mb L: 559/3566 MS: 3 ChangeBit-InsertRepeatedBytes-EraseBytes-
#849256	REDUCE cov: 407 ft: 2745 corp: 593/235Kb lim: 4096 exec/s: 11633 rss: 609Mb L: 2038/3566 MS: 1 EraseBytes-
#849339	REDUCE cov: 407 ft: 2745 corp: 593/235Kb lim: 4096 exec/s: 11634 rss: 609Mb L: 124/3566 MS: 3 CMP-CrossOver-EraseBytes- DE: "\377\377"-
#850220	REDUCE cov: 407 ft: 2745 corp: 593/235Kb lim: 4096 exec/s: 11646 rss: 609Mb L: 41/3566 MS: 1 EraseBytes-
#851217	REDUCE cov: 407 ft: 2745 corp: 593/235Kb lim: 4096 exec/s: 11502 rss: 609Mb L: 214/3566 MS: 5 ChangeBinInt-ShuffleBytes-ShuffleBytes-ChangeByte-EraseBytes-
#852253	REDUCE cov: 407 ft: 2745 corp: 593/235Kb lim: 4096 exec/s: 11516 rss: 609Mb L: 151/3566 MS: 1 EraseBytes-
#853414	REDUCE cov: 407 ft: 2745 corp: 593/235Kb lim: 4096 exec/s: 11532 rss: 609Mb L: 1172/3566 MS: 1 EraseBytes-
#855575	REDUCE cov: 407 ft: 2745 corp: 593/235Kb lim: 4096 exec/s: 11561 rss: 609Mb L: 1853/3566 MS: 1 EraseBytes-
#857245	REDUCE cov: 407 ft: 2745 corp: 593/234Kb lim: 4096 exec/s: 11429 rss: 609Mb L: 290/3566 MS: 1 EraseBytes-
#858087	REDUCE cov: 407 ft: 2745 corp: 593/234Kb lim: 4096 exec/s: 11441 rss: 609Mb L: 713/3566 MS: 2 ChangeBit-EraseBytes-
#858840	REDUCE cov: 407 ft: 2745 corp: 593/234Kb lim: 4096 exec/s: 11451 rss: 609Mb L: 47/3566 MS: 3 CrossOver-ChangeByte-EraseBytes-
#858856	REDUCE cov: 407 ft: 2745 corp: 593/234Kb lim: 4096 exec/s: 11451 rss: 609Mb L: 298/3566 MS: 1 EraseBytes-
#860292	REDUCE cov: 407 ft: 2745 corp: 593/234Kb lim: 4096 exec/s: 11470 rss: 609Mb L: 2861/3566 MS: 1 EraseBytes-
#862958	REDUCE cov: 407 ft: 2745 corp: 593/234Kb lim: 4096 exec/s: 11354 rss: 609Mb L: 3170/3566 MS: 1 EraseBytes-
#863341	REDUCE cov: 407 ft: 2745 corp: 593/234Kb lim: 4096 exec/s: 11359 rss: 609Mb L: 598/3566 MS: 3 ChangeBit-ChangeByte-EraseBytes-
#864781	REDUCE cov: 407 ft: 2745 corp: 593/234Kb lim: 4096 exec/s: 11378 rss: 609Mb L: 808/3566 MS: 1 EraseBytes-
#868267	REDUCE cov: 407 ft: 2745 corp: 593/234Kb lim: 4096 exec/s: 11424 rss: 609Mb L: 627/3566 MS: 1 EraseBytes-
#869983	RELOAD cov: 407 ft: 2752 corp: 594/236Kb lim: 4096 exec/s: 11298 rss: 609Mb
#870202	REDUCE cov: 407 ft: 2752 corp: 594/236Kb lim: 4096 exec/s: 11301 rss: 609Mb L: 487/3566 MS: 4 ShuffleBytes-InsertByte-ChangeBinInt-EraseBytes-
#871883	REDUCE cov: 407 ft: 2752 corp: 594/235Kb lim: 4096 exec/s: 11323 rss: 609Mb L: 826/3566 MS: 1 EraseBytes-
#881182	REDUCE cov: 407 ft: 2752 corp: 594/235Kb lim: 4096 exec/s: 11154 rss: 609Mb L: 536/3566 MS: 2 ShuffleBytes-EraseBytes-
#885348	REDUCE cov: 407 ft: 2752 corp: 594/235Kb lim: 4096 exec/s: 11066 rss: 609Mb L: 782/3566 MS: 1 EraseBytes-
#886265	REDUCE cov: 407 ft: 2752 corp: 594/235Kb lim: 4096 exec/s: 11078 rss: 609Mb L: 186/3566 MS: 1 EraseBytes-
#889057	REDUCE cov: 407 ft: 2752 corp: 594/235Kb lim: 4096 exec/s: 11113 rss: 609Mb L: 1743/3566 MS: 2 InsertByte-EraseBytes-
#890823	REDUCE cov: 407 ft: 2752 corp: 594/235Kb lim: 4096 exec/s: 10997 rss: 609Mb L: 269/3566 MS: 1 EraseBytes-
#891926	REDUCE cov: 407 ft: 2752 corp: 594/235Kb lim: 4096 exec/s: 11011 rss: 609Mb L: 109/3566 MS: 3 CrossOver-EraseBytes-InsertByte-
#892432	REDUCE cov: 407 ft: 2752 corp: 594/235Kb lim: 4096 exec/s: 11017 rss: 609Mb L: 684/3566 MS: 1 EraseBytes-
#895409	RELOAD cov: 411 ft: 2756 corp: 595/237Kb lim: 4096 exec/s: 10919 rss: 609Mb
#896534	REDUCE cov: 411 ft: 2756 corp: 595/237Kb lim: 4096 exec/s: 10933 rss: 609Mb L: 1453/3566 MS: 5 ChangeBit-ChangeASCIIInt-ShuffleBytes-InsertByte-EraseBytes-
#896777	REDUCE cov: 411 ft: 2756 corp: 595/237Kb lim: 4096 exec/s: 10936 rss: 609Mb L: 518/3566 MS: 3 InsertRepeatedBytes-ShuffleBytes-EraseBytes-
#898053	REDUCE cov: 411 ft: 2756 corp: 595/237Kb lim: 4096 exec/s: 10951 rss: 609Mb L: 484/3566 MS: 1 EraseBytes-
#898126	REDUCE cov: 411 ft: 2756 corp: 595/237Kb lim: 4096 exec/s: 10952 rss: 609Mb L: 471/3566 MS: 3 ChangeASCIIInt-InsertByte-EraseBytes-
#898742	REDUCE cov: 411 ft: 2756 corp: 595/237Kb lim: 4096 exec/s: 10828 rss: 609Mb L: 61/3566 MS: 1 EraseBytes-
#898937	RELOAD cov: 411 ft: 2758 corp: 596/239Kb lim: 4096 exec/s: 10830 rss: 609Mb
#899718	NEW    cov: 411 ft: 2762 corp: 597/241Kb lim: 4096 exec/s: 10839 rss: 609Mb L: 1985/3566 MS: 1 EraseBytes-
#900269	NEW    cov: 411 ft: 2766 corp: 598/243Kb lim: 4096 exec/s: 10846 rss: 609Mb L: 2137/3566 MS: 1 ChangeBinInt-
#900695	REDUCE cov: 411 ft: 2766 corp: 598/243Kb lim: 4096 exec/s: 10851 rss: 609Mb L: 3105/3566 MS: 1 EraseBytes-
#901261	REDUCE cov: 411 ft: 2766 corp: 598/243Kb lim: 4096 exec/s: 10858 rss: 609Mb L: 1909/3566 MS: 1 EraseBytes-
#902356	RELOAD cov: 411 ft: 2770 corp: 600/248Kb lim: 4096 exec/s: 10742 rss: 609Mb
#904725	REDUCE cov: 411 ft: 2770 corp: 600/248Kb lim: 4096 exec/s: 10770 rss: 609Mb L: 427/3566 MS: 4 ShuffleBytes-ShuffleBytes-ChangeBit-EraseBytes-
#905480	RELOAD cov: 411 ft: 2773 corp: 602/254Kb lim: 4096 exec/s: 10652 rss: 609Mb
#906116	REDUCE cov: 411 ft: 2773 corp: 602/254Kb lim: 4096 exec/s: 10660 rss: 609Mb L: 584/3726 MS: 1 EraseBytes-
#908473	REDUCE cov: 411 ft: 2773 corp: 602/254Kb lim: 4096 exec/s: 10563 rss: 609Mb L: 1554/3726 MS: 2 ShuffleBytes-EraseBytes-
#909354	REDUCE cov: 411 ft: 2773 corp: 602/253Kb lim: 4096 exec/s: 10573 rss: 609Mb L: 1966/3726 MS: 1 EraseBytes-
#910235	REDUCE cov: 411 ft: 2773 corp: 602/253Kb lim: 4096 exec/s: 10584 rss: 609Mb L: 1492/3726 MS: 1 EraseBytes-
#911685	REDUCE cov: 411 ft: 2773 corp: 602/253Kb lim: 4096 exec/s: 10479 rss: 609Mb L: 3135/3726 MS: 1 EraseBytes-
#912504	REDUCE cov: 411 ft: 2773 corp: 602/253Kb lim: 4096 exec/s: 10488 rss: 609Mb L: 1969/3726 MS: 4 ChangeBit-ChangeBinInt-ChangeByte-EraseBytes-
#913816	REDUCE cov: 411 ft: 2773 corp: 602/253Kb lim: 4096 exec/s: 10384 rss: 609Mb L: 683/3726 MS: 4 EraseBytes-ChangeBit-ChangeBinInt-CrossOver-
#915238	REDUCE cov: 411 ft: 2773 corp: 602/253Kb lim: 4096 exec/s: 10400 rss: 609Mb L: 226/3726 MS: 2 CopyPart-EraseBytes-
#916530	REDUCE cov: 411 ft: 2773 corp: 602/253Kb lim: 4096 exec/s: 10298 rss: 609Mb L: 3688/3688 MS: 2 ChangeASCIIInt-EraseBytes-
#918188	REDUCE cov: 411 ft: 2773 corp: 602/253Kb lim: 4096 exec/s: 10316 rss: 609Mb L: 1404/3688 MS: 2 ChangeBinInt-EraseBytes-
#920689	REDUCE cov: 411 ft: 2773 corp: 602/253Kb lim: 4096 exec/s: 10229 rss: 609Mb L: 1816/3688 MS: 1 EraseBytes-
#920715	REDUCE cov: 411 ft: 2773 corp: 602/253Kb lim: 4096 exec/s: 10230 rss: 609Mb L: 879/3688 MS: 1 EraseBytes-
#922432	REDUCE cov: 411 ft: 2773 corp: 602/253Kb lim: 4096 exec/s: 10136 rss: 609Mb L: 76/3688 MS: 2 ChangeByte-EraseBytes-
#925025	RELOAD cov: 411 ft: 2775 corp: 603/257Kb lim: 4096 exec/s: 9946 rss: 609Mb
#925223	REDUCE cov: 411 ft: 2775 corp: 603/257Kb lim: 4096 exec/s: 9948 rss: 609Mb L: 2758/3954 MS: 3 InsertByte-ChangeBinInt-EraseBytes-
#926770	REDUCE cov: 411 ft: 2775 corp: 603/256Kb lim: 4096 exec/s: 9965 rss: 609Mb L: 2734/3954 MS: 2 ChangeBit-EraseBytes-
#927601	REDUCE cov: 411 ft: 2775 corp: 603/256Kb lim: 4096 exec/s: 9868 rss: 609Mb L: 1272/3954 MS: 1 EraseBytes-
#932588	REDUCE cov: 411 ft: 2775 corp: 603/256Kb lim: 4096 exec/s: 9816 rss: 609Mb L: 120/3954 MS: 4 EraseBytes-InsertByte-ChangeBinInt-CMP- DE: "\377\377\377\377"-
#933004	REDUCE cov: 411 ft: 2775 corp: 603/256Kb lim: 4096 exec/s: 9718 rss: 609Mb L: 2560/3954 MS: 1 EraseBytes-
#933074	REDUCE cov: 411 ft: 2775 corp: 603/256Kb lim: 4096 exec/s: 9719 rss: 609Mb L: 326/3954 MS: 5 ChangeBinInt-ShuffleBytes-EraseBytes-CopyPart-CopyPart-
#934858	REDUCE cov: 411 ft: 2775 corp: 603/256Kb lim: 4096 exec/s: 9738 rss: 609Mb L: 1376/3954 MS: 1 EraseBytes-
#935455	REDUCE cov: 411 ft: 2776 corp: 604/259Kb lim: 4096 exec/s: 9744 rss: 609Mb L: 3290/3954 MS: 2 PersAutoDict-CopyPart- DE: "\010\377\377\377\377\377\377\377"-
#936187	REDUCE cov: 411 ft: 2776 corp: 604/259Kb lim: 4096 exec/s: 9651 rss: 609Mb L: 72/3954 MS: 2 ShuffleBytes-EraseBytes-
#936506	REDUCE cov: 411 ft: 2776 corp: 604/259Kb lim: 4096 exec/s: 9654 rss: 609Mb L: 2517/3954 MS: 4 InsertRepeatedBytes-ChangeBit-InsertRepeatedBytes-EraseBytes-
#936707	REDUCE cov: 411 ft: 2776 corp: 604/259Kb lim: 4096 exec/s: 9656 rss: 609Mb L: 1876/3954 MS: 1 EraseBytes-
#937523	REDUCE cov: 411 ft: 2776 corp: 604/259Kb lim: 4096 exec/s: 9665 rss: 609Mb L: 1819/3954 MS: 1 EraseBytes-
#937802	RELOAD cov: 411 ft: 2778 corp: 605/262Kb lim: 4096 exec/s: 9668 rss: 609Mb
#939408	REDUCE cov: 411 ft: 2778 corp: 605/262Kb lim: 4096 exec/s: 9585 rss: 609Mb L: 1953/3954 MS: 1 EraseBytes-
#940254	REDUCE cov: 411 ft: 2778 corp: 605/262Kb lim: 4096 exec/s: 9594 rss: 609Mb L: 143/3954 MS: 1 EraseBytes-
#942797	REDUCE cov: 411 ft: 2778 corp: 605/262Kb lim: 4096 exec/s: 9523 rss: 609Mb L: 988/3954 MS: 1 EraseBytes-
#948756	REDUCE cov: 411 ft: 2778 corp: 605/262Kb lim: 4096 exec/s: 9393 rss: 609Mb L: 155/3954 MS: 2 ShuffleBytes-EraseBytes-
#950024	REDUCE cov: 411 ft: 2778 corp: 605/262Kb lim: 4096 exec/s: 9313 rss: 609Mb L: 1432/3954 MS: 3 ShuffleBytes-ChangeBit-EraseBytes-
#950768	REDUCE cov: 411 ft: 2778 corp: 605/262Kb lim: 4096 exec/s: 9321 rss: 609Mb L: 289/3954 MS: 4 ChangeBit-CMP-ChangeByte-EraseBytes- DE: "\000\001"-
#950985	REDUCE cov: 411 ft: 2778 corp: 605/262Kb lim: 4096 exec/s: 9323 rss: 609Mb L: 76/3954 MS: 2 CMP-EraseBytes- DE: "\000\000"-
#952851	REDUCE cov: 411 ft: 2778 corp: 605/262Kb lim: 4096 exec/s: 9341 rss: 609Mb L: 34/3954 MS: 4 ChangeBinInt-ChangeByte-ShuffleBytes-EraseBytes-
#953023	REDUCE cov: 411 ft: 2778 corp: 605/262Kb lim: 4096 exec/s: 9343 rss: 609Mb L: 1786/3954 MS: 2 EraseBytes-InsertByte-
#955518	RELOAD cov: 411 ft: 2779 corp: 606/265Kb lim: 4096 exec/s: 9276 rss: 609Mb
#956720	REDUCE cov: 411 ft: 2779 corp: 606/265Kb lim: 4096 exec/s: 9288 rss: 609Mb L: 891/3954 MS: 2 ChangeByte-EraseBytes-
#959734	REDUCE cov: 411 ft: 2779 corp: 606/265Kb lim: 4096 exec/s: 9140 rss: 609Mb L: 2206/3954 MS: 1 EraseBytes-
#960075	REDUCE cov: 411 ft: 2779 corp: 606/265Kb lim: 4096 exec/s: 9143 rss: 609Mb L: 1183/3954 MS: 1 EraseBytes-
#960694	RELOAD cov: 412 ft: 2780 corp: 607/268Kb lim: 4096 exec/s: 9149 rss: 609Mb
#964142	REDUCE cov: 412 ft: 2780 corp: 607/268Kb lim: 4096 exec/s: 9095 rss: 609Mb L: 212/3954 MS: 1 EraseBytes-
#967962	REDUCE cov: 412 ft: 2780 corp: 607/268Kb lim: 4096 exec/s: 8962 rss: 609Mb L: 181/3954 MS: 2 ShuffleBytes-EraseBytes-
#968172	REDUCE cov: 412 ft: 2780 corp: 607/268Kb lim: 4096 exec/s: 8964 rss: 609Mb L: 2161/3954 MS: 5 InsertByte-EraseBytes-ShuffleBytes-ChangeBinInt-PersAutoDict- DE: "\377\377\377\377\377\377\377\002"-
#968230	REDUCE cov: 412 ft: 2780 corp: 607/268Kb lim: 4096 exec/s: 8965 rss: 609Mb L: 216/3954 MS: 3 ChangeBit-InsertByte-EraseBytes-
#968739	REDUCE cov: 412 ft: 2780 corp: 607/268Kb lim: 4096 exec/s: 8969 rss: 609Mb L: 1818/3954 MS: 1 EraseBytes-
#970380	REDUCE cov: 412 ft: 2780 corp: 607/268Kb lim: 4096 exec/s: 8902 rss: 609Mb L: 84/3954 MS: 1 EraseBytes-
#970742	REDUCE cov: 412 ft: 2780 corp: 607/268Kb lim: 4096 exec/s: 8905 rss: 609Mb L: 107/3954 MS: 2 CopyPart-EraseBytes-
#973357	REDUCE cov: 412 ft: 2780 corp: 607/268Kb lim: 4096 exec/s: 8848 rss: 609Mb L: 516/3954 MS: 2 ChangeByte-EraseBytes-
#973710	NEW    cov: 412 ft: 2781 corp: 608/271Kb lim: 4096 exec/s: 8851 rss: 609Mb L: 3072/3954 MS: 3 ChangeASCIIInt-ChangeByte-CMP- DE: "\004\000\000\000\000\000\000\000"-
#974210	REDUCE cov: 412 ft: 2781 corp: 608/271Kb lim: 4096 exec/s: 8856 rss: 609Mb L: 1849/3954 MS: 5 PersAutoDict-ChangeBinInt-EraseBytes-ChangeBit-ShuffleBytes- DE: "\010\377\377\377\377\377\377\377"-
#974653	REDUCE cov: 412 ft: 2781 corp: 608/271Kb lim: 4096 exec/s: 8860 rss: 609Mb L: 553/3954 MS: 3 CrossOver-InsertByte-EraseBytes-
#975004	REDUCE cov: 412 ft: 2781 corp: 608/271Kb lim: 4096 exec/s: 8863 rss: 609Mb L: 2157/3954 MS: 1 EraseBytes-
#975170	REDUCE cov: 412 ft: 2781 corp: 608/271Kb lim: 4096 exec/s: 8865 rss: 609Mb L: 93/3954 MS: 1 EraseBytes-
#975769	REDUCE cov: 413 ft: 2783 corp: 609/274Kb lim: 4096 exec/s: 8790 rss: 609Mb L: 3896/3954 MS: 4 CopyPart-PersAutoDict-InsertByte-CopyPart- DE: "\004\000\000\000\000\000\000\000"-
#976022	REDUCE cov: 413 ft: 2783 corp: 609/274Kb lim: 4096 exec/s: 8792 rss: 609Mb L: 757/3954 MS: 3 ShuffleBytes-ChangeByte-EraseBytes-
#976907	NEW    cov: 413 ft: 2784 corp: 610/277Kb lim: 4096 exec/s: 8800 rss: 609Mb L: 2836/3954 MS: 5 ShuffleBytes-EraseBytes-ChangeBit-ShuffleBytes-PersAutoDict- DE: "\377\377\377\377\377\377\377\002"-
#977280	REDUCE cov: 413 ft: 2784 corp: 610/277Kb lim: 4096 exec/s: 8804 rss: 609Mb L: 1158/3954 MS: 3 ChangeBinInt-ChangeASCIIInt-EraseBytes-
#978132	REDUCE cov: 413 ft: 2784 corp: 610/277Kb lim: 4096 exec/s: 8733 rss: 609Mb L: 1116/3954 MS: 2 ChangeBit-EraseBytes-
#981653	REDUCE cov: 413 ft: 2784 corp: 610/277Kb lim: 4096 exec/s: 8687 rss: 609Mb L: 134/3954 MS: 1 EraseBytes-
#982534	RELOAD cov: 413 ft: 2786 corp: 612/284Kb lim: 4096 exec/s: 8694 rss: 609Mb
#982986	REDUCE cov: 413 ft: 2786 corp: 612/284Kb lim: 4096 exec/s: 8698 rss: 609Mb L: 2538/3954 MS: 2 ChangeByte-EraseBytes-
#983213	REDUCE cov: 413 ft: 2786 corp: 612/284Kb lim: 4096 exec/s: 8624 rss: 609Mb L: 1198/3954 MS: 2 ShuffleBytes-EraseBytes-
#983450	REDUCE cov: 413 ft: 2786 corp: 612/284Kb lim: 4096 exec/s: 8626 rss: 609Mb L: 1153/3954 MS: 2 ChangeByte-EraseBytes-
#985364	REDUCE cov: 413 ft: 2786 corp: 612/284Kb lim: 4096 exec/s: 8568 rss: 609Mb L: 1349/3954 MS: 2 ChangeByte-EraseBytes-
#986184	REDUCE cov: 413 ft: 2786 corp: 612/284Kb lim: 4096 exec/s: 8575 rss: 609Mb L: 1656/3954 MS: 5 ChangeByte-ChangeBit-ChangeBit-InsertRepeatedBytes-EraseBytes-
#987405	RELOAD cov: 413 ft: 2788 corp: 614/291Kb lim: 4096 exec/s: 8586 rss: 609Mb
#987826	REDUCE cov: 413 ft: 2788 corp: 614/291Kb lim: 4096 exec/s: 8515 rss: 609Mb L: 641/4078 MS: 1 EraseBytes-
#988142	REDUCE cov: 413 ft: 2788 corp: 614/290Kb lim: 4096 exec/s: 8518 rss: 609Mb L: 2283/4078 MS: 1 EraseBytes-
#989186	NEW    cov: 413 ft: 2789 corp: 615/294Kb lim: 4096 exec/s: 8527 rss: 609Mb L: 3689/4078 MS: 4 CrossOver-ChangeByte-CopyPart-PersAutoDict- DE: "\017\000\000\000\000\000\000\000"-
#989365	NEW    cov: 413 ft: 2790 corp: 616/298Kb lim: 4096 exec/s: 8529 rss: 609Mb L: 3904/4078 MS: 4 ChangeBit-ChangeByte-PersAutoDict-PersAutoDict- DE: "\001\000\000\000\000\000\000\000"-"\003\000\000\000\000\000\000\000"-
#991975	NEW    cov: 413 ft: 2791 corp: 617/301Kb lim: 4096 exec/s: 8478 rss: 609Mb L: 3912/4078 MS: 1 PersAutoDict- DE: "\001\000\000\000\000\000\000\014"-
#992853	REDUCE cov: 413 ft: 2791 corp: 617/301Kb lim: 4096 exec/s: 8485 rss: 609Mb L: 1875/4078 MS: 3 ChangeBinInt-ChangeBit-EraseBytes-
#993623	NEW    cov: 413 ft: 2792 corp: 618/305Kb lim: 4096 exec/s: 8420 rss: 609Mb L: 3896/4078 MS: 1 CopyPart-
#993747	REDUCE cov: 413 ft: 2792 corp: 618/305Kb lim: 4096 exec/s: 8421 rss: 609Mb L: 52/4078 MS: 4 CrossOver-InsertByte-InsertByte-EraseBytes-
#994477	REDUCE cov: 413 ft: 2792 corp: 618/305Kb lim: 4096 exec/s: 8427 rss: 609Mb L: 144/4078 MS: 5 ChangeByte-ChangeByte-PersAutoDict-ChangeByte-EraseBytes- DE: "\006\000\000\000\000\000\000\000"-
#996978	REDUCE cov: 413 ft: 2792 corp: 618/305Kb lim: 4096 exec/s: 8377 rss: 609Mb L: 1047/4078 MS: 1 EraseBytes-
#997764	REDUCE cov: 413 ft: 2792 corp: 618/305Kb lim: 4096 exec/s: 8384 rss: 609Mb L: 1873/4078 MS: 1 EraseBytes-
#999227	REDUCE cov: 413 ft: 2792 corp: 618/305Kb lim: 4096 exec/s: 8396 rss: 609Mb L: 657/4078 MS: 3 ShuffleBytes-ShuffleBytes-EraseBytes-
#1000033	RELOAD cov: 413 ft: 2794 corp: 620/312Kb lim: 4096 exec/s: 8403 rss: 609Mb
#1002080	REDUCE cov: 413 ft: 2795 corp: 621/314Kb lim: 4096 exec/s: 8350 rss: 609Mb L: 2093/4078 MS: 2 ChangeByte-CrossOver-
#1002216	REDUCE cov: 413 ft: 2795 corp: 621/314Kb lim: 4096 exec/s: 8351 rss: 609Mb L: 217/4078 MS: 1 EraseBytes-
#1003180	REDUCE cov: 413 ft: 2795 corp: 621/314Kb lim: 4096 exec/s: 8290 rss: 609Mb L: 3629/4078 MS: 2 InsertByte-EraseBytes-
#1003343	REDUCE cov: 413 ft: 2795 corp: 621/314Kb lim: 4096 exec/s: 8292 rss: 609Mb L: 666/4078 MS: 3 PersAutoDict-InsertRepeatedBytes-EraseBytes- DE: "\000\000"-
#1004191	REDUCE cov: 413 ft: 2795 corp: 621/314Kb lim: 4096 exec/s: 8299 rss: 609Mb L: 125/4078 MS: 3 ChangeBit-EraseBytes-InsertByte-
#1004397	REDUCE cov: 413 ft: 2795 corp: 621/314Kb lim: 4096 exec/s: 8300 rss: 609Mb L: 535/4078 MS: 1 EraseBytes-
#1005083	REDUCE cov: 413 ft: 2795 corp: 621/313Kb lim: 4096 exec/s: 8306 rss: 609Mb L: 2608/4078 MS: 1 EraseBytes-
#1008762	REDUCE cov: 413 ft: 2795 corp: 621/313Kb lim: 4096 exec/s: 8201 rss: 609Mb L: 107/4078 MS: 1 EraseBytes-
#1015053	REDUCE cov: 413 ft: 2795 corp: 621/313Kb lim: 4096 exec/s: 8120 rss: 609Mb L: 1637/4078 MS: 3 ChangeBinInt-ChangeBinInt-EraseBytes-
#1016192	REDUCE cov: 413 ft: 2795 corp: 621/313Kb lim: 4096 exec/s: 8065 rss: 609Mb L: 383/4078 MS: 1 EraseBytes-
#1016243	REDUCE cov: 413 ft: 2795 corp: 621/312Kb lim: 4096 exec/s: 8065 rss: 609Mb L: 421/4078 MS: 1 EraseBytes-
#1016590	REDUCE cov: 413 ft: 2795 corp: 621/312Kb lim: 4096 exec/s: 8068 rss: 609Mb L: 1096/4078 MS: 2 ShuffleBytes-EraseBytes-
#1018023	REDUCE cov: 413 ft: 2795 corp: 621/312Kb lim: 4096 exec/s: 8079 rss: 609Mb L: 1818/4078 MS: 3 ChangeASCIIInt-ChangeByte-EraseBytes-
#1021252	REDUCE cov: 413 ft: 2795 corp: 621/312Kb lim: 4096 exec/s: 8041 rss: 609Mb L: 104/4078 MS: 2 ChangeBit-EraseBytes-
#1022860	REDUCE cov: 413 ft: 2795 corp: 621/312Kb lim: 4096 exec/s: 7991 rss: 609Mb L: 1351/4078 MS: 4 EraseBytes-ShuffleBytes-ShuffleBytes-CopyPart-
#1023562	REDUCE cov: 413 ft: 2795 corp: 621/312Kb lim: 4096 exec/s: 7996 rss: 609Mb L: 1393/4078 MS: 2 ChangeBit-EraseBytes-
#1023809	REDUCE cov: 413 ft: 2795 corp: 621/312Kb lim: 4096 exec/s: 7936 rss: 609Mb L: 831/4078 MS: 2 CMP-EraseBytes- DE: "\377\377"-
#1023890	RELOAD cov: 413 ft: 2796 corp: 622/316Kb lim: 4096 exec/s: 7937 rss: 609Mb
#1024412	REDUCE cov: 413 ft: 2796 corp: 622/316Kb lim: 4096 exec/s: 7941 rss: 609Mb L: 3859/4078 MS: 2 ChangeASCIIInt-EraseBytes-
#1028138	REDUCE cov: 413 ft: 2796 corp: 622/316Kb lim: 4096 exec/s: 7908 rss: 609Mb L: 1646/4078 MS: 1 EraseBytes-
#1029451	REDUCE cov: 413 ft: 2796 corp: 622/316Kb lim: 4096 exec/s: 7858 rss: 609Mb L: 581/4078 MS: 3 EraseBytes-CMP-PersAutoDict- DE: "\000\000v/\266c\205\200"-"\377\377\377\377\377\377\000\212"-
#1030409	REDUCE cov: 413 ft: 2796 corp: 622/316Kb lim: 4096 exec/s: 7865 rss: 609Mb L: 120/4078 MS: 3 ShuffleBytes-InsertByte-EraseBytes-
#1031080	REDUCE cov: 413 ft: 2796 corp: 622/316Kb lim: 4096 exec/s: 7870 rss: 609Mb L: 1738/4078 MS: 1 EraseBytes-
#1034639	REDUCE cov: 413 ft: 2796 corp: 622/316Kb lim: 4096 exec/s: 7838 rss: 609Mb L: 3837/4078 MS: 5 EraseBytes-ChangeBit-CMP-ChangeByte-InsertByte- DE: "\377\377\377\377\377\377\377\377"-
#1035391	REDUCE cov: 413 ft: 2796 corp: 622/314Kb lim: 4096 exec/s: 7843 rss: 609Mb L: 2407/4078 MS: 2 ChangeBinInt-EraseBytes-
#1035479	REDUCE cov: 413 ft: 2796 corp: 622/314Kb lim: 4096 exec/s: 7844 rss: 609Mb L: 757/4078 MS: 3 ChangeBinInt-EraseBytes-InsertByte-
#1036568	REDUCE cov: 413 ft: 2796 corp: 622/314Kb lim: 4096 exec/s: 7793 rss: 609Mb L: 3783/4078 MS: 1 EraseBytes-
#1037110	REDUCE cov: 413 ft: 2796 corp: 622/314Kb lim: 4096 exec/s: 7797 rss: 609Mb L: 610/4078 MS: 2 ChangeBinInt-EraseBytes-
#1039081	REDUCE cov: 413 ft: 2796 corp: 622/314Kb lim: 4096 exec/s: 7754 rss: 609Mb L: 254/4078 MS: 1 EraseBytes-
#1042605	REDUCE cov: 413 ft: 2796 corp: 622/314Kb lim: 4096 exec/s: 7723 rss: 609Mb L: 3422/4078 MS: 1 EraseBytes-
#1043226	REDUCE cov: 413 ft: 2796 corp: 622/314Kb lim: 4096 exec/s: 7727 rss: 609Mb L: 198/4078 MS: 1 EraseBytes-
#1043287	REDUCE cov: 413 ft: 2796 corp: 622/314Kb lim: 4096 exec/s: 7728 rss: 609Mb L: 97/4078 MS: 1 EraseBytes-
#1044118	REDUCE cov: 413 ft: 2796 corp: 622/314Kb lim: 4096 exec/s: 7734 rss: 609Mb L: 587/4078 MS: 1 EraseBytes-
#1044860	REDUCE cov: 413 ft: 2796 corp: 622/314Kb lim: 4096 exec/s: 7739 rss: 609Mb L: 683/4078 MS: 2 ChangeByte-EraseBytes-
#1045936	REDUCE cov: 413 ft: 2796 corp: 622/313Kb lim: 4096 exec/s: 7690 rss: 609Mb L: 1955/4078 MS: 5 ChangeBit-ChangeByte-ChangeBit-CopyPart-EraseBytes-
#1046576	REDUCE cov: 413 ft: 2796 corp: 622/313Kb lim: 4096 exec/s: 7695 rss: 609Mb L: 2936/4078 MS: 5 ChangeASCIIInt-EraseBytes-ShuffleBytes-ChangeASCIIInt-PersAutoDict- DE: "\377\377\377o\001Y\272\253"-
#1047567	REDUCE cov: 413 ft: 2796 corp: 622/313Kb lim: 4096 exec/s: 7702 rss: 609Mb L: 926/4078 MS: 1 EraseBytes-
#1047734	REDUCE cov: 413 ft: 2796 corp: 622/313Kb lim: 4096 exec/s: 7703 rss: 609Mb L: 644/4078 MS: 2 ChangeBit-EraseBytes-
#1048576	pulse  cov: 413 ft: 2796 corp: 622/313Kb lim: 4096 exec/s: 7710 rss: 609Mb
#1049732	REDUCE cov: 413 ft: 2796 corp: 622/313Kb lim: 4096 exec/s: 7662 rss: 609Mb L: 1935/4078 MS: 1 EraseBytes-
#1050523	REDUCE cov: 413 ft: 2796 corp: 622/313Kb lim: 4096 exec/s: 7668 rss: 609Mb L: 2138/4078 MS: 1 EraseBytes-
#1050529	REDUCE cov: 413 ft: 2796 corp: 622/313Kb lim: 4096 exec/s: 7668 rss: 609Mb L: 9/4078 MS: 1 EraseBytes-
#1052516	REDUCE cov: 413 ft: 2796 corp: 622/313Kb lim: 4096 exec/s: 7626 rss: 609Mb L: 533/4078 MS: 3 InsertRepeatedBytes-ChangeBit-EraseBytes-
#1053808	REDUCE cov: 413 ft: 2796 corp: 622/313Kb lim: 4096 exec/s: 7636 rss: 609Mb L: 351/4078 MS: 2 ChangeByte-EraseBytes-
#1055485	REDUCE cov: 413 ft: 2796 corp: 622/313Kb lim: 4096 exec/s: 7593 rss: 609Mb L: 1718/4078 MS: 3 ShuffleBytes-ChangeASCIIInt-EraseBytes-
#1055701	REDUCE cov: 413 ft: 2796 corp: 622/313Kb lim: 4096 exec/s: 7594 rss: 609Mb L: 470/4078 MS: 1 EraseBytes-
#1057832	REDUCE cov: 413 ft: 2796 corp: 622/313Kb lim: 4096 exec/s: 7555 rss: 609Mb L: 168/4078 MS: 1 EraseBytes-
#1059843	REDUCE cov: 413 ft: 2796 corp: 622/313Kb lim: 4096 exec/s: 7570 rss: 609Mb L: 121/4078 MS: 1 EraseBytes-
#1059864	REDUCE cov: 413 ft: 2796 corp: 622/313Kb lim: 4096 exec/s: 7570 rss: 609Mb L: 1081/4078 MS: 1 EraseBytes-
#1061020	RELOAD cov: 413 ft: 2799 corp: 624/320Kb lim: 4096 exec/s: 7524 rss: 609Mb
#1062756	REDUCE cov: 413 ft: 2799 corp: 624/320Kb lim: 4096 exec/s: 7484 rss: 609Mb L: 3339/4078 MS: 1 EraseBytes-
#1064684	REDUCE cov: 413 ft: 2799 corp: 624/320Kb lim: 4096 exec/s: 7497 rss: 609Mb L: 2106/4078 MS: 1 EraseBytes-
#1064960	REDUCE cov: 413 ft: 2799 corp: 624/319Kb lim: 4096 exec/s: 7499 rss: 609Mb L: 2593/4078 MS: 1 EraseBytes-
#1068040	REDUCE cov: 413 ft: 2801 corp: 625/322Kb lim: 4096 exec/s: 7468 rss: 609Mb L: 3246/4078 MS: 2 ChangeBinInt-CopyPart-
#1070133	REDUCE cov: 413 ft: 2801 corp: 625/322Kb lim: 4096 exec/s: 7431 rss: 609Mb L: 757/4078 MS: 3 CrossOver-CMP-EraseBytes- DE: "\017\377\377\377\377\377\377\377"-
#1070626	REDUCE cov: 413 ft: 2801 corp: 625/322Kb lim: 4096 exec/s: 7434 rss: 609Mb L: 263/4078 MS: 3 ShuffleBytes-ChangeByte-EraseBytes-
#1074653	REDUCE cov: 413 ft: 2801 corp: 625/322Kb lim: 4096 exec/s: 7411 rss: 609Mb L: 40/4078 MS: 1 EraseBytes-
#1077114	REDUCE cov: 413 ft: 2801 corp: 625/322Kb lim: 4096 exec/s: 7377 rss: 609Mb L: 2497/4078 MS: 1 EraseBytes-
#1082833	REDUCE cov: 413 ft: 2801 corp: 625/322Kb lim: 4096 exec/s: 7316 rss: 609Mb L: 1708/4078 MS: 1 EraseBytes-
#1085089	REDUCE cov: 413 ft: 2801 corp: 625/322Kb lim: 4096 exec/s: 7282 rss: 609Mb L: 1491/4078 MS: 1 EraseBytes-
#1085285	REDUCE cov: 413 ft: 2801 corp: 625/322Kb lim: 4096 exec/s: 7283 rss: 609Mb L: 178/4078 MS: 1 EraseBytes-
#1085937	REDUCE cov: 413 ft: 2801 corp: 625/322Kb lim: 4096 exec/s: 7239 rss: 609Mb L: 857/4078 MS: 2 ChangeASCIIInt-EraseBytes-
#1086369	RELOAD cov: 413 ft: 2803 corp: 626/325Kb lim: 4096 exec/s: 7242 rss: 609Mb
#1087307	REDUCE cov: 413 ft: 2803 corp: 626/325Kb lim: 4096 exec/s: 7248 rss: 609Mb L: 129/4078 MS: 3 ChangeBit-InsertRepeatedBytes-EraseBytes-
#1088108	REDUCE cov: 413 ft: 2803 corp: 626/325Kb lim: 4096 exec/s: 7254 rss: 609Mb L: 3793/4078 MS: 1 EraseBytes-
#1089374	REDUCE cov: 413 ft: 2803 corp: 626/325Kb lim: 4096 exec/s: 7214 rss: 609Mb L: 218/4078 MS: 1 EraseBytes-
#1089975	REDUCE cov: 413 ft: 2803 corp: 626/325Kb lim: 4096 exec/s: 7218 rss: 609Mb L: 536/4078 MS: 1 EraseBytes-
#1090032	REDUCE cov: 413 ft: 2803 corp: 626/325Kb lim: 4096 exec/s: 7218 rss: 609Mb L: 3600/4078 MS: 2 ChangeASCIIInt-EraseBytes-
#1090349	REDUCE cov: 413 ft: 2803 corp: 626/324Kb lim: 4096 exec/s: 7220 rss: 609Mb L: 2441/4078 MS: 2 ShuffleBytes-EraseBytes-
#1091015	REDUCE cov: 413 ft: 2803 corp: 626/324Kb lim: 4096 exec/s: 7177 rss: 609Mb L: 3114/4078 MS: 1 EraseBytes-
#1095379	REDUCE cov: 413 ft: 2803 corp: 626/324Kb lim: 4096 exec/s: 7159 rss: 609Mb L: 544/4078 MS: 4 ShuffleBytes-PersAutoDict-CrossOver-EraseBytes- DE: "\001\000\000\000\000\000\000\014"-
#1098878	REDUCE cov: 413 ft: 2803 corp: 626/324Kb lim: 4096 exec/s: 7089 rss: 609Mb L: 171/4078 MS: 1 EraseBytes-
#1100764	REDUCE cov: 413 ft: 2803 corp: 626/324Kb lim: 4096 exec/s: 7056 rss: 609Mb L: 154/4078 MS: 2 ChangeBit-EraseBytes-
#1101113	REDUCE cov: 413 ft: 2803 corp: 626/324Kb lim: 4096 exec/s: 7058 rss: 609Mb L: 581/4078 MS: 4 InsertRepeatedBytes-EraseBytes-InsertByte-EraseBytes-
#1101524	REDUCE cov: 413 ft: 2803 corp: 626/324Kb lim: 4096 exec/s: 7061 rss: 609Mb L: 2774/4078 MS: 1 EraseBytes-
#1101591	REDUCE cov: 413 ft: 2803 corp: 626/324Kb lim: 4096 exec/s: 7061 rss: 609Mb L: 3152/4078 MS: 2 InsertRepeatedBytes-EraseBytes-
#1104857	REDUCE cov: 413 ft: 2803 corp: 626/324Kb lim: 4096 exec/s: 7037 rss: 609Mb L: 455/4078 MS: 3 PersAutoDict-ChangeBinInt-EraseBytes- DE: "\377\377\377\377\377\377\377\024"-
#1105374	REDUCE cov: 413 ft: 2803 corp: 626/323Kb lim: 4096 exec/s: 7040 rss: 609Mb L: 2010/4078 MS: 5 ChangeBit-ShuffleBytes-ChangeBinInt-PersAutoDict-EraseBytes- DE: "\024\000\000\000\000\000\000\000"-
#1105581	REDUCE cov: 413 ft: 2803 corp: 626/323Kb lim: 4096 exec/s: 7041 rss: 609Mb L: 2318/4078 MS: 2 InsertRepeatedBytes-EraseBytes-
#1108513	REDUCE cov: 413 ft: 2803 corp: 626/323Kb lim: 4096 exec/s: 7015 rss: 609Mb L: 169/4078 MS: 2 ChangeBinInt-EraseBytes-
#1108594	REDUCE cov: 413 ft: 2803 corp: 626/323Kb lim: 4096 exec/s: 7016 rss: 609Mb L: 3862/4078 MS: 1 EraseBytes-
#1108800	REDUCE cov: 413 ft: 2803 corp: 626/322Kb lim: 4096 exec/s: 7017 rss: 609Mb L: 2136/4078 MS: 1 EraseBytes-
#1110128	REDUCE cov: 413 ft: 2803 corp: 626/322Kb lim: 4096 exec/s: 6981 rss: 609Mb L: 1812/4078 MS: 1 EraseBytes-
#1111621	REDUCE cov: 413 ft: 2803 corp: 626/322Kb lim: 4096 exec/s: 6991 rss: 609Mb L: 2553/4078 MS: 5 InsertByte-InsertByte-ShuffleBytes-ShuffleBytes-EraseBytes-
#1112317	REDUCE cov: 413 ft: 2803 corp: 626/322Kb lim: 4096 exec/s: 6951 rss: 609Mb L: 3737/4078 MS: 1 EraseBytes-
#1113974	REDUCE cov: 413 ft: 2803 corp: 626/322Kb lim: 4096 exec/s: 6962 rss: 609Mb L: 588/4078 MS: 2 ChangeBit-EraseBytes-
#1114116	REDUCE cov: 413 ft: 2803 corp: 626/322Kb lim: 4096 exec/s: 6963 rss: 609Mb L: 49/4078 MS: 2 ChangeBinInt-EraseBytes-
#1114855	REDUCE cov: 413 ft: 2803 corp: 626/322Kb lim: 4096 exec/s: 6967 rss: 609Mb L: 238/4078 MS: 4 ChangeByte-EraseBytes-ChangeBit-CopyPart-
#1115950	REDUCE cov: 413 ft: 2803 corp: 626/322Kb lim: 4096 exec/s: 6931 rss: 609Mb L: 136/4078 MS: 5 InsertRepeatedBytes-CMP-ChangeByte-CrossOver-EraseBytes- DE: "\001\000\000\000\000\000\000\001"-
#1120443	REDUCE cov: 413 ft: 2803 corp: 626/322Kb lim: 4096 exec/s: 6916 rss: 609Mb L: 1439/4078 MS: 2 ChangeBinInt-CrossOver-
#1120919	REDUCE cov: 413 ft: 2803 corp: 626/322Kb lim: 4096 exec/s: 6876 rss: 609Mb L: 2840/4078 MS: 1 EraseBytes-
#1120936	REDUCE cov: 413 ft: 2803 corp: 626/322Kb lim: 4096 exec/s: 6876 rss: 609Mb L: 3494/4078 MS: 2 ShuffleBytes-EraseBytes-
#1121147	REDUCE cov: 413 ft: 2803 corp: 626/322Kb lim: 4096 exec/s: 6878 rss: 609Mb L: 140/4078 MS: 1 EraseBytes-
#1121860	REDUCE cov: 413 ft: 2803 corp: 626/322Kb lim: 4096 exec/s: 6882 rss: 609Mb L: 370/4078 MS: 3 ChangeBinInt-EraseBytes-InsertByte-
#1123734	REDUCE cov: 413 ft: 2803 corp: 626/322Kb lim: 4096 exec/s: 6894 rss: 609Mb L: 513/4078 MS: 2 ShuffleBytes-EraseBytes-
#1124301	REDUCE cov: 413 ft: 2803 corp: 626/322Kb lim: 4096 exec/s: 6855 rss: 609Mb L: 559/4078 MS: 2 ChangeBinInt-EraseBytes-
#1124663	REDUCE cov: 413 ft: 2803 corp: 626/322Kb lim: 4096 exec/s: 6857 rss: 609Mb L: 131/4078 MS: 2 EraseBytes-CMP- DE: "\377\377"-
#1127218	REDUCE cov: 413 ft: 2803 corp: 626/322Kb lim: 4096 exec/s: 6831 rss: 609Mb L: 1786/4078 MS: 1 EraseBytes-
#1129138	REDUCE cov: 413 ft: 2803 corp: 626/322Kb lim: 4096 exec/s: 6802 rss: 609Mb L: 352/4078 MS: 2 ChangeBit-EraseBytes-
#1132658	REDUCE cov: 413 ft: 2803 corp: 626/321Kb lim: 4096 exec/s: 6782 rss: 609Mb L: 1076/4078 MS: 2 PersAutoDict-EraseBytes- DE: "\017\377\377\377\377\377\377\377"-
#1133439	REDUCE cov: 413 ft: 2803 corp: 626/321Kb lim: 4096 exec/s: 6746 rss: 609Mb L: 1020/4078 MS: 1 EraseBytes-
#1137148	REDUCE cov: 413 ft: 2803 corp: 626/321Kb lim: 4096 exec/s: 6728 rss: 609Mb L: 1609/4078 MS: 2 ShuffleBytes-EraseBytes-
#1142973	REDUCE cov: 413 ft: 2803 corp: 626/321Kb lim: 4096 exec/s: 6645 rss: 609Mb L: 2730/4078 MS: 1 EraseBytes-
#1143230	REDUCE cov: 413 ft: 2803 corp: 626/321Kb lim: 4096 exec/s: 6646 rss: 609Mb L: 273/4078 MS: 2 InsertByte-EraseBytes-
#1143771	REDUCE cov: 413 ft: 2803 corp: 626/321Kb lim: 4096 exec/s: 6649 rss: 609Mb L: 185/4078 MS: 1 EraseBytes-
#1144615	RELOAD cov: 413 ft: 2805 corp: 627/325Kb lim: 4096 exec/s: 6654 rss: 609Mb
#1145204	REDUCE cov: 413 ft: 2805 corp: 627/324Kb lim: 4096 exec/s: 6658 rss: 609Mb L: 3339/4078 MS: 4 ChangeBinInt-ChangeByte-ChangeBit-EraseBytes-
#1145462	REDUCE cov: 413 ft: 2805 corp: 627/324Kb lim: 4096 exec/s: 6621 rss: 609Mb L: 1629/4078 MS: 3 ChangeASCIIInt-ChangeBit-EraseBytes-
#1145899	REDUCE cov: 413 ft: 2805 corp: 627/324Kb lim: 4096 exec/s: 6623 rss: 609Mb L: 1707/4078 MS: 2 CopyPart-EraseBytes-
#1148458	REDUCE cov: 413 ft: 2805 corp: 627/324Kb lim: 4096 exec/s: 6600 rss: 609Mb L: 1373/4078 MS: 2 ChangeBinInt-EraseBytes-
#1150398	REDUCE cov: 413 ft: 2805 corp: 627/324Kb lim: 4096 exec/s: 6573 rss: 609Mb L: 379/4078 MS: 1 EraseBytes-
#1152167	REDUCE cov: 413 ft: 2805 corp: 627/324Kb lim: 4096 exec/s: 6583 rss: 609Mb L: 250/4078 MS: 1 EraseBytes-
#1152265	REDUCE cov: 413 ft: 2805 corp: 627/324Kb lim: 4096 exec/s: 6584 rss: 609Mb L: 2061/4078 MS: 3 ChangeBinInt-EraseBytes-CrossOver-
#1153143	REDUCE cov: 413 ft: 2805 corp: 627/324Kb lim: 4096 exec/s: 6551 rss: 609Mb L: 667/4078 MS: 3 PersAutoDict-EraseBytes-CMP- DE: "\010\377\377\377\377\377\377\377"-"\263\260\247\035\376\302\304?"-
#1153284	REDUCE cov: 413 ft: 2805 corp: 627/324Kb lim: 4096 exec/s: 6552 rss: 609Mb L: 131/4078 MS: 1 EraseBytes-
#1154686	REDUCE cov: 413 ft: 2805 corp: 627/324Kb lim: 4096 exec/s: 6560 rss: 609Mb L: 1675/4078 MS: 2 ChangeByte-EraseBytes-
#1156359	REDUCE cov: 413 ft: 2805 corp: 627/324Kb lim: 4096 exec/s: 6533 rss: 609Mb L: 1252/4078 MS: 3 InsertByte-CopyPart-EraseBytes-
#1158910	REDUCE cov: 413 ft: 2805 corp: 627/324Kb lim: 4096 exec/s: 6510 rss: 609Mb L: 2356/4078 MS: 2 InsertRepeatedBytes-EraseBytes-
#1159161	RELOAD cov: 413 ft: 2806 corp: 628/327Kb lim: 4096 exec/s: 6512 rss: 609Mb
#1160405	REDUCE cov: 413 ft: 2806 corp: 628/327Kb lim: 4096 exec/s: 6482 rss: 609Mb L: 2023/4078 MS: 4 ChangeBit-CrossOver-CMP-EraseBytes- DE: "\001\001"-
#1160734	REDUCE cov: 413 ft: 2806 corp: 628/327Kb lim: 4096 exec/s: 6484 rss: 609Mb L: 2724/4078 MS: 4 EraseBytes-ChangeASCIIInt-InsertByte-InsertByte-
#1160993	REDUCE cov: 413 ft: 2806 corp: 628/326Kb lim: 4096 exec/s: 6485 rss: 609Mb L: 3318/4078 MS: 4 ChangeByte-InsertRepeatedBytes-ShuffleBytes-EraseBytes-
#1164600	REDUCE cov: 413 ft: 2806 corp: 628/326Kb lim: 4096 exec/s: 6434 rss: 609Mb L: 1864/4078 MS: 1 EraseBytes-
#1166353	REDUCE cov: 413 ft: 2806 corp: 628/326Kb lim: 4096 exec/s: 6408 rss: 609Mb L: 587/4078 MS: 4 ChangeBinInt-ChangeBit-CopyPart-EraseBytes-
#1171107	REDUCE cov: 413 ft: 2806 corp: 628/326Kb lim: 4096 exec/s: 6330 rss: 609Mb L: 298/4078 MS: 2 ChangeBit-EraseBytes-
#1179410	REDUCE cov: 413 ft: 2806 corp: 628/326Kb lim: 4096 exec/s: 6240 rss: 609Mb L: 405/4078 MS: 1 EraseBytes-
#1179553	REDUCE cov: 413 ft: 2806 corp: 628/326Kb lim: 4096 exec/s: 6241 rss: 609Mb L: 139/4078 MS: 3 EraseBytes-ChangeBit-PersAutoDict- DE: "\001\000\000\000"-
#1184878	REDUCE cov: 413 ft: 2806 corp: 628/326Kb lim: 4096 exec/s: 6203 rss: 609Mb L: 452/4078 MS: 4 ChangeASCIIInt-ShuffleBytes-ChangeBinInt-EraseBytes-
#1186371	REDUCE cov: 413 ft: 2806 corp: 628/326Kb lim: 4096 exec/s: 6211 rss: 609Mb L: 3586/4078 MS: 3 ChangeBit-ChangeBinInt-EraseBytes-
#1189782	REDUCE cov: 413 ft: 2806 corp: 628/326Kb lim: 4096 exec/s: 6196 rss: 609Mb L: 2624/4078 MS: 1 EraseBytes-
#1190049	REDUCE cov: 413 ft: 2806 corp: 628/326Kb lim: 4096 exec/s: 6198 rss: 609Mb L: 113/4078 MS: 2 InsertRepeatedBytes-EraseBytes-
#1190933	REDUCE cov: 413 ft: 2806 corp: 628/326Kb lim: 4096 exec/s: 6202 rss: 609Mb L: 3180/4078 MS: 4 ShuffleBytes-ChangeByte-ChangeByte-EraseBytes-
#1191249	REDUCE cov: 413 ft: 2806 corp: 628/325Kb lim: 4096 exec/s: 6204 rss: 609Mb L: 2753/4078 MS: 1 EraseBytes-
#1191847	REDUCE cov: 413 ft: 2806 corp: 628/325Kb lim: 4096 exec/s: 6175 rss: 609Mb L: 1326/4078 MS: 1 EraseBytes-
#1193063	REDUCE cov: 413 ft: 2806 corp: 628/325Kb lim: 4096 exec/s: 6181 rss: 609Mb L: 1779/4078 MS: 1 EraseBytes-
#1194059	REDUCE cov: 413 ft: 2806 corp: 628/325Kb lim: 4096 exec/s: 6186 rss: 609Mb L: 1160/4078 MS: 1 EraseBytes-
#1196421	REDUCE cov: 413 ft: 2806 corp: 628/325Kb lim: 4096 exec/s: 6167 rss: 609Mb L: 460/4078 MS: 1 EraseBytes-
#1196707	REDUCE cov: 413 ft: 2806 corp: 628/324Kb lim: 4096 exec/s: 6168 rss: 609Mb L: 1737/4078 MS: 1 EraseBytes-
#1197643	REDUCE cov: 413 ft: 2806 corp: 628/324Kb lim: 4096 exec/s: 6173 rss: 609Mb L: 1208/4078 MS: 1 EraseBytes-
#1197704	REDUCE cov: 413 ft: 2806 corp: 628/324Kb lim: 4096 exec/s: 6173 rss: 609Mb L: 190/4078 MS: 1 EraseBytes-
#1198727	REDUCE cov: 413 ft: 2806 corp: 628/324Kb lim: 4096 exec/s: 6147 rss: 609Mb L: 1341/4078 MS: 2 ChangeByte-EraseBytes-
#1199463	REDUCE cov: 413 ft: 2806 corp: 628/324Kb lim: 4096 exec/s: 6151 rss: 609Mb L: 2798/4078 MS: 1 EraseBytes-
#1203258	REDUCE cov: 413 ft: 2806 corp: 628/324Kb lim: 4096 exec/s: 6139 rss: 609Mb L: 452/4078 MS: 1 EraseBytes-
#1204541	REDUCE cov: 413 ft: 2806 corp: 628/324Kb lim: 4096 exec/s: 6145 rss: 609Mb L: 476/4078 MS: 3 CrossOver-ChangeBit-EraseBytes-
#1207195	REDUCE cov: 413 ft: 2806 corp: 628/324Kb lim: 4096 exec/s: 6127 rss: 609Mb L: 1044/4078 MS: 1 EraseBytes-
#1208990	REDUCE cov: 413 ft: 2806 corp: 628/324Kb lim: 4096 exec/s: 6106 rss: 609Mb L: 2716/4078 MS: 2 CMP-EraseBytes- DE: "\011\000\000\000\000\000\000\000"-
#1210466	REDUCE cov: 413 ft: 2806 corp: 628/324Kb lim: 4096 exec/s: 6113 rss: 609Mb L: 1772/4078 MS: 1 EraseBytes-
#1210957	REDUCE cov: 413 ft: 2806 corp: 628/324Kb lim: 4096 exec/s: 6115 rss: 609Mb L: 46/4078 MS: 1 EraseBytes-
#1211330	REDUCE cov: 413 ft: 2806 corp: 628/324Kb lim: 4096 exec/s: 6117 rss: 609Mb L: 108/4078 MS: 3 ShuffleBytes-CMP-EraseBytes- DE: "\377\377"-
#1212549	REDUCE cov: 413 ft: 2806 corp: 628/324Kb lim: 4096 exec/s: 6093 rss: 609Mb L: 1996/4078 MS: 2 ShuffleBytes-EraseBytes-
#1217603	REDUCE cov: 413 ft: 2806 corp: 628/324Kb lim: 4096 exec/s: 6057 rss: 609Mb L: 3590/4078 MS: 2 CopyPart-EraseBytes-
#1219605	REDUCE cov: 413 ft: 2806 corp: 628/323Kb lim: 4096 exec/s: 6037 rss: 609Mb L: 631/4078 MS: 2 InsertByte-EraseBytes-
#1219751	REDUCE cov: 413 ft: 2806 corp: 628/323Kb lim: 4096 exec/s: 6038 rss: 609Mb L: 1820/4078 MS: 1 EraseBytes-
#1220902	REDUCE cov: 413 ft: 2806 corp: 628/323Kb lim: 4096 exec/s: 6044 rss: 609Mb L: 3733/4078 MS: 1 EraseBytes-
#1224569	REDUCE cov: 413 ft: 2806 corp: 628/323Kb lim: 4096 exec/s: 6002 rss: 609Mb L: 409/4078 MS: 1 EraseBytes-
#1228799	REDUCE cov: 413 ft: 2806 corp: 628/323Kb lim: 4096 exec/s: 5994 rss: 609Mb L: 3519/4078 MS: 1 EraseBytes-
#1231033	REDUCE cov: 413 ft: 2806 corp: 628/323Kb lim: 4096 exec/s: 5975 rss: 609Mb L: 2714/4078 MS: 3 EraseBytes-ChangeBinInt-InsertByte-
#1234111	REDUCE cov: 413 ft: 2806 corp: 628/323Kb lim: 4096 exec/s: 5961 rss: 609Mb L: 129/4078 MS: 1 EraseBytes-
#1237331	REDUCE cov: 413 ft: 2806 corp: 628/323Kb lim: 4096 exec/s: 5948 rss: 609Mb L: 428/4078 MS: 1 EraseBytes-
#1238367	REDUCE cov: 413 ft: 2806 corp: 628/323Kb lim: 4096 exec/s: 5925 rss: 609Mb L: 1165/4078 MS: 1 EraseBytes-
#1243495	REDUCE cov: 413 ft: 2806 corp: 628/323Kb lim: 4096 exec/s: 5893 rss: 609Mb L: 285/4078 MS: 1 EraseBytes-
#1247018	REDUCE cov: 413 ft: 2806 corp: 628/323Kb lim: 4096 exec/s: 5854 rss: 609Mb L: 528/4078 MS: 1 EraseBytes-
#1251605	REDUCE cov: 413 ft: 2806 corp: 628/323Kb lim: 4096 exec/s: 5821 rss: 609Mb L: 2228/4078 MS: 1 EraseBytes-
#1251646	REDUCE cov: 413 ft: 2806 corp: 628/323Kb lim: 4096 exec/s: 5821 rss: 609Mb L: 148/4078 MS: 1 EraseBytes-
#1251718	REDUCE cov: 413 ft: 2806 corp: 628/323Kb lim: 4096 exec/s: 5821 rss: 609Mb L: 3611/4078 MS: 2 PersAutoDict-EraseBytes- DE: "\000\000\000\000\000\000\000\015"-
#1252752	REDUCE cov: 413 ft: 2806 corp: 628/323Kb lim: 4096 exec/s: 5826 rss: 609Mb L: 1693/4078 MS: 1 EraseBytes-
#1254322	REDUCE cov: 413 ft: 2806 corp: 628/323Kb lim: 4096 exec/s: 5807 rss: 609Mb L: 1772/4078 MS: 5 ChangeByte-ShuffleBytes-ChangeBinInt-ChangeBinInt-EraseBytes-
#1255308	REDUCE cov: 413 ft: 2806 corp: 628/323Kb lim: 4096 exec/s: 5811 rss: 609Mb L: 2608/4078 MS: 1 EraseBytes-
#1257546	REDUCE cov: 413 ft: 2806 corp: 628/323Kb lim: 4096 exec/s: 5821 rss: 609Mb L: 676/4078 MS: 4 CopyPart-InsertByte-CrossOver-EraseBytes-
#1260922	REDUCE cov: 413 ft: 2806 corp: 628/323Kb lim: 4096 exec/s: 5810 rss: 609Mb L: 165/4078 MS: 1 EraseBytes-
#1261859	REDUCE cov: 413 ft: 2806 corp: 628/323Kb lim: 4096 exec/s: 5788 rss: 609Mb L: 187/4078 MS: 2 ChangeBit-EraseBytes-
#1264326	REDUCE cov: 413 ft: 2806 corp: 628/323Kb lim: 4096 exec/s: 5799 rss: 609Mb L: 466/4078 MS: 1 EraseBytes-
#1265112	REDUCE cov: 413 ft: 2806 corp: 628/323Kb lim: 4096 exec/s: 5776 rss: 609Mb L: 198/4078 MS: 1 EraseBytes-
#1270384	REDUCE cov: 413 ft: 2806 corp: 628/323Kb lim: 4096 exec/s: 5748 rss: 609Mb L: 471/4078 MS: 2 InsertByte-EraseBytes-
#1270925	REDUCE cov: 413 ft: 2806 corp: 628/323Kb lim: 4096 exec/s: 5750 rss: 609Mb L: 1620/4078 MS: 2 ChangeBit-EraseBytes-
#1271282	REDUCE cov: 413 ft: 2806 corp: 628/322Kb lim: 4096 exec/s: 5752 rss: 609Mb L: 1743/4078 MS: 2 CMP-EraseBytes- DE: "\003\000\000\000\000\000\000\000"-
#1272111	REDUCE cov: 413 ft: 2806 corp: 628/322Kb lim: 4096 exec/s: 5756 rss: 609Mb L: 450/4078 MS: 4 ChangeBinInt-ChangeASCIIInt-EraseBytes-EraseBytes-
#1272627	REDUCE cov: 413 ft: 2806 corp: 628/322Kb lim: 4096 exec/s: 5732 rss: 609Mb L: 2861/4078 MS: 1 EraseBytes-
#1273666	REDUCE cov: 413 ft: 2806 corp: 628/322Kb lim: 4096 exec/s: 5737 rss: 609Mb L: 269/4078 MS: 4 ShuffleBytes-CopyPart-ChangeASCIIInt-EraseBytes-
#1274768	REDUCE cov: 413 ft: 2806 corp: 628/322Kb lim: 4096 exec/s: 5742 rss: 609Mb L: 58/4078 MS: 2 ChangeBinInt-EraseBytes-
#1277507	REDUCE cov: 413 ft: 2806 corp: 628/322Kb lim: 4096 exec/s: 5703 rss: 609Mb L: 673/4078 MS: 1 EraseBytes-
#1278544	REDUCE cov: 413 ft: 2806 corp: 628/322Kb lim: 4096 exec/s: 5707 rss: 609Mb L: 314/4078 MS: 2 EraseBytes-PersAutoDict- DE: "\000\000\000\340\001O!\226"-
#1279779	REDUCE cov: 413 ft: 2806 corp: 628/322Kb lim: 4096 exec/s: 5713 rss: 609Mb L: 382/4078 MS: 2 CMP-EraseBytes- DE: "\005\000\000\000\000\000\000\000"-
#1282130	REDUCE cov: 413 ft: 2806 corp: 628/322Kb lim: 4096 exec/s: 5698 rss: 609Mb L: 1771/4078 MS: 1 EraseBytes-
#1284996	REDUCE cov: 413 ft: 2806 corp: 628/322Kb lim: 4096 exec/s: 5685 rss: 609Mb L: 581/4078 MS: 1 EraseBytes-
#1285302	REDUCE cov: 413 ft: 2806 corp: 628/322Kb lim: 4096 exec/s: 5687 rss: 609Mb L: 1764/4078 MS: 1 EraseBytes-
#1285638	REDUCE cov: 413 ft: 2806 corp: 628/322Kb lim: 4096 exec/s: 5688 rss: 609Mb L: 1280/4078 MS: 1 EraseBytes-
#1285899	REDUCE cov: 413 ft: 2806 corp: 628/322Kb lim: 4096 exec/s: 5689 rss: 609Mb L: 603/4078 MS: 1 EraseBytes-
#1287255	REDUCE cov: 413 ft: 2806 corp: 628/322Kb lim: 4096 exec/s: 5670 rss: 609Mb L: 601/4078 MS: 1 EraseBytes-
#1292536	REDUCE cov: 413 ft: 2806 corp: 628/322Kb lim: 4096 exec/s: 5644 rss: 609Mb L: 93/4078 MS: 4 ChangeBinInt-EraseBytes-PersAutoDict-PersAutoDict- DE: "\003\000"-"\000\000\000\000"-
#1292702	REDUCE cov: 413 ft: 2806 corp: 628/322Kb lim: 4096 exec/s: 5644 rss: 609Mb L: 1737/4078 MS: 1 EraseBytes-
#1295613	REDUCE cov: 413 ft: 2806 corp: 628/321Kb lim: 4096 exec/s: 5633 rss: 609Mb L: 3096/4078 MS: 3 ChangeBinInt-PersAutoDict-EraseBytes- DE: "\377\377\377\377\377\377\000\212"-
#1296100	REDUCE cov: 413 ft: 2806 corp: 628/321Kb lim: 4096 exec/s: 5635 rss: 609Mb L: 60/4078 MS: 2 ChangeBit-EraseBytes-
#1298666	REDUCE cov: 413 ft: 2806 corp: 628/321Kb lim: 4096 exec/s: 5621 rss: 609Mb L: 620/4078 MS: 1 EraseBytes-
#1299088	REDUCE cov: 413 ft: 2806 corp: 628/321Kb lim: 4096 exec/s: 5623 rss: 609Mb L: 168/4078 MS: 2 CopyPart-EraseBytes-
#1309579	REDUCE cov: 413 ft: 2806 corp: 628/321Kb lim: 4096 exec/s: 5549 rss: 609Mb L: 966/4078 MS: 2 ChangeBit-EraseBytes-
#1311170	REDUCE cov: 413 ft: 2806 corp: 628/321Kb lim: 4096 exec/s: 5532 rss: 609Mb L: 133/4078 MS: 1 EraseBytes-
#1311641	RELOAD cov: 413 ft: 2808 corp: 630/324Kb lim: 4096 exec/s: 5534 rss: 609Mb
#1311708	REDUCE cov: 413 ft: 2808 corp: 630/324Kb lim: 4096 exec/s: 5534 rss: 609Mb L: 249/4078 MS: 2 ChangeBinInt-EraseBytes-
#1312669	REDUCE cov: 413 ft: 2808 corp: 630/324Kb lim: 4096 exec/s: 5538 rss: 609Mb L: 1387/4078 MS: 1 EraseBytes-
#1313421	REDUCE cov: 413 ft: 2808 corp: 630/324Kb lim: 4096 exec/s: 5518 rss: 609Mb L: 1329/4078 MS: 2 InsertByte-CrossOver-
#1313899	REDUCE cov: 413 ft: 2808 corp: 630/324Kb lim: 4096 exec/s: 5520 rss: 609Mb L: 114/4078 MS: 3 InsertByte-ChangeBinInt-EraseBytes-
#1314429	RELOAD cov: 413 ft: 2809 corp: 631/325Kb lim: 4096 exec/s: 5522 rss: 609Mb
#1316050	REDUCE cov: 413 ft: 2809 corp: 631/325Kb lim: 4096 exec/s: 5506 rss: 609Mb L: 1323/4078 MS: 1 EraseBytes-
#1316231	REDUCE cov: 413 ft: 2809 corp: 631/325Kb lim: 4096 exec/s: 5507 rss: 609Mb L: 3216/4078 MS: 1 EraseBytes-
#1317003	REDUCE cov: 413 ft: 2809 corp: 631/325Kb lim: 4096 exec/s: 5510 rss: 609Mb L: 2383/4078 MS: 2 InsertByte-EraseBytes-
#1317096	REDUCE cov: 413 ft: 2809 corp: 631/325Kb lim: 4096 exec/s: 5510 rss: 609Mb L: 691/4078 MS: 3 ShuffleBytes-ChangeBit-EraseBytes-
#1317664	REDUCE cov: 413 ft: 2809 corp: 631/325Kb lim: 4096 exec/s: 5513 rss: 609Mb L: 170/4078 MS: 1 EraseBytes-
#1317910	REDUCE cov: 413 ft: 2809 corp: 631/325Kb lim: 4096 exec/s: 5514 rss: 609Mb L: 1355/4078 MS: 1 CrossOver-
#1318672	REDUCE cov: 413 ft: 2809 corp: 631/324Kb lim: 4096 exec/s: 5494 rss: 609Mb L: 1168/4078 MS: 2 EraseBytes-InsertByte-
#1318903	REDUCE cov: 413 ft: 2809 corp: 631/324Kb lim: 4096 exec/s: 5495 rss: 609Mb L: 894/4078 MS: 1 EraseBytes-
#1322346	REDUCE cov: 413 ft: 2809 corp: 631/324Kb lim: 4096 exec/s: 5486 rss: 609Mb L: 1547/4078 MS: 4 EraseBytes-CrossOver-ChangeBit-InsertByte-
#1325868	REDUCE cov: 413 ft: 2809 corp: 631/324Kb lim: 4096 exec/s: 5478 rss: 609Mb L: 3844/3844 MS: 1 EraseBytes-
#1327151	REDUCE cov: 413 ft: 2810 corp: 632/326Kb lim: 4096 exec/s: 5461 rss: 609Mb L: 2487/3844 MS: 2 CopyPart-CrossOver-
#1327379	REDUCE cov: 413 ft: 2810 corp: 632/326Kb lim: 4096 exec/s: 5462 rss: 609Mb L: 258/3844 MS: 3 ChangeBinInt-CrossOver-EraseBytes-
#1331467	REDUCE cov: 413 ft: 2810 corp: 632/326Kb lim: 4096 exec/s: 5456 rss: 609Mb L: 812/3844 MS: 1 EraseBytes-
#1332218	REDUCE cov: 413 ft: 2810 corp: 632/326Kb lim: 4096 exec/s: 5459 rss: 609Mb L: 914/3844 MS: 1 EraseBytes-
#1332449	REDUCE cov: 413 ft: 2810 corp: 632/326Kb lim: 4096 exec/s: 5460 rss: 609Mb L: 533/3844 MS: 3 ShuffleBytes-ChangeBinInt-EraseBytes-
#1332925	REDUCE cov: 413 ft: 2810 corp: 632/326Kb lim: 4096 exec/s: 5462 rss: 609Mb L: 1272/3844 MS: 1 EraseBytes-
#1333190	REDUCE cov: 413 ft: 2810 corp: 632/326Kb lim: 4096 exec/s: 5463 rss: 609Mb L: 807/3844 MS: 5 ChangeByte-ChangeASCIIInt-ShuffleBytes-ShuffleBytes-EraseBytes-
#1333691	REDUCE cov: 413 ft: 2810 corp: 632/326Kb lim: 4096 exec/s: 5443 rss: 609Mb L: 3644/3844 MS: 1 EraseBytes-
#1334411	REDUCE cov: 413 ft: 2810 corp: 632/326Kb lim: 4096 exec/s: 5446 rss: 609Mb L: 1118/3844 MS: 5 ChangeByte-ChangeByte-ChangeByte-ShuffleBytes-EraseBytes-
#1335049	REDUCE cov: 413 ft: 2810 corp: 632/325Kb lim: 4096 exec/s: 5449 rss: 609Mb L: 1460/3844 MS: 1 EraseBytes-
#1335257	REDUCE cov: 413 ft: 2810 corp: 632/325Kb lim: 4096 exec/s: 5450 rss: 609Mb L: 805/3844 MS: 3 ChangeByte-ChangeBit-EraseBytes-
#1335308	REDUCE cov: 413 ft: 2810 corp: 632/325Kb lim: 4096 exec/s: 5428 rss: 609Mb L: 678/3844 MS: 1 EraseBytes-
#1335368	REDUCE cov: 413 ft: 2811 corp: 633/326Kb lim: 4096 exec/s: 5428 rss: 609Mb L: 982/3844 MS: 5 CMP-CopyPart-ChangeByte-ChangeBit-CopyPart- DE: "\377\377\377\377\377\377\377\005"-
#1335765	REDUCE cov: 413 ft: 2811 corp: 633/326Kb lim: 4096 exec/s: 5429 rss: 609Mb L: 916/3844 MS: 2 InsertByte-EraseBytes-
#1337941	REDUCE cov: 413 ft: 2811 corp: 633/326Kb lim: 4096 exec/s: 5438 rss: 609Mb L: 1091/3844 MS: 1 EraseBytes-
#1338089	REDUCE cov: 413 ft: 2811 corp: 633/326Kb lim: 4096 exec/s: 5439 rss: 609Mb L: 879/3844 MS: 3 ShuffleBytes-CopyPart-EraseBytes-
#1338935	REDUCE cov: 413 ft: 2811 corp: 633/326Kb lim: 4096 exec/s: 5420 rss: 609Mb L: 193/3844 MS: 1 EraseBytes-
#1340339	REDUCE cov: 413 ft: 2811 corp: 633/326Kb lim: 4096 exec/s: 5426 rss: 609Mb L: 754/3844 MS: 4 CMP-ChangeASCIIInt-ChangeByte-EraseBytes- DE: "\003\000\000\000\000\000\000\000"-
#1342811	REDUCE cov: 413 ft: 2811 corp: 633/326Kb lim: 4096 exec/s: 5414 rss: 609Mb L: 1211/3844 MS: 2 ChangeBinInt-EraseBytes-
#1348658	REDUCE cov: 413 ft: 2811 corp: 633/326Kb lim: 4096 exec/s: 5394 rss: 609Mb L: 134/3844 MS: 1 EraseBytes-
#1350029	REDUCE cov: 413 ft: 2811 corp: 633/326Kb lim: 4096 exec/s: 5400 rss: 609Mb L: 163/3844 MS: 1 EraseBytes-
#1351549	REDUCE cov: 413 ft: 2811 corp: 633/326Kb lim: 4096 exec/s: 5384 rss: 609Mb L: 718/3844 MS: 2 ChangeBit-EraseBytes-
#1354253	REDUCE cov: 413 ft: 2811 corp: 633/326Kb lim: 4096 exec/s: 5395 rss: 609Mb L: 3634/3844 MS: 1 EraseBytes-
#1355714	REDUCE cov: 413 ft: 2811 corp: 633/326Kb lim: 4096 exec/s: 5379 rss: 609Mb L: 531/3844 MS: 1 EraseBytes-
#1356620	REDUCE cov: 413 ft: 2811 corp: 633/326Kb lim: 4096 exec/s: 5383 rss: 609Mb L: 1655/3844 MS: 2 ChangeBit-EraseBytes-
#1359141	REDUCE cov: 413 ft: 2811 corp: 633/325Kb lim: 4096 exec/s: 5372 rss: 609Mb L: 2582/3844 MS: 1 EraseBytes-
#1359708	REDUCE cov: 413 ft: 2811 corp: 633/325Kb lim: 4096 exec/s: 5374 rss: 609Mb L: 537/3844 MS: 2 ShuffleBytes-EraseBytes-
#1360069	REDUCE cov: 413 ft: 2811 corp: 633/325Kb lim: 4096 exec/s: 5354 rss: 609Mb L: 1630/3844 MS: 1 EraseBytes-
#1364404	REDUCE cov: 413 ft: 2811 corp: 633/325Kb lim: 4096 exec/s: 5350 rss: 609Mb L: 1165/3844 MS: 1 EraseBytes-
#1365070	REDUCE cov: 413 ft: 2811 corp: 633/325Kb lim: 4096 exec/s: 5353 rss: 609Mb L: 438/3844 MS: 4 InsertByte-ChangeBinInt-PersAutoDict-EraseBytes- DE: "\000\001"-
#1365753	REDUCE cov: 413 ft: 2811 corp: 633/325Kb lim: 4096 exec/s: 5334 rss: 609Mb L: 372/3844 MS: 3 ChangeASCIIInt-ChangeBit-EraseBytes-
#1366314	REDUCE cov: 413 ft: 2811 corp: 633/325Kb lim: 4096 exec/s: 5337 rss: 609Mb L: 3645/3844 MS: 1 EraseBytes-
#1366985	REDUCE cov: 413 ft: 2811 corp: 633/325Kb lim: 4096 exec/s: 5339 rss: 609Mb L: 920/3844 MS: 1 EraseBytes-
#1373332	REDUCE cov: 413 ft: 2811 corp: 633/325Kb lim: 4096 exec/s: 5322 rss: 609Mb L: 245/3844 MS: 4 ChangeBinInt-ChangeBit-InsertByte-EraseBytes-
#1373638	REDUCE cov: 413 ft: 2811 corp: 633/325Kb lim: 4096 exec/s: 5324 rss: 609Mb L: 473/3844 MS: 1 EraseBytes-
#1376797	REDUCE cov: 413 ft: 2811 corp: 633/325Kb lim: 4096 exec/s: 5315 rss: 609Mb L: 573/3844 MS: 4 ChangeBit-EraseBytes-ChangeBinInt-InsertByte-
#1377135	REDUCE cov: 413 ft: 2811 corp: 633/325Kb lim: 4096 exec/s: 5317 rss: 609Mb L: 3507/3844 MS: 3 ChangeASCIIInt-InsertByte-EraseBytes-
#1378446	REDUCE cov: 413 ft: 2811 corp: 633/325Kb lim: 4096 exec/s: 5301 rss: 609Mb L: 868/3844 MS: 4 ChangeBit-InsertByte-CopyPart-EraseBytes-
#1382439	REDUCE cov: 413 ft: 2811 corp: 633/325Kb lim: 4096 exec/s: 5296 rss: 609Mb L: 1721/3844 MS: 2 ChangeBit-EraseBytes-
#1383541	REDUCE cov: 413 ft: 2811 corp: 633/325Kb lim: 4096 exec/s: 5280 rss: 609Mb L: 168/3844 MS: 2 CMP-EraseBytes- DE: "\000\000\000\000\000\000\000\010"-
#1386818	REDUCE cov: 413 ft: 2811 corp: 633/325Kb lim: 4096 exec/s: 5273 rss: 609Mb L: 3507/3844 MS: 1 EraseBytes-
#1388797	REDUCE cov: 413 ft: 2811 corp: 633/325Kb lim: 4096 exec/s: 5260 rss: 609Mb L: 554/3844 MS: 4 ShuffleBytes-ChangeBinInt-ShuffleBytes-EraseBytes-
#1402012	REDUCE cov: 413 ft: 2811 corp: 633/324Kb lim: 4096 exec/s: 5231 rss: 609Mb L: 2314/3844 MS: 2 EraseBytes-PersAutoDict- DE: "\025\305\203\001\300\000\000\000"-
#1403535	REDUCE cov: 413 ft: 2811 corp: 633/324Kb lim: 4096 exec/s: 5237 rss: 609Mb L: 118/3844 MS: 3 InsertByte-ChangeByte-EraseBytes-
#1404326	REDUCE cov: 413 ft: 2811 corp: 633/324Kb lim: 4096 exec/s: 5240 rss: 609Mb L: 669/3844 MS: 1 EraseBytes-
#1405117	REDUCE cov: 413 ft: 2811 corp: 633/324Kb lim: 4096 exec/s: 5242 rss: 609Mb L: 2207/3844 MS: 1 EraseBytes-
#1408127	REDUCE cov: 413 ft: 2811 corp: 633/324Kb lim: 4096 exec/s: 5234 rss: 609Mb L: 452/3844 MS: 1 EraseBytes-
#1413080	REDUCE cov: 413 ft: 2811 corp: 633/324Kb lim: 4096 exec/s: 5195 rss: 609Mb L: 1897/3844 MS: 2 ChangeByte-EraseBytes-
#1413772	REDUCE cov: 413 ft: 2811 corp: 633/324Kb lim: 4096 exec/s: 5178 rss: 609Mb L: 1264/3844 MS: 2 ChangeBit-EraseBytes-
#1414309	REDUCE cov: 413 ft: 2811 corp: 633/324Kb lim: 4096 exec/s: 5180 rss: 609Mb L: 1636/3844 MS: 1 EraseBytes-
#1416471	REDUCE cov: 413 ft: 2811 corp: 633/324Kb lim: 4096 exec/s: 5169 rss: 609Mb L: 1799/3844 MS: 2 ChangeASCIIInt-EraseBytes-
#1417417	REDUCE cov: 413 ft: 2811 corp: 633/324Kb lim: 4096 exec/s: 5173 rss: 609Mb L: 1023/3844 MS: 1 EraseBytes-
#1422689	REDUCE cov: 413 ft: 2811 corp: 633/324Kb lim: 4096 exec/s: 5154 rss: 609Mb L: 1028/3844 MS: 1 EraseBytes-
#1423184	REDUCE cov: 413 ft: 2811 corp: 633/324Kb lim: 4096 exec/s: 5156 rss: 609Mb L: 319/3844 MS: 3 ChangeBit-ShuffleBytes-EraseBytes-
#1425592	REDUCE cov: 413 ft: 2811 corp: 633/324Kb lim: 4096 exec/s: 5165 rss: 609Mb L: 134/3844 MS: 3 ChangeBinInt-EraseBytes-ChangeBinInt-
#1431646	REDUCE cov: 413 ft: 2811 corp: 633/324Kb lim: 4096 exec/s: 5149 rss: 609Mb L: 1095/3844 MS: 2 ChangeASCIIInt-EraseBytes-
#1431829	REDUCE cov: 413 ft: 2811 corp: 633/324Kb lim: 4096 exec/s: 5150 rss: 609Mb L: 1130/3844 MS: 3 ShuffleBytes-EraseBytes-CrossOver-
#1432528	REDUCE cov: 413 ft: 2811 corp: 633/324Kb lim: 4096 exec/s: 5152 rss: 609Mb L: 1692/3844 MS: 4 ShuffleBytes-ChangeByte-ChangeByte-EraseBytes-
#1432949	REDUCE cov: 413 ft: 2811 corp: 633/323Kb lim: 4096 exec/s: 5136 rss: 609Mb L: 2027/3844 MS: 1 CrossOver-
#1434506	REDUCE cov: 413 ft: 2811 corp: 633/323Kb lim: 4096 exec/s: 5141 rss: 609Mb L: 185/3844 MS: 1 EraseBytes-
#1436604	REDUCE cov: 413 ft: 2811 corp: 633/323Kb lim: 4096 exec/s: 5130 rss: 609Mb L: 243/3844 MS: 1 EraseBytes-
#1437512	REDUCE cov: 413 ft: 2811 corp: 633/323Kb lim: 4096 exec/s: 5115 rss: 609Mb L: 764/3844 MS: 1 EraseBytes-
#1439115	REDUCE cov: 413 ft: 2811 corp: 633/323Kb lim: 4096 exec/s: 5103 rss: 609Mb L: 189/3844 MS: 2 EraseBytes-InsertByte-
#1440718	REDUCE cov: 413 ft: 2811 corp: 633/323Kb lim: 4096 exec/s: 5090 rss: 609Mb L: 1686/3844 MS: 1 EraseBytes-
#1441934	REDUCE cov: 413 ft: 2811 corp: 633/323Kb lim: 4096 exec/s: 5077 rss: 609Mb L: 577/3844 MS: 1 EraseBytes-
#1446641	REDUCE cov: 413 ft: 2811 corp: 633/323Kb lim: 4096 exec/s: 5075 rss: 609Mb L: 2114/3844 MS: 1 EraseBytes-
#1447699	REDUCE cov: 413 ft: 2811 corp: 633/323Kb lim: 4096 exec/s: 5061 rss: 609Mb L: 220/3844 MS: 3 EraseBytes-InsertByte-InsertByte-
#1448085	REDUCE cov: 413 ft: 2811 corp: 633/323Kb lim: 4096 exec/s: 5063 rss: 609Mb L: 495/3844 MS: 1 EraseBytes-
#1448897	REDUCE cov: 413 ft: 2811 corp: 633/323Kb lim: 4096 exec/s: 5066 rss: 609Mb L: 1113/3844 MS: 2 ChangeASCIIInt-EraseBytes-
#1449342	REDUCE cov: 413 ft: 2811 corp: 633/323Kb lim: 4096 exec/s: 5067 rss: 609Mb L: 615/3844 MS: 5 PersAutoDict-CrossOver-CMP-EraseBytes-InsertRepeatedBytes- DE: "\001\000\000\000\000\000\000\014"-"\000\000\000\000"-
#1453135	REDUCE cov: 413 ft: 2811 corp: 633/323Kb lim: 4096 exec/s: 5045 rss: 609Mb L: 1421/3844 MS: 3 CrossOver-InsertRepeatedBytes-CrossOver-
#1453180	REDUCE cov: 413 ft: 2811 corp: 633/323Kb lim: 4096 exec/s: 5045 rss: 609Mb L: 277/3844 MS: 5 ChangeByte-PersAutoDict-CMP-ChangeBinInt-EraseBytes- DE: "\000\000v/\266c\205\200"-"\377\377"-
#1454706	REDUCE cov: 413 ft: 2811 corp: 633/323Kb lim: 4096 exec/s: 5051 rss: 609Mb L: 1804/3844 MS: 1 EraseBytes-
#1454762	REDUCE cov: 413 ft: 2811 corp: 633/323Kb lim: 4096 exec/s: 5051 rss: 609Mb L: 166/3844 MS: 1 EraseBytes-
#1457333	REDUCE cov: 413 ft: 2811 corp: 633/323Kb lim: 4096 exec/s: 5042 rss: 609Mb L: 3157/3844 MS: 1 EraseBytes-
#1457715	REDUCE cov: 413 ft: 2811 corp: 633/323Kb lim: 4096 exec/s: 5043 rss: 609Mb L: 1048/3844 MS: 2 ChangeBit-EraseBytes-
#1459580	REDUCE cov: 413 ft: 2811 corp: 633/322Kb lim: 4096 exec/s: 5033 rss: 609Mb L: 1760/3844 MS: 3 ChangeASCIIInt-InsertRepeatedBytes-CrossOver-
#1460538	REDUCE cov: 413 ft: 2811 corp: 633/322Kb lim: 4096 exec/s: 5036 rss: 609Mb L: 682/3844 MS: 3 ChangeByte-ChangeByte-EraseBytes-
#1460770	REDUCE cov: 413 ft: 2811 corp: 633/322Kb lim: 4096 exec/s: 5037 rss: 609Mb L: 745/3844 MS: 2 InsertRepeatedBytes-EraseBytes-
#1466112	REDUCE cov: 413 ft: 2811 corp: 633/322Kb lim: 4096 exec/s: 5020 rss: 609Mb L: 27/3844 MS: 1 EraseBytes-
#1467054	REDUCE cov: 413 ft: 2811 corp: 633/322Kb lim: 4096 exec/s: 5007 rss: 609Mb L: 1679/3844 MS: 2 ChangeBit-EraseBytes-
#1467904	REDUCE cov: 413 ft: 2811 corp: 633/322Kb lim: 4096 exec/s: 5009 rss: 609Mb L: 2113/3844 MS: 1 EraseBytes-
#1469110	REDUCE cov: 413 ft: 2811 corp: 633/322Kb lim: 4096 exec/s: 5014 rss: 609Mb L: 993/3844 MS: 1 EraseBytes-
#1469726	REDUCE cov: 413 ft: 2811 corp: 633/322Kb lim: 4096 exec/s: 5016 rss: 609Mb L: 581/3844 MS: 1 EraseBytes-
#1471522	REDUCE cov: 413 ft: 2811 corp: 633/322Kb lim: 4096 exec/s: 5005 rss: 609Mb L: 328/3844 MS: 3 EraseBytes-ChangeByte-InsertByte-
#1472198	REDUCE cov: 413 ft: 2811 corp: 633/322Kb lim: 4096 exec/s: 5007 rss: 609Mb L: 1086/3844 MS: 1 EraseBytes-
#1473341	REDUCE cov: 413 ft: 2811 corp: 633/322Kb lim: 4096 exec/s: 4994 rss: 609Mb L: 1327/3844 MS: 3 ChangeByte-ChangeBit-EraseBytes-
#1480790	REDUCE cov: 413 ft: 2811 corp: 633/322Kb lim: 4096 exec/s: 4985 rss: 609Mb L: 625/3844 MS: 1 EraseBytes-
#1481559	REDUCE cov: 413 ft: 2811 corp: 633/322Kb lim: 4096 exec/s: 4988 rss: 609Mb L: 29/3844 MS: 4 ChangeBit-ChangeBit-ChangeASCIIInt-EraseBytes-
#1482492	REDUCE cov: 413 ft: 2811 corp: 633/322Kb lim: 4096 exec/s: 4974 rss: 609Mb L: 1693/3844 MS: 3 ChangeByte-ChangeByte-EraseBytes-
#1483709	REDUCE cov: 413 ft: 2811 corp: 633/322Kb lim: 4096 exec/s: 4978 rss: 609Mb L: 1858/3844 MS: 1 EraseBytes-
#1484675	REDUCE cov: 413 ft: 2811 corp: 633/322Kb lim: 4096 exec/s: 4982 rss: 609Mb L: 61/3844 MS: 1 EraseBytes-
#1485129	REDUCE cov: 413 ft: 2811 corp: 633/322Kb lim: 4096 exec/s: 4983 rss: 609Mb L: 429/3844 MS: 4 ChangeBit-ChangeBinInt-CopyPart-EraseBytes-
#1486005	REDUCE cov: 413 ft: 2811 corp: 633/322Kb lim: 4096 exec/s: 4969 rss: 609Mb L: 988/3844 MS: 1 EraseBytes-
#1488026	REDUCE cov: 413 ft: 2811 corp: 633/322Kb lim: 4096 exec/s: 4976 rss: 609Mb L: 21/3844 MS: 4 ShuffleBytes-ChangeBit-EraseBytes-InsertByte-
#1488859	REDUCE cov: 413 ft: 2811 corp: 633/322Kb lim: 4096 exec/s: 4962 rss: 609Mb L: 722/3844 MS: 3 ChangeBit-EraseBytes-ShuffleBytes-
#1492125	REDUCE cov: 413 ft: 2811 corp: 633/322Kb lim: 4096 exec/s: 4957 rss: 609Mb L: 1362/3844 MS: 1 EraseBytes-
#1495362	REDUCE cov: 413 ft: 2811 corp: 633/322Kb lim: 4096 exec/s: 4951 rss: 609Mb L: 994/3844 MS: 1 EraseBytes-
#1499635	REDUCE cov: 413 ft: 2811 corp: 633/321Kb lim: 4096 exec/s: 4933 rss: 609Mb L: 2076/3844 MS: 2 ShuffleBytes-EraseBytes-
#1500971	REDUCE cov: 413 ft: 2811 corp: 633/321Kb lim: 4096 exec/s: 4921 rss: 609Mb L: 2000/3844 MS: 1 EraseBytes-
#1501395	REDUCE cov: 413 ft: 2811 corp: 633/321Kb lim: 4096 exec/s: 4922 rss: 609Mb L: 405/3844 MS: 4 ChangeASCIIInt-ShuffleBytes-ShuffleBytes-EraseBytes-
#1501738	REDUCE cov: 413 ft: 2811 corp: 633/321Kb lim: 4096 exec/s: 4923 rss: 609Mb L: 3276/3844 MS: 3 InsertRepeatedBytes-PersAutoDict-EraseBytes- DE: "\024\000\000\000\000\000\000\000"-
#1511258	REDUCE cov: 413 ft: 2811 corp: 633/321Kb lim: 4096 exec/s: 4890 rss: 609Mb L: 679/3844 MS: 1 EraseBytes-
#1514183	REDUCE cov: 413 ft: 2811 corp: 633/321Kb lim: 4096 exec/s: 4884 rss: 609Mb L: 1592/3844 MS: 2 ChangeBit-EraseBytes-
#1515494	REDUCE cov: 413 ft: 2811 corp: 633/321Kb lim: 4096 exec/s: 4888 rss: 609Mb L: 759/3844 MS: 1 EraseBytes-
#1517330	REDUCE cov: 413 ft: 2811 corp: 633/321Kb lim: 4096 exec/s: 4878 rss: 609Mb L: 484/3844 MS: 1 EraseBytes-
#1520149	REDUCE cov: 413 ft: 2811 corp: 633/321Kb lim: 4096 exec/s: 4872 rss: 609Mb L: 862/3844 MS: 1 EraseBytes-
#1523605	REDUCE cov: 413 ft: 2811 corp: 633/321Kb lim: 4096 exec/s: 4852 rss: 609Mb L: 1890/3844 MS: 1 EraseBytes-
#1524661	REDUCE cov: 413 ft: 2811 corp: 633/321Kb lim: 4096 exec/s: 4855 rss: 609Mb L: 643/3844 MS: 1 EraseBytes-
#1525770	REDUCE cov: 413 ft: 2811 corp: 633/321Kb lim: 4096 exec/s: 4843 rss: 609Mb L: 2415/3844 MS: 2 CMP-EraseBytes- DE: "\000\000\000\000"-
#1526481	REDUCE cov: 413 ft: 2811 corp: 633/320Kb lim: 4096 exec/s: 4845 rss: 609Mb L: 1881/3844 MS: 1 EraseBytes-
#1526696	REDUCE cov: 413 ft: 2811 corp: 633/320Kb lim: 4096 exec/s: 4846 rss: 609Mb L: 674/3844 MS: 5 ChangeBinInt-CMP-ChangeASCIIInt-ChangeBinInt-EraseBytes- DE: "\000\000\000\000"-
#1532223	REDUCE cov: 413 ft: 2811 corp: 633/320Kb lim: 4096 exec/s: 4833 rss: 609Mb L: 305/3844 MS: 2 ChangeASCIIInt-EraseBytes-
#1532849	REDUCE cov: 413 ft: 2811 corp: 633/320Kb lim: 4096 exec/s: 4820 rss: 609Mb L: 1565/3844 MS: 1 EraseBytes-
#1536497	REDUCE cov: 413 ft: 2811 corp: 633/320Kb lim: 4096 exec/s: 4816 rss: 609Mb L: 48/3844 MS: 5 EraseBytes-ChangeASCIIInt-EraseBytes-InsertByte-CrossOver-
#1546983	REDUCE cov: 413 ft: 2811 corp: 633/320Kb lim: 4096 exec/s: 4774 rss: 609Mb L: 1084/3844 MS: 1 EraseBytes-
#1547589	REDUCE cov: 413 ft: 2811 corp: 633/320Kb lim: 4096 exec/s: 4776 rss: 609Mb L: 1235/3844 MS: 1 EraseBytes-
#1549087	REDUCE cov: 413 ft: 2811 corp: 633/320Kb lim: 4096 exec/s: 4766 rss: 609Mb L: 1866/3844 MS: 1 EraseBytes-
#1552593	REDUCE cov: 413 ft: 2811 corp: 633/320Kb lim: 4096 exec/s: 4762 rss: 609Mb L: 1017/3844 MS: 1 EraseBytes-
#1554589	REDUCE cov: 413 ft: 2811 corp: 633/320Kb lim: 4096 exec/s: 4754 rss: 609Mb L: 3461/3844 MS: 1 EraseBytes-
#1557623	REDUCE cov: 413 ft: 2811 corp: 633/320Kb lim: 4096 exec/s: 4734 rss: 609Mb L: 300/3844 MS: 2 ChangeBit-EraseBytes-
#1558615	REDUCE cov: 413 ft: 2811 corp: 633/320Kb lim: 4096 exec/s: 4737 rss: 609Mb L: 3493/3844 MS: 2 ChangeByte-EraseBytes-
#1559262	REDUCE cov: 413 ft: 2811 corp: 633/320Kb lim: 4096 exec/s: 4739 rss: 609Mb L: 74/3844 MS: 5 ChangeByte-ChangeBit-ShuffleBytes-ChangeBit-EraseBytes-
#1559963	REDUCE cov: 413 ft: 2811 corp: 633/320Kb lim: 4096 exec/s: 4727 rss: 609Mb L: 97/3844 MS: 1 EraseBytes-
#1561140	REDUCE cov: 413 ft: 2811 corp: 633/320Kb lim: 4096 exec/s: 4730 rss: 609Mb L: 964/3844 MS: 1 EraseBytes-
#1567752	REDUCE cov: 413 ft: 2811 corp: 633/319Kb lim: 4096 exec/s: 4707 rss: 609Mb L: 3373/3844 MS: 2 PersAutoDict-EraseBytes- DE: "\377\377\377\377\377\377\377\377"-
#1574574	REDUCE cov: 413 ft: 2811 corp: 633/319Kb lim: 4096 exec/s: 4686 rss: 609Mb L: 3255/3844 MS: 1 EraseBytes-
#1575146	REDUCE cov: 413 ft: 2811 corp: 633/319Kb lim: 4096 exec/s: 4674 rss: 609Mb L: 2470/3844 MS: 2 ChangeASCIIInt-EraseBytes-
#1575237	REDUCE cov: 413 ft: 2811 corp: 633/319Kb lim: 4096 exec/s: 4674 rss: 609Mb L: 619/3844 MS: 1 EraseBytes-
#1576218	REDUCE cov: 413 ft: 2811 corp: 633/319Kb lim: 4096 exec/s: 4677 rss: 609Mb L: 1123/3844 MS: 1 EraseBytes-
#1576424	REDUCE cov: 413 ft: 2811 corp: 633/319Kb lim: 4096 exec/s: 4677 rss: 609Mb L: 604/3844 MS: 1 EraseBytes-
#1576612	REDUCE cov: 413 ft: 2811 corp: 633/319Kb lim: 4096 exec/s: 4678 rss: 609Mb L: 352/3844 MS: 3 EraseBytes-InsertByte-CopyPart-
#1577479	REDUCE cov: 413 ft: 2811 corp: 633/319Kb lim: 4096 exec/s: 4667 rss: 609Mb L: 1000/3844 MS: 1 EraseBytes-
#1584026	REDUCE cov: 413 ft: 2811 corp: 633/319Kb lim: 4096 exec/s: 4645 rss: 609Mb L: 1111/3844 MS: 1 EraseBytes-
#1585521	REDUCE cov: 413 ft: 2811 corp: 633/319Kb lim: 4096 exec/s: 4636 rss: 609Mb L: 1834/3844 MS: 1 EraseBytes-
#1585692	REDUCE cov: 413 ft: 2811 corp: 633/319Kb lim: 4096 exec/s: 4636 rss: 609Mb L: 859/3844 MS: 1 EraseBytes-
#1586033	REDUCE cov: 413 ft: 2811 corp: 633/319Kb lim: 4096 exec/s: 4637 rss: 609Mb L: 1820/3844 MS: 1 EraseBytes-
#1587401	REDUCE cov: 413 ft: 2811 corp: 633/319Kb lim: 4096 exec/s: 4627 rss: 609Mb L: 3302/3844 MS: 2 ChangeBinInt-EraseBytes-
#1587983	REDUCE cov: 413 ft: 2811 corp: 633/319Kb lim: 4096 exec/s: 4629 rss: 609Mb L: 3212/3844 MS: 2 InsertByte-CrossOver-
#1589256	REDUCE cov: 413 ft: 2811 corp: 633/319Kb lim: 4096 exec/s: 4633 rss: 609Mb L: 3094/3844 MS: 2 ChangeBit-EraseBytes-
#1589463	REDUCE cov: 413 ft: 2811 corp: 633/319Kb lim: 4096 exec/s: 4620 rss: 609Mb L: 3026/3844 MS: 2 ShuffleBytes-EraseBytes-
#1591697	REDUCE cov: 413 ft: 2811 corp: 633/318Kb lim: 4096 exec/s: 4613 rss: 609Mb L: 2708/3844 MS: 1 EraseBytes-
#1592074	REDUCE cov: 413 ft: 2811 corp: 633/318Kb lim: 4096 exec/s: 4614 rss: 609Mb L: 945/3844 MS: 2 ShuffleBytes-EraseBytes-
#1593070	REDUCE cov: 413 ft: 2811 corp: 633/318Kb lim: 4096 exec/s: 4617 rss: 609Mb L: 1073/3844 MS: 1 EraseBytes-
#1593258	REDUCE cov: 413 ft: 2811 corp: 633/318Kb lim: 4096 exec/s: 4618 rss: 609Mb L: 3311/3844 MS: 3 ChangeBit-ChangeASCIIInt-EraseBytes-
#1595246	REDUCE cov: 415 ft: 2813 corp: 634/322Kb lim: 4096 exec/s: 4610 rss: 609Mb L: 3583/3844 MS: 1 CrossOver-
#1595255	REDUCE cov: 415 ft: 2813 corp: 634/322Kb lim: 4096 exec/s: 4610 rss: 609Mb L: 849/3844 MS: 4 ChangeBinInt-ChangeByte-ChangeASCIIInt-EraseBytes-
#1600504	REDUCE cov: 415 ft: 2813 corp: 634/322Kb lim: 4096 exec/s: 4599 rss: 609Mb L: 1228/3844 MS: 1 EraseBytes-
#1602059	REDUCE cov: 415 ft: 2813 corp: 634/322Kb lim: 4096 exec/s: 4590 rss: 609Mb L: 912/3844 MS: 2 ChangeBinInt-EraseBytes-
#1603695	REDUCE cov: 415 ft: 2813 corp: 634/322Kb lim: 4096 exec/s: 4581 rss: 609Mb L: 3420/3844 MS: 3 ChangeByte-ChangeBinInt-EraseBytes-
#1606345	REDUCE cov: 415 ft: 2813 corp: 634/321Kb lim: 4096 exec/s: 4576 rss: 609Mb L: 54/3844 MS: 2 ChangeBinInt-EraseBytes-
#1608068	REDUCE cov: 415 ft: 2813 corp: 634/321Kb lim: 4096 exec/s: 4568 rss: 609Mb L: 3028/3844 MS: 1 EraseBytes-
#1609710	REDUCE cov: 415 ft: 2813 corp: 634/321Kb lim: 4096 exec/s: 4560 rss: 609Mb L: 892/3844 MS: 2 PersAutoDict-EraseBytes- DE: "\377\377\377\377\377\377\377\005"-
#1610371	REDUCE cov: 415 ft: 2813 corp: 634/321Kb lim: 4096 exec/s: 4561 rss: 609Mb L: 865/3844 MS: 1 EraseBytes-
#1615556	REDUCE cov: 415 ft: 2813 corp: 634/321Kb lim: 4096 exec/s: 4538 rss: 609Mb L: 1035/3844 MS: 1 EraseBytes-
#1620519	REDUCE cov: 415 ft: 2813 corp: 634/321Kb lim: 4096 exec/s: 4526 rss: 609Mb L: 2858/3844 MS: 2 ShuffleBytes-EraseBytes-
#1622840	REDUCE cov: 415 ft: 2815 corp: 635/324Kb lim: 4096 exec/s: 4520 rss: 609Mb L: 3327/3844 MS: 3 PersAutoDict-ChangeASCIIInt-CrossOver- DE: "\377\377\377\377\377\377\377\005"-
#1623941	REDUCE cov: 415 ft: 2815 corp: 635/324Kb lim: 4096 exec/s: 4510 rss: 609Mb L: 839/3844 MS: 1 EraseBytes-
#1625665	REDUCE cov: 415 ft: 2815 corp: 635/324Kb lim: 4096 exec/s: 4503 rss: 609Mb L: 1733/3844 MS: 2 ChangeByte-EraseBytes-
#1625759	REDUCE cov: 415 ft: 2815 corp: 635/324Kb lim: 4096 exec/s: 4503 rss: 609Mb L: 3134/3844 MS: 4 InsertByte-ChangeByte-ShuffleBytes-EraseBytes-
#1628811	REDUCE cov: 415 ft: 2815 corp: 635/324Kb lim: 4096 exec/s: 4499 rss: 609Mb L: 1092/3844 MS: 2 CopyPart-EraseBytes-
#1631746	REDUCE cov: 415 ft: 2815 corp: 635/324Kb lim: 4096 exec/s: 4495 rss: 609Mb L: 1544/3844 MS: 3 EraseBytes-ShuffleBytes-CrossOver-
#1632059	REDUCE cov: 415 ft: 2815 corp: 635/324Kb lim: 4096 exec/s: 4483 rss: 609Mb L: 960/3844 MS: 3 ChangeBinInt-ChangeByte-EraseBytes-
#1632301	REDUCE cov: 415 ft: 2815 corp: 635/324Kb lim: 4096 exec/s: 4484 rss: 609Mb L: 1497/3844 MS: 2 InsertByte-EraseBytes-
#1636366	REDUCE cov: 415 ft: 2815 corp: 635/324Kb lim: 4096 exec/s: 4483 rss: 609Mb L: 1016/3844 MS: 3 CrossOver-ChangeBit-EraseBytes-
#1636572	REDUCE cov: 415 ft: 2815 corp: 635/324Kb lim: 4096 exec/s: 4471 rss: 609Mb L: 3094/3844 MS: 1 EraseBytes-
#1641554	REDUCE cov: 415 ft: 2815 corp: 635/324Kb lim: 4096 exec/s: 4460 rss: 609Mb L: 955/3844 MS: 4 ChangeByte-InsertByte-CopyPart-EraseBytes-
#1642718	REDUCE cov: 415 ft: 2815 corp: 635/324Kb lim: 4096 exec/s: 4463 rss: 609Mb L: 1282/3844 MS: 2 ChangeBit-EraseBytes-
#1647294	REDUCE cov: 415 ft: 2815 corp: 635/324Kb lim: 4096 exec/s: 4452 rss: 609Mb L: 3050/3844 MS: 1 EraseBytes-
#1648200	REDUCE cov: 415 ft: 2815 corp: 635/324Kb lim: 4096 exec/s: 4454 rss: 609Mb L: 374/3844 MS: 1 EraseBytes-
#1649400	REDUCE cov: 415 ft: 2815 corp: 635/323Kb lim: 4096 exec/s: 4445 rss: 609Mb L: 1904/3844 MS: 1 EraseBytes-
#1650801	REDUCE cov: 415 ft: 2815 corp: 635/323Kb lim: 4096 exec/s: 4437 rss: 609Mb L: 2384/3844 MS: 1 EraseBytes-
#1652243	REDUCE cov: 415 ft: 2815 corp: 635/323Kb lim: 4096 exec/s: 4441 rss: 609Mb L: 1914/3844 MS: 3 ChangeByte-ShuffleBytes-EraseBytes-
#1655605	REDUCE cov: 415 ft: 2815 corp: 635/323Kb lim: 4096 exec/s: 4426 rss: 609Mb L: 2805/3844 MS: 4 ChangeBinInt-ChangeBinInt-ShuffleBytes-EraseBytes-
#1657798	REDUCE cov: 415 ft: 2815 corp: 635/323Kb lim: 4096 exec/s: 4420 rss: 609Mb L: 2767/3844 MS: 1 EraseBytes-
#1661037	REDUCE cov: 415 ft: 2815 corp: 635/323Kb lim: 4096 exec/s: 4417 rss: 609Mb L: 2040/3844 MS: 1 EraseBytes-
#1662220	REDUCE cov: 415 ft: 2815 corp: 635/323Kb lim: 4096 exec/s: 4409 rss: 609Mb L: 2354/3844 MS: 3 ChangeByte-ChangeBit-EraseBytes-
#1663055	REDUCE cov: 415 ft: 2815 corp: 635/323Kb lim: 4096 exec/s: 4411 rss: 609Mb L: 940/3844 MS: 4 ChangeByte-ShuffleBytes-ChangeBit-EraseBytes-
#1663822	REDUCE cov: 415 ft: 2815 corp: 635/323Kb lim: 4096 exec/s: 4401 rss: 609Mb L: 2990/3844 MS: 2 ChangeByte-EraseBytes-
#1665739	REDUCE cov: 415 ft: 2815 corp: 635/323Kb lim: 4096 exec/s: 4395 rss: 609Mb L: 3541/3844 MS: 1 EraseBytes-
#1666660	REDUCE cov: 415 ft: 2815 corp: 635/323Kb lim: 4096 exec/s: 4397 rss: 609Mb L: 2332/3844 MS: 1 EraseBytes-
#1666996	REDUCE cov: 415 ft: 2815 corp: 635/322Kb lim: 4096 exec/s: 4398 rss: 609Mb L: 2484/3844 MS: 1 EraseBytes-
#1667942	REDUCE cov: 415 ft: 2815 corp: 635/322Kb lim: 4096 exec/s: 4389 rss: 609Mb L: 2967/3844 MS: 1 EraseBytes-
#1668114	REDUCE cov: 415 ft: 2815 corp: 635/322Kb lim: 4096 exec/s: 4389 rss: 609Mb L: 1046/3844 MS: 2 ChangeByte-EraseBytes-
#1673146	REDUCE cov: 415 ft: 2815 corp: 635/322Kb lim: 4096 exec/s: 4379 rss: 609Mb L: 285/3844 MS: 1 EraseBytes-
#1676646	REDUCE cov: 415 ft: 2815 corp: 635/322Kb lim: 4096 exec/s: 4377 rss: 609Mb L: 1237/3844 MS: 4 ChangeBit-ChangeBit-ChangeBinInt-EraseBytes-
#1677428	REDUCE cov: 415 ft: 2815 corp: 635/322Kb lim: 4096 exec/s: 4368 rss: 609Mb L: 436/3844 MS: 2 CopyPart-EraseBytes-
#1682693	REDUCE cov: 415 ft: 2815 corp: 635/322Kb lim: 4096 exec/s: 4359 rss: 609Mb L: 1823/3844 MS: 2 ChangeBit-EraseBytes-
#1684061	REDUCE cov: 415 ft: 2815 corp: 635/322Kb lim: 4096 exec/s: 4351 rss: 609Mb L: 1188/3844 MS: 1 EraseBytes-
#1692252	REDUCE cov: 415 ft: 2815 corp: 635/322Kb lim: 4096 exec/s: 4316 rss: 609Mb L: 1123/3844 MS: 1 EraseBytes-
#1696936	REDUCE cov: 415 ft: 2815 corp: 635/322Kb lim: 4096 exec/s: 4296 rss: 609Mb L: 1111/3844 MS: 1 EraseBytes-
#1696998	REDUCE cov: 415 ft: 2815 corp: 635/322Kb lim: 4096 exec/s: 4296 rss: 609Mb L: 447/3844 MS: 2 ShuffleBytes-EraseBytes-
#1699700	REDUCE cov: 415 ft: 2815 corp: 635/322Kb lim: 4096 exec/s: 4281 rss: 609Mb L: 812/3844 MS: 1 EraseBytes-
#1701125	REDUCE cov: 415 ft: 2815 corp: 635/322Kb lim: 4096 exec/s: 4284 rss: 609Mb L: 474/3844 MS: 4 ChangeASCIIInt-ChangeBit-ChangeBit-EraseBytes-
#1702111	REDUCE cov: 415 ft: 2815 corp: 635/322Kb lim: 4096 exec/s: 4276 rss: 609Mb L: 1230/3844 MS: 1 EraseBytes-
#1703441	REDUCE cov: 415 ft: 2815 corp: 635/321Kb lim: 4096 exec/s: 4269 rss: 609Mb L: 2097/3844 MS: 2 ShuffleBytes-EraseBytes-
#1705380	REDUCE cov: 415 ft: 2815 corp: 635/321Kb lim: 4096 exec/s: 4263 rss: 609Mb L: 554/3844 MS: 2 ChangeByte-EraseBytes-
#1707127	REDUCE cov: 415 ft: 2815 corp: 635/321Kb lim: 4096 exec/s: 4257 rss: 609Mb L: 611/3844 MS: 1 EraseBytes-
#1707438	REDUCE cov: 415 ft: 2815 corp: 635/321Kb lim: 4096 exec/s: 4257 rss: 609Mb L: 68/3844 MS: 1 EraseBytes-
#1708760	REDUCE cov: 415 ft: 2815 corp: 635/321Kb lim: 4096 exec/s: 4250 rss: 609Mb L: 910/3844 MS: 1 EraseBytes-
#1709093	REDUCE cov: 415 ft: 2815 corp: 635/321Kb lim: 4096 exec/s: 4251 rss: 609Mb L: 2455/3844 MS: 3 ChangeBinInt-PersAutoDict-EraseBytes- DE: "\000\001"-
#1710782	REDUCE cov: 415 ft: 2815 corp: 635/321Kb lim: 4096 exec/s: 4255 rss: 609Mb L: 3409/3844 MS: 3 PersAutoDict-CMP-EraseBytes- DE: "\002\000\000\000\000\000\000\000"-"\001\000\000\000"-
#1713899	REDUCE cov: 415 ft: 2815 corp: 635/321Kb lim: 4096 exec/s: 4242 rss: 609Mb L: 3322/3844 MS: 1 EraseBytes-
#1715273	REDUCE cov: 415 ft: 2815 corp: 635/321Kb lim: 4096 exec/s: 4245 rss: 609Mb L: 3249/3844 MS: 1 EraseBytes-
#1716741	REDUCE cov: 415 ft: 2815 corp: 635/321Kb lim: 4096 exec/s: 4238 rss: 609Mb L: 779/3844 MS: 3 ChangeBinInt-EraseBytes-InsertByte-
#1719348	REDUCE cov: 415 ft: 2815 corp: 635/321Kb lim: 4096 exec/s: 4234 rss: 609Mb L: 238/3844 MS: 1 EraseBytes-
#1721616	REDUCE cov: 415 ft: 2815 corp: 635/320Kb lim: 4096 exec/s: 4230 rss: 609Mb L: 1946/3844 MS: 1 EraseBytes-
#1722178	REDUCE cov: 415 ft: 2815 corp: 635/320Kb lim: 4096 exec/s: 4231 rss: 609Mb L: 286/3844 MS: 2 CMP-EraseBytes- DE: "\000\000\000\000\000\000\000\000"-
==25285== libFuzzer: run interrupted; exiting
0	REDUCE cov: 309 ft: 1515 corp: 341/87Kb lim: 4096 exec/s: 26491 rss: 602Mb L: 1085/4058 MS: 1 EraseBytes-
#5630858	REDUCE cov: 309 ft: 1515 corp: 341/87Kb lim: 4096 exec/s: 26435 rss: 602Mb L: 2486/4058 MS: 1 EraseBytes-
#5637274	REDUCE cov: 309 ft: 1515 corp: 341/87Kb lim: 4096 exec/s: 26466 rss: 602Mb L: 109/4058 MS: 1 EraseBytes-
#5637940	REDUCE cov: 309 ft: 1515 corp: 341/87Kb lim: 4096 exec/s: 26469 rss: 602Mb L: 336/4058 MS: 1 EraseBytes-
#5649436	REDUCE cov: 309 ft: 1515 corp: 341/87Kb lim: 4096 exec/s: 26523 rss: 602Mb L: 1866/4058 MS: 1 EraseBytes-
#5664662	REDUCE cov: 309 ft: 1515 corp: 341/87Kb lim: 4096 exec/s: 26470 rss: 602Mb L: 94/4058 MS: 1 EraseBytes-
#5674815	REDUCE cov: 309 ft: 1515 corp: 341/87Kb lim: 4096 exec/s: 26517 rss: 602Mb L: 2478/4058 MS: 2 ShuffleBytes-EraseBytes-
#5681777	REDUCE cov: 309 ft: 1516 corp: 342/87Kb lim: 4096 exec/s: 26426 rss: 602Mb L: 515/4058 MS: 2 ChangeBit-CopyPart-
#5686496	REDUCE cov: 309 ft: 1516 corp: 342/87Kb lim: 4096 exec/s: 26448 rss: 602Mb L: 1195/4058 MS: 4 ChangeBinInt-ChangeByte-PersAutoDict-EraseBytes- DE: "\001\000\000\000"-
#5726728	REDUCE cov: 309 ft: 1516 corp: 342/87Kb lim: 4096 exec/s: 26512 rss: 602Mb L: 443/4058 MS: 1 EraseBytes-
#5745214	REDUCE cov: 309 ft: 1516 corp: 342/87Kb lim: 4096 exec/s: 26475 rss: 602Mb L: 1082/4058 MS: 1 EraseBytes-
#5758941	REDUCE cov: 309 ft: 1516 corp: 342/87Kb lim: 4096 exec/s: 26417 rss: 602Mb L: 1139/4058 MS: 3 CMP-ChangeBit-EraseBytes- DE: "!T\004\226"-
#5760529	REDUCE cov: 309 ft: 1516 corp: 342/87Kb lim: 4096 exec/s: 26424 rss: 602Mb L: 304/4058 MS: 3 EraseBytes-ChangeASCIIInt-CopyPart-
#5780228	REDUCE cov: 309 ft: 1516 corp: 342/87Kb lim: 4096 exec/s: 26393 rss: 602Mb L: 2319/4058 MS: 3 ChangeBit-InsertByte-EraseBytes-
#5788041	REDUCE cov: 309 ft: 1516 corp: 342/87Kb lim: 4096 exec/s: 26429 rss: 602Mb L: 328/4058 MS: 1 EraseBytes-
#5788707	REDUCE cov: 309 ft: 1516 corp: 342/87Kb lim: 4096 exec/s: 26432 rss: 602Mb L: 879/4058 MS: 1 EraseBytes-
#5810674	REDUCE cov: 309 ft: 1516 corp: 342/87Kb lim: 4096 exec/s: 26412 rss: 602Mb L: 136/4058 MS: 2 ShuffleBytes-EraseBytes-
#5837713	REDUCE cov: 309 ft: 1516 corp: 342/87Kb lim: 4096 exec/s: 26296 rss: 602Mb L: 269/4058 MS: 1 EraseBytes-
#5860174	REDUCE cov: 309 ft: 1516 corp: 342/87Kb lim: 4096 exec/s: 26278 rss: 602Mb L: 263/4058 MS: 1 EraseBytes-
#5860935	REDUCE cov: 309 ft: 1516 corp: 342/87Kb lim: 4096 exec/s: 26282 rss: 602Mb L: 259/4058 MS: 1 EraseBytes-
#5866752	REDUCE cov: 309 ft: 1516 corp: 342/87Kb lim: 4096 exec/s: 26308 rss: 602Mb L: 240/4058 MS: 2 CrossOver-EraseBytes-
#5872478	REDUCE cov: 309 ft: 1516 corp: 342/87Kb lim: 4096 exec/s: 26333 rss: 602Mb L: 1110/4058 MS: 1 EraseBytes-
#5882749	REDUCE cov: 309 ft: 1516 corp: 342/87Kb lim: 4096 exec/s: 26262 rss: 602Mb L: 28/4058 MS: 1 EraseBytes-
#5888100	REDUCE cov: 309 ft: 1516 corp: 342/87Kb lim: 4096 exec/s: 26286 rss: 602Mb L: 60/4058 MS: 1 EraseBytes-
#5888766	REDUCE cov: 309 ft: 1516 corp: 342/87Kb lim: 4096 exec/s: 26289 rss: 602Mb L: 325/4058 MS: 1 EraseBytes-
#5894567	REDUCE cov: 309 ft: 1516 corp: 342/87Kb lim: 4096 exec/s: 26315 rss: 602Mb L: 608/4058 MS: 1 EraseBytes-
#5908951	REDUCE cov: 309 ft: 1516 corp: 342/87Kb lim: 4096 exec/s: 26262 rss: 602Mb L: 603/4058 MS: 1 EraseBytes-
#5942151	REDUCE cov: 309 ft: 1516 corp: 342/87Kb lim: 4096 exec/s: 26292 rss: 602Mb L: 609/4058 MS: 3 ChangeBinInt-ChangeBit-EraseBytes-
#5950961	REDUCE cov: 309 ft: 1516 corp: 342/87Kb lim: 4096 exec/s: 26331 rss: 602Mb L: 1063/4058 MS: 5 InsertByte-InsertRepeatedBytes-CopyPart-ShuffleBytes-CrossOver-
#5976264	REDUCE cov: 309 ft: 1516 corp: 342/87Kb lim: 4096 exec/s: 26327 rss: 602Mb L: 232/4058 MS: 2 ChangeBit-EraseBytes-
#5983589	REDUCE cov: 309 ft: 1516 corp: 342/87Kb lim: 4096 exec/s: 26243 rss: 602Mb L: 1181/4058 MS: 2 PersAutoDict-EraseBytes- DE: "\001\000\000\000\000\000\000\236"-
#6005591	REDUCE cov: 309 ft: 1516 corp: 342/87Kb lim: 4096 exec/s: 26225 rss: 602Mb L: 1169/4058 MS: 2 ChangeBit-EraseBytes-
#6005963	REDUCE cov: 309 ft: 1516 corp: 342/87Kb lim: 4096 exec/s: 26226 rss: 602Mb L: 1108/4058 MS: 2 PersAutoDict-EraseBytes- DE: "u\000\000\000\000\000\000\000"-
#6018494	REDUCE cov: 309 ft: 1516 corp: 342/87Kb lim: 4096 exec/s: 26281 rss: 602Mb L: 26/4058 MS: 1 EraseBytes-
#6026980	REDUCE cov: 309 ft: 1516 corp: 342/87Kb lim: 4096 exec/s: 26318 rss: 602Mb L: 58/4058 MS: 1 EraseBytes-
#6029136	REDUCE cov: 309 ft: 1516 corp: 342/87Kb lim: 4096 exec/s: 26213 rss: 602Mb L: 714/4058 MS: 1 EraseBytes-
#6047033	REDUCE cov: 309 ft: 1516 corp: 342/87Kb lim: 4096 exec/s: 26291 rss: 602Mb L: 676/4058 MS: 2 ChangeByte-EraseBytes-
#6057409	REDUCE cov: 309 ft: 1516 corp: 342/87Kb lim: 4096 exec/s: 26222 rss: 602Mb L: 211/4058 MS: 3 ShuffleBytes-CopyPart-EraseBytes-
#6062880	REDUCE cov: 309 ft: 1516 corp: 342/87Kb lim: 4096 exec/s: 26246 rss: 602Mb L: 199/4058 MS: 1 EraseBytes-
#6074251	REDUCE cov: 309 ft: 1516 corp: 342/87Kb lim: 4096 exec/s: 26295 rss: 602Mb L: 200/4058 MS: 1 EraseBytes-
#6086774	REDUCE cov: 309 ft: 1516 corp: 342/87Kb lim: 4096 exec/s: 26236 rss: 602Mb L: 324/4058 MS: 2 ChangeByte-EraseBytes-
#6090025	REDUCE cov: 309 ft: 1516 corp: 342/87Kb lim: 4096 exec/s: 26250 rss: 602Mb L: 497/4058 MS: 1 EraseBytes-
#6114742	REDUCE cov: 309 ft: 1516 corp: 342/87Kb lim: 4096 exec/s: 26243 rss: 602Mb L: 1077/4058 MS: 1 EraseBytes-
#6124189	REDUCE cov: 309 ft: 1516 corp: 342/87Kb lim: 4096 exec/s: 26284 rss: 602Mb L: 317/4058 MS: 2 ChangeByte-EraseBytes-
#6127315	REDUCE cov: 309 ft: 1516 corp: 342/87Kb lim: 4096 exec/s: 26297 rss: 602Mb L: 195/4058 MS: 1 EraseBytes-
#6130301	REDUCE cov: 309 ft: 1516 corp: 342/87Kb lim: 4096 exec/s: 26310 rss: 602Mb L: 191/4058 MS: 1 EraseBytes-
#6156282	REDUCE cov: 309 ft: 1516 corp: 342/87Kb lim: 4096 exec/s: 26308 rss: 602Mb L: 670/4058 MS: 1 EraseBytes-
#6163046	RELOAD cov: 309 ft: 1517 corp: 343/91Kb lim: 4096 exec/s: 26225 rss: 602Mb
#6167738	REDUCE cov: 309 ft: 1517 corp: 343/91Kb lim: 4096 exec/s: 26245 rss: 602Mb L: 1135/4058 MS: 2 ChangeByte-EraseBytes-
#6183694	REDUCE cov: 309 ft: 1517 corp: 343/91Kb lim: 4096 exec/s: 26313 rss: 602Mb L: 185/4058 MS: 1 EraseBytes-
#6187256	REDUCE cov: 309 ft: 1517 corp: 343/91Kb lim: 4096 exec/s: 26217 rss: 602Mb L: 57/4058 MS: 2 EraseBytes-CrossOver-
#6193335	REDUCE cov: 309 ft: 1517 corp: 343/91Kb lim: 4096 exec/s: 26242 rss: 602Mb L: 178/4058 MS: 1 EraseBytes-
#6222974	REDUCE cov: 309 ft: 1517 corp: 343/91Kb lim: 4096 exec/s: 26257 rss: 602Mb L: 47/4058 MS: 1 EraseBytes-
#6233110	REDUCE cov: 309 ft: 1517 corp: 343/91Kb lim: 4096 exec/s: 26300 rss: 602Mb L: 451/4058 MS: 1 EraseBytes-
#6241801	REDUCE cov: 309 ft: 1517 corp: 343/91Kb lim: 4096 exec/s: 26226 rss: 602Mb L: 2474/4058 MS: 1 EraseBytes-
#6243424	REDUCE cov: 309 ft: 1517 corp: 343/91Kb lim: 4096 exec/s: 26232 rss: 602Mb L: 463/4058 MS: 1 EraseBytes-
#6252806	REDUCE cov: 309 ft: 1517 corp: 343/91Kb lim: 4096 exec/s: 26272 rss: 602Mb L: 628/4058 MS: 2 ChangeBinInt-EraseBytes-
#6259452	REDUCE cov: 309 ft: 1517 corp: 343/91Kb lim: 4096 exec/s: 26300 rss: 602Mb L: 160/4058 MS: 1 EraseBytes-
#6268054	REDUCE cov: 309 ft: 1517 corp: 343/91Kb lim: 4096 exec/s: 26226 rss: 602Mb L: 600/4058 MS: 2 EraseBytes-CopyPart-
#6270396	REDUCE cov: 309 ft: 1517 corp: 343/91Kb lim: 4096 exec/s: 26235 rss: 602Mb L: 143/4058 MS: 1 EraseBytes-
#6281372	REDUCE cov: 309 ft: 1517 corp: 343/91Kb lim: 4096 exec/s: 26281 rss: 602Mb L: 593/4058 MS: 1 EraseBytes-
#6283128	REDUCE cov: 309 ft: 1517 corp: 343/91Kb lim: 4096 exec/s: 26289 rss: 602Mb L: 133/4058 MS: 1 EraseBytes-
#6299289	REDUCE cov: 309 ft: 1517 corp: 343/91Kb lim: 4096 exec/s: 26247 rss: 602Mb L: 388/4058 MS: 1 EraseBytes-
#6308487	REDUCE cov: 309 ft: 1517 corp: 343/91Kb lim: 4096 exec/s: 26285 rss: 602Mb L: 115/4058 MS: 1 EraseBytes-
#6310098	REDUCE cov: 309 ft: 1517 corp: 343/91Kb lim: 4096 exec/s: 26292 rss: 602Mb L: 132/4058 MS: 1 EraseBytes-
#6311334	REDUCE cov: 309 ft: 1517 corp: 343/91Kb lim: 4096 exec/s: 26297 rss: 602Mb L: 255/4058 MS: 1 EraseBytes-
#6318085	REDUCE cov: 309 ft: 1517 corp: 343/91Kb lim: 4096 exec/s: 26325 rss: 602Mb L: 44/4058 MS: 1 EraseBytes-
#6393132	REDUCE cov: 309 ft: 1517 corp: 343/91Kb lim: 4096 exec/s: 26309 rss: 602Mb L: 127/4058 MS: 2 ShuffleBytes-EraseBytes-
#6397823	REDUCE cov: 309 ft: 1517 corp: 343/91Kb lim: 4096 exec/s: 26328 rss: 602Mb L: 1096/4058 MS: 1 EraseBytes-
#6400769	REDUCE cov: 309 ft: 1517 corp: 343/91Kb lim: 4096 exec/s: 26340 rss: 602Mb L: 1090/4058 MS: 1 EraseBytes-
#6402660	REDUCE cov: 309 ft: 1517 corp: 343/91Kb lim: 4096 exec/s: 26240 rss: 602Mb L: 112/4058 MS: 1 EraseBytes-
#6404427	REDUCE cov: 309 ft: 1517 corp: 343/91Kb lim: 4096 exec/s: 26247 rss: 602Mb L: 1149/4058 MS: 2 CMP-EraseBytes- DE: "S\220$\240"-
#6415568	REDUCE cov: 309 ft: 1517 corp: 343/91Kb lim: 4096 exec/s: 26293 rss: 602Mb L: 384/4058 MS: 2 CopyPart-EraseBytes-
#6428874	REDUCE cov: 309 ft: 1517 corp: 343/90Kb lim: 4096 exec/s: 26347 rss: 602Mb L: 590/4058 MS: 1 EraseBytes-
#6429425	REDUCE cov: 309 ft: 1517 corp: 343/90Kb lim: 4096 exec/s: 26350 rss: 602Mb L: 114/4058 MS: 1 EraseBytes-
#6454495	REDUCE cov: 309 ft: 1517 corp: 343/90Kb lim: 4096 exec/s: 26344 rss: 602Mb L: 224/4058 MS: 1 EraseBytes-
#6455973	REDUCE cov: 309 ft: 1517 corp: 343/90Kb lim: 4096 exec/s: 26350 rss: 602Mb L: 1698/4058 MS: 3 CopyPart-CopyPart-EraseBytes-
#6460099	REDUCE cov: 309 ft: 1517 corp: 343/90Kb lim: 4096 exec/s: 26260 rss: 602Mb L: 116/4058 MS: 1 EraseBytes-
#6479049	REDUCE cov: 309 ft: 1517 corp: 343/90Kb lim: 4096 exec/s: 26337 rss: 602Mb L: 106/4058 MS: 1 EraseBytes-
#6483706	REDUCE cov: 309 ft: 1517 corp: 343/90Kb lim: 4096 exec/s: 26356 rss: 602Mb L: 64/4058 MS: 2 ShuffleBytes-EraseBytes-
#6506832	REDUCE cov: 309 ft: 1517 corp: 343/90Kb lim: 4096 exec/s: 26343 rss: 602Mb L: 198/4058 MS: 3 ShuffleBytes-PersAutoDict-EraseBytes- DE: "\000\000\000\014"-
#6506933	REDUCE cov: 309 ft: 1517 corp: 343/90Kb lim: 4096 exec/s: 26343 rss: 602Mb L: 320/4058 MS: 1 EraseBytes-
#6508614	REDUCE cov: 309 ft: 1517 corp: 343/90Kb lim: 4096 exec/s: 26350 rss: 602Mb L: 1775/4058 MS: 1 EraseBytes-
#6518574	REDUCE cov: 309 ft: 1517 corp: 343/90Kb lim: 4096 exec/s: 26284 rss: 602Mb L: 564/4058 MS: 1 EraseBytes-
#6529855	REDUCE cov: 309 ft: 1517 corp: 343/90Kb lim: 4096 exec/s: 26330 rss: 602Mb L: 556/4058 MS: 1 EraseBytes-
#6529916	REDUCE cov: 309 ft: 1517 corp: 343/90Kb lim: 4096 exec/s: 26330 rss: 602Mb L: 1127/4058 MS: 1 EraseBytes-
#6529957	REDUCE cov: 309 ft: 1517 corp: 343/90Kb lim: 4096 exec/s: 26330 rss: 602Mb L: 108/4058 MS: 1 EraseBytes-
#6550397	REDUCE cov: 309 ft: 1517 corp: 343/90Kb lim: 4096 exec/s: 26306 rss: 602Mb L: 312/4058 MS: 1 EraseBytes-
#6562993	REDUCE cov: 309 ft: 1517 corp: 343/90Kb lim: 4096 exec/s: 26251 rss: 602Mb L: 1080/4058 MS: 1 EraseBytes-
#6574620	REDUCE cov: 309 ft: 1517 corp: 343/90Kb lim: 4096 exec/s: 26298 rss: 602Mb L: 124/4058 MS: 2 EraseBytes-InsertByte-
#6586356	REDUCE cov: 309 ft: 1517 corp: 343/90Kb lim: 4096 exec/s: 26240 rss: 602Mb L: 1123/4058 MS: 1 EraseBytes-
#6593432	REDUCE cov: 309 ft: 1517 corp: 343/90Kb lim: 4096 exec/s: 26268 rss: 602Mb L: 56/4058 MS: 1 EraseBytes-
#6595504	REDUCE cov: 309 ft: 1517 corp: 343/90Kb lim: 4096 exec/s: 26276 rss: 602Mb L: 1143/4058 MS: 2 ChangeByte-EraseBytes-
#6597590	REDUCE cov: 309 ft: 1517 corp: 343/90Kb lim: 4096 exec/s: 26285 rss: 602Mb L: 38/4058 MS: 1 EraseBytes-
#6613191	REDUCE cov: 309 ft: 1517 corp: 343/90Kb lim: 4096 exec/s: 26242 rss: 602Mb L: 542/4058 MS: 1 EraseBytes-
#6613408	REDUCE cov: 309 ft: 1517 corp: 343/90Kb lim: 4096 exec/s: 26243 rss: 602Mb L: 103/4058 MS: 2 ChangeBit-EraseBytes-
#6613484	REDUCE cov: 309 ft: 1517 corp: 343/90Kb lim: 4096 exec/s: 26243 rss: 602Mb L: 101/4058 MS: 1 EraseBytes-
#6614848	REDUCE cov: 309 ft: 1517 corp: 343/90Kb lim: 4096 exec/s: 26249 rss: 602Mb L: 1131/4058 MS: 4 ChangeByte-ChangeASCIIInt-ChangeBit-EraseBytes-
#6619029	REDUCE cov: 309 ft: 1517 corp: 343/90Kb lim: 4096 exec/s: 26265 rss: 602Mb L: 20/4058 MS: 1 EraseBytes-
#6627970	REDUCE cov: 309 ft: 1517 corp: 343/90Kb lim: 4096 exec/s: 26301 rss: 602Mb L: 574/4058 MS: 1 EraseBytes-
#6632836	REDUCE cov: 309 ft: 1517 corp: 343/90Kb lim: 4096 exec/s: 26216 rss: 602Mb L: 236/4058 MS: 1 EraseBytes-
#6651327	REDUCE cov: 309 ft: 1517 corp: 343/90Kb lim: 4096 exec/s: 26289 rss: 602Mb L: 1746/4058 MS: 1 EraseBytes-
#6654928	REDUCE cov: 309 ft: 1517 corp: 343/90Kb lim: 4096 exec/s: 26304 rss: 602Mb L: 107/4058 MS: 1 EraseBytes-
#6665845	REDUCE cov: 309 ft: 1517 corp: 343/90Kb lim: 4096 exec/s: 26243 rss: 602Mb L: 458/4058 MS: 1 EraseBytes-
#6678888	REDUCE cov: 309 ft: 1517 corp: 343/90Kb lim: 4096 exec/s: 26294 rss: 602Mb L: 2307/4058 MS: 3 PersAutoDict-ChangeByte-EraseBytes- DE: "\027\200\010A"-
#6697507	REDUCE cov: 309 ft: 1518 corp: 344/90Kb lim: 4096 exec/s: 26264 rss: 602Mb L: 74/4058 MS: 1 CopyPart-
#6769435	REDUCE cov: 309 ft: 1518 corp: 344/90Kb lim: 4096 exec/s: 26238 rss: 602Mb L: 4024/4024 MS: 1 EraseBytes-
#6771586	REDUCE cov: 309 ft: 1518 corp: 344/90Kb lim: 4096 exec/s: 26246 rss: 602Mb L: 538/4024 MS: 1 EraseBytes-
#6776532	REDUCE cov: 309 ft: 1518 corp: 344/90Kb lim: 4096 exec/s: 26164 rss: 602Mb L: 104/4024 MS: 1 EraseBytes-
#6779184	REDUCE cov: 309 ft: 1518 corp: 344/90Kb lim: 4096 exec/s: 26174 rss: 602Mb L: 99/4024 MS: 2 ChangeBinInt-EraseBytes-
#6782665	REDUCE cov: 309 ft: 1518 corp: 344/90Kb lim: 4096 exec/s: 26187 rss: 602Mb L: 58/4024 MS: 1 EraseBytes-
#6789688	REDUCE cov: 309 ft: 1518 corp: 344/90Kb lim: 4096 exec/s: 26215 rss: 602Mb L: 308/4024 MS: 1 EraseBytes-
#6806341	REDUCE cov: 309 ft: 1518 corp: 344/90Kb lim: 4096 exec/s: 26178 rss: 602Mb L: 102/4024 MS: 3 ChangeBinInt-ChangeBinInt-EraseBytes-
#6813451	REDUCE cov: 309 ft: 1518 corp: 344/90Kb lim: 4096 exec/s: 26205 rss: 602Mb L: 528/4024 MS: 1 EraseBytes-
#6828250	REDUCE cov: 309 ft: 1518 corp: 344/90Kb lim: 4096 exec/s: 26161 rss: 602Mb L: 809/4024 MS: 4 CrossOver-ChangeBinInt-InsertByte-EraseBytes-
#6870900	REDUCE cov: 309 ft: 1518 corp: 344/90Kb lim: 4096 exec/s: 26224 rss: 602Mb L: 1051/4024 MS: 1 EraseBytes-
#6874702	REDUCE cov: 309 ft: 1518 corp: 344/90Kb lim: 4096 exec/s: 26239 rss: 602Mb L: 301/4024 MS: 2 EraseBytes-CopyPart-
#6876118	REDUCE cov: 309 ft: 1518 corp: 344/90Kb lim: 4096 exec/s: 26244 rss: 602Mb L: 919/4024 MS: 1 EraseBytes-
#6877979	REDUCE cov: 309 ft: 1518 corp: 344/90Kb lim: 4096 exec/s: 26251 rss: 602Mb L: 98/4024 MS: 1 EraseBytes-
#6896253	REDUCE cov: 309 ft: 1518 corp: 344/90Kb lim: 4096 exec/s: 26221 rss: 602Mb L: 289/4024 MS: 5 ChangeASCIIInt-ChangeBinInt-ShuffleBytes-ChangeByte-EraseBytes-
#6910629	REDUCE cov: 309 ft: 1518 corp: 344/90Kb lim: 4096 exec/s: 26276 rss: 602Mb L: 1163/4024 MS: 1 EraseBytes-
#6920201	REDUCE cov: 309 ft: 1518 corp: 344/90Kb lim: 4096 exec/s: 26212 rss: 602Mb L: 184/4024 MS: 2 EraseBytes-PersAutoDict- DE: "\010\000\000\000\000\000\000\000"-
#6932135	REDUCE cov: 309 ft: 1518 corp: 344/90Kb lim: 4096 exec/s: 26258 rss: 602Mb L: 94/4024 MS: 1 EraseBytes-
#6956710	REDUCE cov: 309 ft: 1518 corp: 344/90Kb lim: 4096 exec/s: 26251 rss: 602Mb L: 252/4024 MS: 1 EraseBytes-
#6967656	REDUCE cov: 309 ft: 1518 corp: 344/90Kb lim: 4096 exec/s: 26293 rss: 602Mb L: 1706/4024 MS: 1 EraseBytes-
#6971237	REDUCE cov: 309 ft: 1518 corp: 344/90Kb lim: 4096 exec/s: 26306 rss: 602Mb L: 562/4024 MS: 1 EraseBytes-
#6987078	REDUCE cov: 309 ft: 1518 corp: 344/90Kb lim: 4096 exec/s: 26267 rss: 602Mb L: 525/4024 MS: 1 EraseBytes-
#7026933	REDUCE cov: 309 ft: 1518 corp: 344/90Kb lim: 4096 exec/s: 26318 rss: 602Mb L: 1076/4024 MS: 1 EraseBytes-
#7029434	REDUCE cov: 309 ft: 1518 corp: 344/90Kb lim: 4096 exec/s: 26327 rss: 602Mb L: 121/4024 MS: 1 EraseBytes-
#7031341	REDUCE cov: 309 ft: 1518 corp: 344/90Kb lim: 4096 exec/s: 26236 rss: 602Mb L: 164/4024 MS: 2 ChangeBit-EraseBytes-
#7031772	REDUCE cov: 309 ft: 1518 corp: 344/90Kb lim: 4096 exec/s: 26237 rss: 602Mb L: 20/4024 MS: 1 EraseBytes-
#7034218	REDUCE cov: 309 ft: 1518 corp: 344/90Kb lim: 4096 exec/s: 26247 rss: 602Mb L: 1068/4024 MS: 1 EraseBytes-
#7060106	REDUCE cov: 309 ft: 1518 corp: 344/90Kb lim: 4096 exec/s: 26245 rss: 602Mb L: 1401/4024 MS: 4 EraseBytes-ShuffleBytes-ChangeBit-CopyPart-
#7060702	REDUCE cov: 309 ft: 1518 corp: 344/90Kb lim: 4096 exec/s: 26247 rss: 602Mb L: 1661/4024 MS: 1 EraseBytes-
#7075904	REDUCE cov: 309 ft: 1518 corp: 344/90Kb lim: 4096 exec/s: 26304 rss: 602Mb L: 518/4024 MS: 1 EraseBytes-
#7085040	REDUCE cov: 309 ft: 1518 corp: 344/90Kb lim: 4096 exec/s: 26338 rss: 602Mb L: 172/4024 MS: 1 EraseBytes-
#7121102	REDUCE cov: 309 ft: 1518 corp: 344/90Kb lim: 4096 exec/s: 26277 rss: 602Mb L: 1694/4024 MS: 1 EraseBytes-
#7126299	REDUCE cov: 309 ft: 1522 corp: 345/93Kb lim: 4096 exec/s: 26296 rss: 602Mb L: 3439/4024 MS: 2 CopyPart-CopyPart-
#7188819	REDUCE cov: 309 ft: 1522 corp: 345/93Kb lim: 4096 exec/s: 26236 rss: 602Mb L: 510/4024 MS: 1 EraseBytes-
#7201260	REDUCE cov: 309 ft: 1522 corp: 345/93Kb lim: 4096 exec/s: 26186 rss: 602Mb L: 441/4024 MS: 1 EraseBytes-
#7203236	REDUCE cov: 309 ft: 1522 corp: 345/93Kb lim: 4096 exec/s: 26193 rss: 602Mb L: 90/4024 MS: 1 EraseBytes-
#7203436	REDUCE cov: 309 ft: 1522 corp: 345/93Kb lim: 4096 exec/s: 26194 rss: 602Mb L: 95/4024 MS: 5 ChangeBit-PersAutoDict-ShuffleBytes-ChangeBit-EraseBytes- DE: "\037\030E\032"-
#7226059	REDUCE cov: 309 ft: 1522 corp: 345/93Kb lim: 4096 exec/s: 26181 rss: 602Mb L: 503/4024 MS: 1 EraseBytes-
#7267002	REDUCE cov: 309 ft: 1522 corp: 345/93Kb lim: 4096 exec/s: 26234 rss: 602Mb L: 453/4024 MS: 1 EraseBytes-
#7275287	REDUCE cov: 309 ft: 1522 corp: 345/93Kb lim: 4096 exec/s: 26264 rss: 602Mb L: 228/4024 MS: 1 EraseBytes-
#7292653	REDUCE cov: 309 ft: 1522 corp: 345/93Kb lim: 4096 exec/s: 26232 rss: 602Mb L: 1391/4024 MS: 1 EraseBytes-
#7313985	REDUCE cov: 309 ft: 1522 corp: 345/93Kb lim: 4096 exec/s: 26215 rss: 602Mb L: 499/4024 MS: 1 EraseBytes-
#7329998	REDUCE cov: 309 ft: 1522 corp: 345/93Kb lim: 4096 exec/s: 26272 rss: 602Mb L: 620/4024 MS: 3 ChangeBinInt-ShuffleBytes-EraseBytes-
#7340479	REDUCE cov: 309 ft: 1522 corp: 345/93Kb lim: 4096 exec/s: 26215 rss: 602Mb L: 3950/3972 MS: 1 EraseBytes-
#7346338	REDUCE cov: 309 ft: 1522 corp: 345/93Kb lim: 4096 exec/s: 26236 rss: 602Mb L: 285/3972 MS: 2 InsertRepeatedBytes-EraseBytes-
#7353311	REDUCE cov: 309 ft: 1522 corp: 345/93Kb lim: 4096 exec/s: 26168 rss: 602Mb L: 116/3972 MS: 3 ChangeByte-PersAutoDict-EraseBytes- DE: "?\000\000\000\000\000\000\000"-
#7359713	REDUCE cov: 309 ft: 1522 corp: 345/93Kb lim: 4096 exec/s: 26191 rss: 602Mb L: 3843/3950 MS: 3 ShuffleBytes-ChangeASCIIInt-EraseBytes-
#7365794	REDUCE cov: 309 ft: 1522 corp: 345/93Kb lim: 4096 exec/s: 26212 rss: 602Mb L: 493/3950 MS: 1 EraseBytes-
#7366867	REDUCE cov: 309 ft: 1522 corp: 345/93Kb lim: 4096 exec/s: 26216 rss: 602Mb L: 431/3950 MS: 3 ChangeByte-ChangeByte-EraseBytes-
#7368448	REDUCE cov: 309 ft: 1522 corp: 345/93Kb lim: 4096 exec/s: 26222 rss: 602Mb L: 1153/3950 MS: 1 EraseBytes-
#7377439	REDUCE cov: 309 ft: 1522 corp: 345/93Kb lim: 4096 exec/s: 26161 rss: 602Mb L: 471/3950 MS: 1 EraseBytes-
#7412757	REDUCE cov: 309 ft: 1522 corp: 345/93Kb lim: 4096 exec/s: 26101 rss: 602Mb L: 557/3950 MS: 1 EraseBytes-
#7429639	REDUCE cov: 309 ft: 1522 corp: 345/93Kb lim: 4096 exec/s: 26068 rss: 602Mb L: 281/3950 MS: 3 ChangeByte-PersAutoDict-EraseBytes- DE: "\377\377\377:"-
#7437900	REDUCE cov: 309 ft: 1522 corp: 345/93Kb lim: 4096 exec/s: 26097 rss: 602Mb L: 1872/3950 MS: 1 EraseBytes-
#7446045	REDUCE cov: 309 ft: 1522 corp: 345/93Kb lim: 4096 exec/s: 26126 rss: 602Mb L: 552/3950 MS: 5 InsertByte-ChangeBit-ChangeBit-ShuffleBytes-EraseBytes-
#7457246	REDUCE cov: 309 ft: 1522 corp: 345/93Kb lim: 4096 exec/s: 26074 rss: 602Mb L: 91/3950 MS: 1 EraseBytes-
#7474997	REDUCE cov: 309 ft: 1522 corp: 345/93Kb lim: 4096 exec/s: 26136 rss: 602Mb L: 1167/3950 MS: 1 EraseBytes-
#7480258	REDUCE cov: 309 ft: 1522 corp: 345/93Kb lim: 4096 exec/s: 26154 rss: 602Mb L: 277/3950 MS: 1 EraseBytes-
#7486156	REDUCE cov: 309 ft: 1522 corp: 345/93Kb lim: 4096 exec/s: 26084 rss: 602Mb L: 1060/3950 MS: 3 ShuffleBytes-ChangeByte-CrossOver-
#7489802	REDUCE cov: 309 ft: 1522 corp: 345/93Kb lim: 4096 exec/s: 26096 rss: 602Mb L: 421/3950 MS: 1 EraseBytes-
#7498583	REDUCE cov: 309 ft: 1522 corp: 345/93Kb lim: 4096 exec/s: 26127 rss: 602Mb L: 1070/3950 MS: 1 EraseBytes-
#7502852	REDUCE cov: 309 ft: 1522 corp: 345/93Kb lim: 4096 exec/s: 26142 rss: 602Mb L: 300/3950 MS: 1 EraseBytes-
#7556433	REDUCE cov: 309 ft: 1522 corp: 345/93Kb lim: 4096 exec/s: 26146 rss: 602Mb L: 1065/3950 MS: 1 CrossOver-
#7567066	REDUCE cov: 309 ft: 1522 corp: 345/93Kb lim: 4096 exec/s: 26183 rss: 602Mb L: 462/3950 MS: 1 EraseBytes-
#7568492	REDUCE cov: 309 ft: 1522 corp: 345/93Kb lim: 4096 exec/s: 26188 rss: 602Mb L: 1672/3950 MS: 1 EraseBytes-
#7614010	REDUCE cov: 309 ft: 1522 corp: 345/93Kb lim: 4096 exec/s: 26075 rss: 602Mb L: 366/3950 MS: 1 EraseBytes-
#7615946	REDUCE cov: 309 ft: 1522 corp: 345/93Kb lim: 4096 exec/s: 26082 rss: 602Mb L: 1120/3950 MS: 1 EraseBytes-
#7625622	REDUCE cov: 309 ft: 1522 corp: 345/93Kb lim: 4096 exec/s: 26115 rss: 602Mb L: 1130/3950 MS: 1 EraseBytes-
#7626128	REDUCE cov: 309 ft: 1522 corp: 345/93Kb lim: 4096 exec/s: 26116 rss: 602Mb L: 90/3950 MS: 1 EraseBytes-
#7644348	REDUCE cov: 309 ft: 1522 corp: 345/93Kb lim: 4096 exec/s: 26089 rss: 602Mb L: 57/3950 MS: 1 EraseBytes-
#7654748	REDUCE cov: 309 ft: 1522 corp: 345/93Kb lim: 4096 exec/s: 26125 rss: 602Mb L: 1058/3950 MS: 1 EraseBytes-
#7661798	REDUCE cov: 309 ft: 1522 corp: 345/93Kb lim: 4096 exec/s: 26149 rss: 602Mb L: 1123/3950 MS: 5 ChangeByte-ChangeBinInt-ChangeASCIIInt-ChangeBinInt-EraseBytes-
#7665659	REDUCE cov: 309 ft: 1522 corp: 345/93Kb lim: 4096 exec/s: 26073 rss: 602Mb L: 869/3950 MS: 1 EraseBytes-
#7667720	REDUCE cov: 309 ft: 1522 corp: 345/93Kb lim: 4096 exec/s: 26080 rss: 602Mb L: 418/3950 MS: 1 EraseBytes-
#7675426	REDUCE cov: 309 ft: 1522 corp: 345/93Kb lim: 4096 exec/s: 26106 rss: 602Mb L: 1055/3950 MS: 1 EraseBytes-
#7684876	REDUCE cov: 309 ft: 1522 corp: 345/93Kb lim: 4096 exec/s: 26139 rss: 602Mb L: 149/3950 MS: 2 ChangeBit-EraseBytes-
#7712402	REDUCE cov: 309 ft: 1522 corp: 345/93Kb lim: 4096 exec/s: 26143 rss: 602Mb L: 89/3950 MS: 1 EraseBytes-
#7714023	REDUCE cov: 309 ft: 1522 corp: 345/93Kb lim: 4096 exec/s: 26149 rss: 602Mb L: 296/3950 MS: 1 EraseBytes-
#7749245	REDUCE cov: 309 ft: 1522 corp: 345/93Kb lim: 4096 exec/s: 26179 rss: 602Mb L: 59/3950 MS: 1 EraseBytes-
#7792603	REDUCE cov: 309 ft: 1522 corp: 345/93Kb lim: 4096 exec/s: 26149 rss: 602Mb L: 548/3950 MS: 1 EraseBytes-
#7809735	REDUCE cov: 309 ft: 1522 corp: 345/93Kb lim: 4096 exec/s: 26207 rss: 602Mb L: 1155/3950 MS: 2 ChangeBit-EraseBytes-
#7820042	REDUCE cov: 309 ft: 1522 corp: 345/93Kb lim: 4096 exec/s: 26153 rss: 602Mb L: 452/3950 MS: 2 ChangeByte-EraseBytes-
#7834377	REDUCE cov: 309 ft: 1522 corp: 345/92Kb lim: 4096 exec/s: 26201 rss: 602Mb L: 70/3950 MS: 1 EraseBytes-
#7840685	REDUCE cov: 309 ft: 1522 corp: 345/92Kb lim: 4096 exec/s: 26223 rss: 602Mb L: 63/3950 MS: 3 ChangeByte-ChangeBit-EraseBytes-
#7863438	REDUCE cov: 309 ft: 1522 corp: 345/92Kb lim: 4096 exec/s: 26211 rss: 602Mb L: 84/3950 MS: 1 EraseBytes-
#7871279	REDUCE cov: 309 ft: 1522 corp: 345/92Kb lim: 4096 exec/s: 26150 rss: 602Mb L: 1151/3950 MS: 1 EraseBytes-
#7888329	REDUCE cov: 309 ft: 1522 corp: 345/92Kb lim: 4096 exec/s: 26120 rss: 602Mb L: 979/3950 MS: 1 EraseBytes-
#7894370	REDUCE cov: 309 ft: 1522 corp: 345/92Kb lim: 4096 exec/s: 26140 rss: 602Mb L: 1112/3950 MS: 1 EraseBytes-
#7897712	REDUCE cov: 309 ft: 1522 corp: 345/92Kb lim: 4096 exec/s: 26151 rss: 602Mb L: 544/3950 MS: 2 ChangeByte-EraseBytes-
#7900229	REDUCE cov: 309 ft: 1522 corp: 345/92Kb lim: 4096 exec/s: 26159 rss: 602Mb L: 113/3950 MS: 2 ChangeByte-EraseBytes-
#7922695	REDUCE cov: 309 ft: 1522 corp: 345/92Kb lim: 4096 exec/s: 26147 rss: 602Mb L: 56/3950 MS: 2 ChangeASCIIInt-EraseBytes-
#7936606	REDUCE cov: 309 ft: 1522 corp: 345/92Kb lim: 4096 exec/s: 26107 rss: 602Mb L: 292/3950 MS: 1 EraseBytes-
#7962575	REDUCE cov: 309 ft: 1522 corp: 345/92Kb lim: 4096 exec/s: 26106 rss: 602Mb L: 621/3950 MS: 3 ChangeByte-InsertByte-EraseBytes-
#7964556	REDUCE cov: 309 ft: 1522 corp: 345/92Kb lim: 4096 exec/s: 26113 rss: 602Mb L: 1049/3950 MS: 1 EraseBytes-
#7990201	REDUCE cov: 309 ft: 1522 corp: 345/92Kb lim: 4096 exec/s: 26111 rss: 602Mb L: 1038/3950 MS: 2 ChangeASCIIInt-EraseBytes-
#7997796	REDUCE cov: 309 ft: 1522 corp: 345/92Kb lim: 4096 exec/s: 26136 rss: 602Mb L: 59/3950 MS: 1 EraseBytes-
#8001712	REDUCE cov: 309 ft: 1522 corp: 345/92Kb lim: 4096 exec/s: 26064 rss: 602Mb L: 1035/3950 MS: 1 EraseBytes-
#8008758	REDUCE cov: 309 ft: 1522 corp: 345/92Kb lim: 4096 exec/s: 26087 rss: 602Mb L: 263/3950 MS: 1 EraseBytes-
#8053637	REDUCE cov: 309 ft: 1522 corp: 345/92Kb lim: 4096 exec/s: 26063 rss: 602Mb L: 1023/3950 MS: 1 EraseBytes-
#8054208	REDUCE cov: 309 ft: 1522 corp: 345/92Kb lim: 4096 exec/s: 26065 rss: 602Mb L: 1143/3950 MS: 1 EraseBytes-
#8072817	REDUCE cov: 309 ft: 1522 corp: 345/92Kb lim: 4096 exec/s: 26125 rss: 602Mb L: 3932/3932 MS: 2 CMP-EraseBytes- DE: "\276\237\377\370"-
#8077293	REDUCE cov: 309 ft: 1522 corp: 345/92Kb lim: 4096 exec/s: 26055 rss: 602Mb L: 1125/3932 MS: 1 EraseBytes-
#8100680	REDUCE cov: 309 ft: 1522 corp: 345/92Kb lim: 4096 exec/s: 26131 rss: 602Mb L: 536/3932 MS: 2 CopyPart-EraseBytes-
#8116837	REDUCE cov: 309 ft: 1522 corp: 345/92Kb lim: 4096 exec/s: 26099 rss: 602Mb L: 231/3932 MS: 1 EraseBytes-
#8119813	REDUCE cov: 309 ft: 1522 corp: 345/92Kb lim: 4096 exec/s: 26108 rss: 602Mb L: 192/3932 MS: 1 EraseBytes-
#8163295	REDUCE cov: 309 ft: 1522 corp: 345/92Kb lim: 4096 exec/s: 26164 rss: 602Mb L: 449/3932 MS: 3 ShuffleBytes-ChangeByte-EraseBytes-
#8181906	REDUCE cov: 309 ft: 1523 corp: 346/96Kb lim: 4096 exec/s: 26140 rss: 602Mb L: 4088/4088 MS: 1 CopyPart-
#8205994	REDUCE cov: 309 ft: 1523 corp: 346/96Kb lim: 4096 exec/s: 26133 rss: 602Mb L: 1086/4088 MS: 2 ChangeBinInt-EraseBytes-
#8206886	REDUCE cov: 309 ft: 1523 corp: 346/96Kb lim: 4096 exec/s: 26136 rss: 602Mb L: 1081/4088 MS: 2 ChangeBinInt-EraseBytes-
#8219948	REDUCE cov: 309 ft: 1523 corp: 346/96Kb lim: 4096 exec/s: 26095 rss: 602Mb L: 1018/4088 MS: 1 EraseBytes-
#8232366	REDUCE cov: 309 ft: 1523 corp: 346/96Kb lim: 4096 exec/s: 26051 rss: 602Mb L: 64/4088 MS: 2 ShuffleBytes-EraseBytes-
#8244962	REDUCE cov: 309 ft: 1523 corp: 346/96Kb lim: 4096 exec/s: 26091 rss: 602Mb L: 205/4088 MS: 1 EraseBytes-
#8247676	REDUCE cov: 309 ft: 1523 corp: 346/96Kb lim: 4096 exec/s: 26100 rss: 602Mb L: 184/4088 MS: 1 EraseBytes-
#8273347	REDUCE cov: 309 ft: 1523 corp: 346/96Kb lim: 4096 exec/s: 26016 rss: 602Mb L: 1107/4088 MS: 1 EraseBytes-
#8277867	REDUCE cov: 309 ft: 1523 corp: 346/96Kb lim: 4096 exec/s: 26031 rss: 602Mb L: 58/4088 MS: 5 InsertByte-ShuffleBytes-ChangeByte-ShuffleBytes-EraseBytes-
#8284234	REDUCE cov: 309 ft: 1523 corp: 346/96Kb lim: 4096 exec/s: 26051 rss: 602Mb L: 409/4088 MS: 2 InsertByte-EraseBytes-
#8305875	REDUCE cov: 309 ft: 1523 corp: 346/96Kb lim: 4096 exec/s: 26037 rss: 602Mb L: 67/4088 MS: 2 CopyPart-EraseBytes-
#8312491	REDUCE cov: 309 ft: 1523 corp: 346/96Kb lim: 4096 exec/s: 26057 rss: 602Mb L: 480/4088 MS: 1 EraseBytes-
#8313192	REDUCE cov: 309 ft: 1523 corp: 346/96Kb lim: 4096 exec/s: 26060 rss: 602Mb L: 125/4088 MS: 1 EraseBytes-
#8318108	REDUCE cov: 309 ft: 1523 corp: 346/96Kb lim: 4096 exec/s: 26075 rss: 602Mb L: 103/4088 MS: 1 EraseBytes-
#8322500	REDUCE cov: 309 ft: 1523 corp: 346/96Kb lim: 4096 exec/s: 26089 rss: 602Mb L: 1065/4088 MS: 2 ChangeBit-EraseBytes-
#8332710	REDUCE cov: 309 ft: 1525 corp: 347/96Kb lim: 4096 exec/s: 26039 rss: 602Mb L: 328/4088 MS: 1 CopyPart-
#8335708	REDUCE cov: 309 ft: 1525 corp: 347/96Kb lim: 4096 exec/s: 26049 rss: 602Mb L: 57/4088 MS: 3 ShuffleBytes-ChangeBit-EraseBytes-
#8335809	REDUCE cov: 309 ft: 1525 corp: 347/96Kb lim: 4096 exec/s: 26049 rss: 602Mb L: 526/4088 MS: 1 EraseBytes-
#8336741	REDUCE cov: 309 ft: 1525 corp: 347/96Kb lim: 4096 exec/s: 26052 rss: 602Mb L: 60/4088 MS: 2 ShuffleBytes-EraseBytes-
#8343852	REDUCE cov: 309 ft: 1525 corp: 347/96Kb lim: 4096 exec/s: 26074 rss: 602Mb L: 448/4088 MS: 1 EraseBytes-
#8350790	REDUCE cov: 309 ft: 1525 corp: 347/96Kb lim: 4096 exec/s: 26096 rss: 602Mb L: 123/4088 MS: 3 ChangeBit-ChangeBinInt-EraseBytes-
#8358167	REDUCE cov: 309 ft: 1525 corp: 347/96Kb lim: 4096 exec/s: 26119 rss: 602Mb L: 56/4088 MS: 1 EraseBytes-
#8388608	pulse  cov: 309 ft: 1525 corp: 347/96Kb lim: 4096 exec/s: 26051 rss: 602Mb
#8393733	REDUCE cov: 309 ft: 1525 corp: 347/96Kb lim: 4096 exec/s: 26067 rss: 602Mb L: 3834/4088 MS: 1 EraseBytes-
#8401611	REDUCE cov: 309 ft: 1525 corp: 347/96Kb lim: 4096 exec/s: 26091 rss: 602Mb L: 975/4088 MS: 3 CMP-ChangeByte-EraseBytes- DE: "\\\275\000\377o\001\000\000"-
#8414027	REDUCE cov: 309 ft: 1525 corp: 347/96Kb lim: 4096 exec/s: 26130 rss: 602Mb L: 1384/4088 MS: 1 EraseBytes-
#8420830	REDUCE cov: 309 ft: 1525 corp: 347/96Kb lim: 4096 exec/s: 26070 rss: 602Mb L: 60/4088 MS: 2 EraseBytes-CopyPart-
#8452576	REDUCE cov: 309 ft: 1525 corp: 347/96Kb lim: 4096 exec/s: 26088 rss: 602Mb L: 389/4088 MS: 1 EraseBytes-
#8457033	REDUCE cov: 309 ft: 1525 corp: 347/96Kb lim: 4096 exec/s: 26101 rss: 602Mb L: 102/4088 MS: 2 ChangeByte-EraseBytes-
#8457564	REDUCE cov: 309 ft: 1525 corp: 347/96Kb lim: 4096 exec/s: 26103 rss: 602Mb L: 60/4088 MS: 1 EraseBytes-
#8461795	REDUCE cov: 309 ft: 1525 corp: 347/96Kb lim: 4096 exec/s: 26116 rss: 602Mb L: 420/4088 MS: 1 EraseBytes-
#8468220	REDUCE cov: 309 ft: 1525 corp: 347/96Kb lim: 4096 exec/s: 26136 rss: 602Mb L: 59/4088 MS: 1 EraseBytes-
#8496964	REDUCE cov: 309 ft: 1525 corp: 347/96Kb lim: 4096 exec/s: 26064 rss: 602Mb L: 384/4088 MS: 1 EraseBytes-
#8499300	REDUCE cov: 309 ft: 1525 corp: 347/96Kb lim: 4096 exec/s: 26071 rss: 602Mb L: 517/4088 MS: 1 EraseBytes-
#8500431	REDUCE cov: 309 ft: 1525 corp: 347/96Kb lim: 4096 exec/s: 26074 rss: 602Mb L: 1640/4088 MS: 1 EraseBytes-
#8549811	REDUCE cov: 309 ft: 1525 corp: 347/96Kb lim: 4096 exec/s: 26066 rss: 602Mb L: 288/4088 MS: 5 ChangeByte-ShuffleBytes-ChangeBinInt-ShuffleBytes-EraseBytes-
#8560031	REDUCE cov: 309 ft: 1525 corp: 347/96Kb lim: 4096 exec/s: 26097 rss: 602Mb L: 1105/4088 MS: 2 EraseBytes-CMP- DE: "\202X\210\214"-
#8575757	REDUCE cov: 309 ft: 1525 corp: 347/96Kb lim: 4096 exec/s: 26066 rss: 602Mb L: 861/4088 MS: 1 EraseBytes-
#8579786	REDUCE cov: 309 ft: 1525 corp: 347/96Kb lim: 4096 exec/s: 26078 rss: 602Mb L: 46/4088 MS: 4 ChangeByte-CopyPart-ChangeByte-EraseBytes-
#8605029	REDUCE cov: 309 ft: 1525 corp: 347/96Kb lim: 4096 exec/s: 26075 rss: 602Mb L: 1057/4088 MS: 1 EraseBytes-
#8611948	REDUCE cov: 309 ft: 1525 corp: 347/96Kb lim: 4096 exec/s: 26017 rss: 602Mb L: 18/4088 MS: 1 EraseBytes-
#8612055	REDUCE cov: 309 ft: 1525 corp: 347/96Kb lim: 4096 exec/s: 26018 rss: 602Mb L: 199/4088 MS: 2 InsertByte-EraseBytes-
#8622641	REDUCE cov: 309 ft: 1525 corp: 347/96Kb lim: 4096 exec/s: 26050 rss: 602Mb L: 512/4088 MS: 1 EraseBytes-
#8652423	REDUCE cov: 309 ft: 1525 corp: 347/96Kb lim: 4096 exec/s: 26061 rss: 602Mb L: 82/4088 MS: 1 EraseBytes-
#8655110	REDUCE cov: 309 ft: 1525 corp: 347/96Kb lim: 4096 exec/s: 26069 rss: 602Mb L: 1399/4088 MS: 2 ChangeByte-EraseBytes-
#8655304	REDUCE cov: 309 ft: 1525 corp: 347/96Kb lim: 4096 exec/s: 26070 rss: 602Mb L: 412/4088 MS: 4 ChangeBit-ChangeBinInt-ChangeBinInt-EraseBytes-
#8671255	REDUCE cov: 309 ft: 1525 corp: 347/96Kb lim: 4096 exec/s: 26118 rss: 602Mb L: 1639/4088 MS: 1 EraseBytes-
#8673641	REDUCE cov: 309 ft: 1525 corp: 347/96Kb lim: 4096 exec/s: 26125 rss: 602Mb L: 1614/4088 MS: 1 EraseBytes-
#8679774	REDUCE cov: 309 ft: 1525 corp: 347/96Kb lim: 4096 exec/s: 26065 rss: 602Mb L: 1095/4088 MS: 1 EraseBytes-
#8710037	REDUCE cov: 309 ft: 1525 corp: 347/96Kb lim: 4096 exec/s: 26077 rss: 602Mb L: 616/4088 MS: 1 EraseBytes-
#8720698	REDUCE cov: 309 ft: 1525 corp: 347/96Kb lim: 4096 exec/s: 26109 rss: 602Mb L: 2470/4088 MS: 1 EraseBytes-
#8730609	REDUCE cov: 309 ft: 1525 corp: 347/96Kb lim: 4096 exec/s: 26139 rss: 602Mb L: 1119/4088 MS: 1 EraseBytes-
#8756808	REDUCE cov: 309 ft: 1525 corp: 347/96Kb lim: 4096 exec/s: 26139 rss: 602Mb L: 1575/4088 MS: 1 EraseBytes-
#8762339	REDUCE cov: 309 ft: 1525 corp: 347/96Kb lim: 4096 exec/s: 26156 rss: 602Mb L: 1083/4088 MS: 1 EraseBytes-
#8794447	REDUCE cov: 309 ft: 1525 corp: 347/96Kb lim: 4096 exec/s: 26173 rss: 602Mb L: 383/4088 MS: 1 EraseBytes-
#8803943	REDUCE cov: 309 ft: 1525 corp: 347/96Kb lim: 4096 exec/s: 26202 rss: 602Mb L: 1639/4088 MS: 1 EraseBytes-
#8828979	REDUCE cov: 309 ft: 1525 corp: 347/96Kb lim: 4096 exec/s: 26198 rss: 602Mb L: 487/4088 MS: 2 ShuffleBytes-EraseBytes-
#8840411	REDUCE cov: 309 ft: 1525 corp: 347/96Kb lim: 4096 exec/s: 26232 rss: 602Mb L: 1047/4088 MS: 2 ShuffleBytes-EraseBytes-
#8848521	REDUCE cov: 309 ft: 1525 corp: 347/96Kb lim: 4096 exec/s: 26179 rss: 602Mb L: 191/4088 MS: 1 EraseBytes-
#8871643	REDUCE cov: 309 ft: 1525 corp: 347/96Kb lim: 4096 exec/s: 26247 rss: 602Mb L: 486/4088 MS: 2 ChangeBit-EraseBytes-
#8893720	REDUCE cov: 309 ft: 1525 corp: 347/96Kb lim: 4096 exec/s: 26235 rss: 602Mb L: 479/4088 MS: 3 ChangeBit-CMP-EraseBytes- DE: "\000\000\000\000\000\000\000\002"-
#8930492	REDUCE cov: 309 ft: 1525 corp: 347/96Kb lim: 4096 exec/s: 26266 rss: 602Mb L: 1021/4088 MS: 1 EraseBytes-
#8959744	REDUCE cov: 309 ft: 1525 corp: 347/96Kb lim: 4096 exec/s: 26274 rss: 602Mb L: 444/4088 MS: 1 EraseBytes-
#8963653	REDUCE cov: 309 ft: 1525 corp: 347/96Kb lim: 4096 exec/s: 26286 rss: 602Mb L: 1053/4088 MS: 4 CopyPart-ChangeBinInt-ChangeByte-EraseBytes-
#8966984	REDUCE cov: 309 ft: 1525 corp: 347/96Kb lim: 4096 exec/s: 26296 rss: 602Mb L: 3855/4088 MS: 1 EraseBytes-
#8981742	REDUCE cov: 309 ft: 1525 corp: 347/96Kb lim: 4096 exec/s: 26262 rss: 602Mb L: 1009/4088 MS: 1 EraseBytes-
#8992094	REDUCE cov: 309 ft: 1525 corp: 347/96Kb lim: 4096 exec/s: 26292 rss: 602Mb L: 1627/4088 MS: 2 ShuffleBytes-EraseBytes-
#9014458	REDUCE cov: 309 ft: 1525 corp: 347/96Kb lim: 4096 exec/s: 26281 rss: 602Mb L: 974/4088 MS: 3 ChangeByte-InsertByte-EraseBytes-
#9020083	REDUCE cov: 309 ft: 1525 corp: 347/96Kb lim: 4096 exec/s: 26297 rss: 602Mb L: 48/4088 MS: 5 CopyPart-ChangeBinInt-ShuffleBytes-ChangeASCIIInt-EraseBytes-
#9032419	REDUCE cov: 309 ft: 1525 corp: 347/96Kb lim: 4096 exec/s: 26333 rss: 602Mb L: 1009/4088 MS: 1 EraseBytes-
#9039367	REDUCE cov: 309 ft: 1525 corp: 347/96Kb lim: 4096 exec/s: 26277 rss: 602Mb L: 120/4088 MS: 3 ShuffleBytes-ChangeBinInt-EraseBytes-
#9042648	REDUCE cov: 309 ft: 1525 corp: 347/96Kb lim: 4096 exec/s: 26286 rss: 602Mb L: 1049/4088 MS: 1 EraseBytes-
#9059780	REDUCE cov: 309 ft: 1525 corp: 347/96Kb lim: 4096 exec/s: 26336 rss: 602Mb L: 1116/4088 MS: 2 ChangeByte-EraseBytes-
#9060029	REDUCE cov: 309 ft: 1525 corp: 347/95Kb lim: 4096 exec/s: 26337 rss: 602Mb L: 696/4088 MS: 4 ChangeBinInt-ChangeByte-ChangeByte-EraseBytes-
#9063140	REDUCE cov: 309 ft: 1525 corp: 347/95Kb lim: 4096 exec/s: 26346 rss: 602Mb L: 1858/4088 MS: 1 EraseBytes-
#9063796	REDUCE cov: 309 ft: 1525 corp: 347/95Kb lim: 4096 exec/s: 26348 rss: 602Mb L: 461/4088 MS: 1 EraseBytes-
#9089126	REDUCE cov: 309 ft: 1525 corp: 347/95Kb lim: 4096 exec/s: 26345 rss: 602Mb L: 1382/4088 MS: 1 EraseBytes-
#9093134	REDUCE cov: 309 ft: 1525 corp: 347/95Kb lim: 4096 exec/s: 26356 rss: 602Mb L: 625/4088 MS: 3 ChangeByte-CMP-EraseBytes- DE: "\000\000\000\000\000\000\000\012"-
#9096467	REDUCE cov: 309 ft: 1525 corp: 347/95Kb lim: 4096 exec/s: 26366 rss: 602Mb L: 1565/4088 MS: 3 ChangeASCIIInt-ChangeASCIIInt-EraseBytes-
#9097403	REDUCE cov: 309 ft: 1525 corp: 347/95Kb lim: 4096 exec/s: 26369 rss: 602Mb L: 1087/4088 MS: 1 EraseBytes-
#9109911	REDUCE cov: 309 ft: 1525 corp: 347/95Kb lim: 4096 exec/s: 26329 rss: 602Mb L: 456/4088 MS: 2 ChangeBit-EraseBytes-
#9122679	REDUCE cov: 309 ft: 1525 corp: 347/95Kb lim: 4096 exec/s: 26366 rss: 602Mb L: 56/4088 MS: 3 CMP-ChangeASCIIInt-EraseBytes- DE: "\004\000\000\000\000\000\000\000"-
#9129939	REDUCE cov: 309 ft: 1525 corp: 347/95Kb lim: 4096 exec/s: 26387 rss: 602Mb L: 43/4088 MS: 5 EraseBytes-ShuffleBytes-InsertByte-CopyPart-PersAutoDict- DE: "\000\000\000\000\000\000\000\002"-
#9159393	REDUCE cov: 309 ft: 1525 corp: 347/95Kb lim: 4096 exec/s: 26395 rss: 602Mb L: 90/4088 MS: 1 EraseBytes-
#9164124	REDUCE cov: 309 ft: 1525 corp: 347/95Kb lim: 4096 exec/s: 26333 rss: 602Mb L: 1005/4088 MS: 1 EraseBytes-
#9174194	REDUCE cov: 309 ft: 1525 corp: 347/95Kb lim: 4096 exec/s: 26362 rss: 602Mb L: 148/4088 MS: 1 EraseBytes-
#9196353	REDUCE cov: 309 ft: 1525 corp: 347/95Kb lim: 4096 exec/s: 26350 rss: 602Mb L: 857/4088 MS: 1 EraseBytes-
#9203148	REDUCE cov: 309 ft: 1525 corp: 347/95Kb lim: 4096 exec/s: 26370 rss: 602Mb L: 694/4088 MS: 5 CopyPart-ChangeBit-InsertRepeatedBytes-CopyPart-EraseBytes-
#9225824	REDUCE cov: 309 ft: 1525 corp: 347/95Kb lim: 4096 exec/s: 26359 rss: 602Mb L: 187/4088 MS: 2 ChangeBit-EraseBytes-
#9257555	REDUCE cov: 309 ft: 1525 corp: 347/95Kb lim: 4096 exec/s: 26374 rss: 602Mb L: 191/4088 MS: 4 ChangeByte-PersAutoDict-ShuffleBytes-EraseBytes- DE: "!T\004\226"-
#9289714	REDUCE cov: 309 ft: 1525 corp: 347/95Kb lim: 4096 exec/s: 26316 rss: 602Mb L: 1041/4088 MS: 1 EraseBytes-
#9291212	REDUCE cov: 309 ft: 1525 corp: 347/95Kb lim: 4096 exec/s: 26320 rss: 602Mb L: 90/4088 MS: 3 ChangeBit-ChangeByte-EraseBytes-
#9294082	REDUCE cov: 309 ft: 1525 corp: 347/95Kb lim: 4096 exec/s: 26328 rss: 602Mb L: 348/4088 MS: 1 EraseBytes-
#9294776	REDUCE cov: 309 ft: 1525 corp: 347/95Kb lim: 4096 exec/s: 26330 rss: 602Mb L: 2348/4088 MS: 4 CopyPart-InsertByte-ShuffleBytes-EraseBytes-
#9312032	REDUCE cov: 309 ft: 1525 corp: 347/95Kb lim: 4096 exec/s: 26305 rss: 602Mb L: 1033/4088 MS: 1 EraseBytes-
#9328470	REDUCE cov: 309 ft: 1525 corp: 347/95Kb lim: 4096 exec/s: 26351 rss: 602Mb L: 993/4088 MS: 2 PersAutoDict-EraseBytes- DE: "\022D\000T"-
#9339501	REDUCE cov: 309 ft: 1525 corp: 347/95Kb lim: 4096 exec/s: 26308 rss: 602Mb L: 248/4088 MS: 1 EraseBytes-
#9348220	REDUCE cov: 309 ft: 1525 corp: 347/95Kb lim: 4096 exec/s: 26333 rss: 602Mb L: 689/4088 MS: 2 ChangeByte-EraseBytes-
#9400230	REDUCE cov: 309 ft: 1525 corp: 347/95Kb lim: 4096 exec/s: 26331 rss: 602Mb L: 1623/4088 MS: 1 EraseBytes-
#9443408	REDUCE cov: 309 ft: 1525 corp: 347/95Kb lim: 4096 exec/s: 26378 rss: 602Mb L: 607/4088 MS: 3 ChangeByte-CopyPart-EraseBytes-
#9450135	REDUCE cov: 309 ft: 1525 corp: 347/95Kb lim: 4096 exec/s: 26323 rss: 602Mb L: 3772/4088 MS: 2 ChangeByte-EraseBytes-
#9450207	REDUCE cov: 309 ft: 1525 corp: 347/95Kb lim: 4096 exec/s: 26323 rss: 602Mb L: 1038/4088 MS: 2 InsertByte-EraseBytes-
#9510338	REDUCE cov: 309 ft: 1525 corp: 347/95Kb lim: 4096 exec/s: 26344 rss: 602Mb L: 1549/4088 MS: 1 EraseBytes-
#9599583	REDUCE cov: 309 ft: 1525 corp: 347/95Kb lim: 4096 exec/s: 26300 rss: 602Mb L: 1523/4088 MS: 1 EraseBytes-
#9613234	REDUCE cov: 309 ft: 1525 corp: 347/95Kb lim: 4096 exec/s: 26337 rss: 602Mb L: 916/4088 MS: 1 EraseBytes-
#9613311	REDUCE cov: 309 ft: 1525 corp: 347/95Kb lim: 4096 exec/s: 26337 rss: 602Mb L: 452/4088 MS: 2 CMP-EraseBytes- DE: "\000\000\000\000"-
#9630611	REDUCE cov: 309 ft: 1525 corp: 347/95Kb lim: 4096 exec/s: 26313 rss: 602Mb L: 416/4088 MS: 1 EraseBytes-
#9637617	REDUCE cov: 309 ft: 1525 corp: 347/95Kb lim: 4096 exec/s: 26260 rss: 602Mb L: 1080/4088 MS: 1 EraseBytes-
#9638208	REDUCE cov: 309 ft: 1525 corp: 347/95Kb lim: 4096 exec/s: 26262 rss: 602Mb L: 442/4088 MS: 1 EraseBytes-
#9668506	REDUCE cov: 309 ft: 1525 corp: 347/95Kb lim: 4096 exec/s: 26273 rss: 602Mb L: 336/4088 MS: 1 EraseBytes-
#9675947	REDUCE cov: 309 ft: 1525 corp: 347/95Kb lim: 4096 exec/s: 26293 rss: 602Mb L: 318/4088 MS: 1 EraseBytes-
#9676353	REDUCE cov: 309 ft: 1525 corp: 347/95Kb lim: 4096 exec/s: 26294 rss: 602Mb L: 1061/4088 MS: 1 EraseBytes-
#9702880	REDUCE cov: 309 ft: 1525 corp: 347/95Kb lim: 4096 exec/s: 26295 rss: 602Mb L: 350/4088 MS: 2 ChangeBinInt-EraseBytes-
#9718596	REDUCE cov: 309 ft: 1525 corp: 347/95Kb lim: 4096 exec/s: 26266 rss: 602Mb L: 612/4088 MS: 4 ChangeASCIIInt-ShuffleBytes-CrossOver-EraseBytes-
#9750591	REDUCE cov: 309 ft: 1525 corp: 347/95Kb lim: 4096 exec/s: 26281 rss: 602Mb L: 52/4088 MS: 1 EraseBytes-
#9751992	REDUCE cov: 309 ft: 1525 corp: 347/95Kb lim: 4096 exec/s: 26285 rss: 602Mb L: 915/4088 MS: 1 EraseBytes-
#9769123	REDUCE cov: 309 ft: 1525 corp: 347/95Kb lim: 4096 exec/s: 26261 rss: 602Mb L: 88/4088 MS: 1 EraseBytes-
#9777794	REDUCE cov: 309 ft: 1525 corp: 347/95Kb lim: 4096 exec/s: 26213 rss: 602Mb L: 84/4088 MS: 1 EraseBytes-
#9794944	REDUCE cov: 309 ft: 1525 corp: 347/95Kb lim: 4096 exec/s: 26259 rss: 602Mb L: 46/4088 MS: 5 EraseBytes-ChangeASCIIInt-ChangeBinInt-CopyPart-PersAutoDict- DE: "%\000\000\000\000\000\000\000"-
#9804435	REDUCE cov: 309 ft: 1525 corp: 347/95Kb lim: 4096 exec/s: 26215 rss: 602Mb L: 1471/4088 MS: 1 EraseBytes-
#9817415	REDUCE cov: 309 ft: 1525 corp: 347/95Kb lim: 4096 exec/s: 26249 rss: 602Mb L: 3738/4088 MS: 3 ChangeByte-ChangeByte-EraseBytes-
#9843076	REDUCE cov: 309 ft: 1525 corp: 347/95Kb lim: 4096 exec/s: 26248 rss: 602Mb L: 1622/4088 MS: 1 EraseBytes-
#9856638	REDUCE cov: 309 ft: 1525 corp: 347/95Kb lim: 4096 exec/s: 26214 rss: 602Mb L: 2295/4088 MS: 2 PersAutoDict-EraseBytes- DE: ">\377\377\377\377\377\377\377"-
#9868200	REDUCE cov: 309 ft: 1525 corp: 347/95Kb lim: 4096 exec/s: 26245 rss: 602Mb L: 1037/4088 MS: 2 CrossOver-EraseBytes-
#9891606	REDUCE cov: 309 ft: 1525 corp: 347/95Kb lim: 4096 exec/s: 26237 rss: 602Mb L: 80/4088 MS: 1 EraseBytes-
#9936585	REDUCE cov: 309 ft: 1525 corp: 347/95Kb lim: 4096 exec/s: 26217 rss: 602Mb L: 126/4088 MS: 3 ChangeBinInt-InsertByte-EraseBytes-
#9951416	REDUCE cov: 309 ft: 1525 corp: 347/95Kb lim: 4096 exec/s: 26257 rss: 602Mb L: 155/4088 MS: 1 EraseBytes-
#9953903	REDUCE cov: 309 ft: 1525 corp: 347/95Kb lim: 4096 exec/s: 26263 rss: 602Mb L: 1052/4088 MS: 2 ChangeByte-EraseBytes-
#9964984	REDUCE cov: 309 ft: 1525 corp: 347/95Kb lim: 4096 exec/s: 26223 rss: 602Mb L: 314/4088 MS: 1 EraseBytes-
#9979622	REDUCE cov: 309 ft: 1525 corp: 347/95Kb lim: 4096 exec/s: 26262 rss: 602Mb L: 961/4088 MS: 1 EraseBytes-
#9985498	REDUCE cov: 309 ft: 1525 corp: 347/95Kb lim: 4096 exec/s: 26277 rss: 602Mb L: 440/4088 MS: 1 EraseBytes-
#9987946	REDUCE cov: 309 ft: 1525 corp: 347/95Kb lim: 4096 exec/s: 26215 rss: 602Mb L: 1031/4088 MS: 3 ShuffleBytes-PersAutoDict-EraseBytes- DE: "\237\250\002$"-
#10000606	REDUCE cov: 309 ft: 1525 corp: 347/95Kb lim: 4096 exec/s: 26248 rss: 602Mb L: 853/4088 MS: 1 EraseBytes-
#10006045	REDUCE cov: 309 ft: 1525 corp: 347/95Kb lim: 4096 exec/s: 26262 rss: 602Mb L: 381/4088 MS: 4 ChangeASCIIInt-CMP-ChangeBit-EraseBytes- DE: "#A\022\203"-
#10017942	REDUCE cov: 309 ft: 1525 corp: 347/95Kb lim: 4096 exec/s: 26224 rss: 602Mb L: 1111/4088 MS: 2 ChangeBit-EraseBytes-
#10033708	REDUCE cov: 309 ft: 1525 corp: 347/95Kb lim: 4096 exec/s: 26266 rss: 602Mb L: 852/4088 MS: 3 ChangeBit-ChangeBinInt-EraseBytes-
#10040174	REDUCE cov: 309 ft: 1525 corp: 347/95Kb lim: 4096 exec/s: 26283 rss: 602Mb L: 371/4088 MS: 1 EraseBytes-
#10056325	REDUCE cov: 309 ft: 1525 corp: 347/95Kb lim: 4096 exec/s: 26256 rss: 602Mb L: 94/4088 MS: 1 EraseBytes-
#10069786	REDUCE cov: 309 ft: 1525 corp: 347/95Kb lim: 4096 exec/s: 26291 rss: 602Mb L: 1022/4088 MS: 2 InsertByte-EraseBytes-
#10076207	REDUCE cov: 309 ft: 1525 corp: 347/95Kb lim: 4096 exec/s: 26308 rss: 602Mb L: 1463/4088 MS: 1 EraseBytes-
#10077793	REDUCE cov: 309 ft: 1525 corp: 347/95Kb lim: 4096 exec/s: 26244 rss: 602Mb L: 2290/4088 MS: 1 EraseBytes-
#10090976	REDUCE cov: 309 ft: 1525 corp: 347/95Kb lim: 4096 exec/s: 26278 rss: 602Mb L: 284/4088 MS: 3 ChangeBit-ShuffleBytes-EraseBytes-
#10101693	REDUCE cov: 309 ft: 1525 corp: 347/95Kb lim: 4096 exec/s: 26306 rss: 602Mb L: 848/4088 MS: 1 EraseBytes-
#10117729	REDUCE cov: 309 ft: 1525 corp: 347/95Kb lim: 4096 exec/s: 26279 rss: 602Mb L: 280/4088 MS: 1 EraseBytes-
#10141496	REDUCE cov: 309 ft: 1525 corp: 347/95Kb lim: 4096 exec/s: 26273 rss: 602Mb L: 22/4088 MS: 1 EraseBytes-
#10141557	REDUCE cov: 309 ft: 1525 corp: 347/94Kb lim: 4096 exec/s: 26273 rss: 602Mb L: 3708/4088 MS: 1 EraseBytes-
#10158585	REDUCE cov: 309 ft: 1525 corp: 347/94Kb lim: 4096 exec/s: 26317 rss: 602Mb L: 302/4088 MS: 1 EraseBytes-
#10202444	REDUCE cov: 309 ft: 1525 corp: 347/94Kb lim: 4096 exec/s: 26227 rss: 602Mb L: 957/4088 MS: 2 ChangeBit-EraseBytes-
#10230585	REDUCE cov: 309 ft: 1525 corp: 347/94Kb lim: 4096 exec/s: 26232 rss: 602Mb L: 1422/4088 MS: 2 PersAutoDict-EraseBytes- DE: "#@\2008"-
#10243566	REDUCE cov: 309 ft: 1525 corp: 347/94Kb lim: 4096 exec/s: 26198 rss: 602Mb L: 1014/4088 MS: 5 ChangeASCIIInt-ChangeBit-ChangeBit-ChangeBit-EraseBytes-
#10258818	REDUCE cov: 309 ft: 1525 corp: 347/94Kb lim: 4096 exec/s: 26237 rss: 602Mb L: 86/4088 MS: 1 EraseBytes-
#10306970	REDUCE cov: 309 ft: 1525 corp: 347/94Kb lim: 4096 exec/s: 26159 rss: 602Mb L: 147/4088 MS: 5 EraseBytes-ChangeBit-ChangeByte-ChangeByte-CopyPart-
#10320516	REDUCE cov: 309 ft: 1525 corp: 347/94Kb lim: 4096 exec/s: 26127 rss: 602Mb L: 84/4088 MS: 1 EraseBytes-
#10322737	REDUCE cov: 309 ft: 1525 corp: 347/94Kb lim: 4096 exec/s: 26133 rss: 602Mb L: 297/4088 MS: 1 EraseBytes-
#10326268	REDUCE cov: 309 ft: 1525 corp: 347/94Kb lim: 4096 exec/s: 26142 rss: 602Mb L: 1006/4088 MS: 1 EraseBytes-
#10335240	REDUCE cov: 309 ft: 1525 corp: 347/94Kb lim: 4096 exec/s: 26165 rss: 602Mb L: 1003/4088 MS: 2 ChangeBinInt-EraseBytes-
#10338093	REDUCE cov: 309 ft: 1525 corp: 347/94Kb lim: 4096 exec/s: 26172 rss: 602Mb L: 604/4088 MS: 1 EraseBytes-
#10348992	REDUCE cov: 309 ft: 1525 corp: 347/94Kb lim: 4096 exec/s: 26133 rss: 602Mb L: 1844/4088 MS: 4 ChangeBinInt-ChangeByte-ChangeByte-EraseBytes-
#10366848	REDUCE cov: 309 ft: 1525 corp: 347/94Kb lim: 4096 exec/s: 26178 rss: 602Mb L: 143/4088 MS: 1 EraseBytes-
#10407983	REDUCE cov: 309 ft: 1525 corp: 347/94Kb lim: 4096 exec/s: 26150 rss: 602Mb L: 898/4088 MS: 3 ShuffleBytes-PersAutoDict-EraseBytes- DE: "\000\000\000\000\000\000\000\020"-
#10422394	REDUCE cov: 309 ft: 1525 corp: 347/94Kb lim: 4096 exec/s: 26186 rss: 602Mb L: 387/4088 MS: 1 EraseBytes-
#10425430	REDUCE cov: 309 ft: 1525 corp: 347/94Kb lim: 4096 exec/s: 26194 rss: 602Mb L: 80/4088 MS: 1 EraseBytes-
#10433959	REDUCE cov: 309 ft: 1525 corp: 347/94Kb lim: 4096 exec/s: 26215 rss: 602Mb L: 437/4088 MS: 1 EraseBytes-
#10441468	REDUCE cov: 309 ft: 1525 corp: 347/94Kb lim: 4096 exec/s: 26169 rss: 602Mb L: 965/4088 MS: 4 ChangeBinInt-EraseBytes-ChangeByte-CopyPart-
#10447199	REDUCE cov: 309 ft: 1525 corp: 347/94Kb lim: 4096 exec/s: 26183 rss: 602Mb L: 427/4088 MS: 1 EraseBytes-
#10448940	REDUCE cov: 309 ft: 1525 corp: 347/94Kb lim: 4096 exec/s: 26187 rss: 602Mb L: 1364/4088 MS: 1 EraseBytes-
#10452926	REDUCE cov: 309 ft: 1525 corp: 347/94Kb lim: 4096 exec/s: 26197 rss: 602Mb L: 436/4088 MS: 1 EraseBytes-
#10487479	REDUCE cov: 309 ft: 1525 corp: 347/94Kb lim: 4096 exec/s: 26218 rss: 602Mb L: 422/4088 MS: 2 ChangeBit-EraseBytes-
#10515950	REDUCE cov: 309 ft: 1525 corp: 347/94Kb lim: 4096 exec/s: 26224 rss: 602Mb L: 838/4088 MS: 3 ShuffleBytes-ShuffleBytes-EraseBytes-
#10533910	REDUCE cov: 309 ft: 1525 corp: 347/94Kb lim: 4096 exec/s: 26203 rss: 602Mb L: 246/4088 MS: 1 EraseBytes-
#10552663	REDUCE cov: 309 ft: 1525 corp: 347/94Kb lim: 4096 exec/s: 26185 rss: 602Mb L: 434/4088 MS: 1 EraseBytes-
#10614401	REDUCE cov: 309 ft: 1525 corp: 347/94Kb lim: 4096 exec/s: 26143 rss: 602Mb L: 118/4088 MS: 1 EraseBytes-
#10619735	REDUCE cov: 309 ft: 1525 corp: 347/94Kb lim: 4096 exec/s: 26156 rss: 602Mb L: 1073/4088 MS: 5 InsertByte-EraseBytes-ChangeByte-ChangeByte-CopyPart-
#10627761	REDUCE cov: 309 ft: 1525 corp: 347/94Kb lim: 4096 exec/s: 26112 rss: 602Mb L: 45/4088 MS: 1 EraseBytes-
#10628162	REDUCE cov: 309 ft: 1525 corp: 347/94Kb lim: 4096 exec/s: 26113 rss: 602Mb L: 1107/4088 MS: 1 EraseBytes-
#10663531	REDUCE cov: 309 ft: 1525 corp: 347/94Kb lim: 4096 exec/s: 26136 rss: 602Mb L: 44/4088 MS: 1 EraseBytes-
#10682159	REDUCE cov: 309 ft: 1525 corp: 347/94Kb lim: 4096 exec/s: 26117 rss: 602Mb L: 1391/4088 MS: 1 EraseBytes-
#10684965	REDUCE cov: 309 ft: 1525 corp: 347/94Kb lim: 4096 exec/s: 26124 rss: 602Mb L: 292/4088 MS: 1 EraseBytes-
#10685011	REDUCE cov: 309 ft: 1525 corp: 347/94Kb lim: 4096 exec/s: 26124 rss: 602Mb L: 995/4088 MS: 1 EraseBytes-
==25239== libFuzzer: run interrupted; exiting
